URL,Source Page,Timestamp,Page Number
https://www.foxtons.co.uk/properties-for-sale/e4/chpk4890901,https://www.foxtons.co.uk/flats-for-sale/london?page=26,2025-06-13 21:12:18,26
https://www.foxtons.co.uk/properties-for-sale/e4/nwca6199572,https://www.foxtons.co.uk/properties-for-sale/london?page=22,2025-06-13 21:20:21,22
https://www.foxtons.co.uk/properties-for-sale/e4/nwca6199573,https://www.foxtons.co.uk/houses-for-sale/london?page=6,2025-06-13 21:06:25,6
https://www.foxtons.co.uk/properties-for-sale/e4/nwca6199574,https://www.foxtons.co.uk/houses-for-sale/london?page=6,2025-06-13 21:06:25,6
https://www.foxtons.co.uk/properties-for-sale/e5/chpk1218447,https://www.foxtons.co.uk/flats-for-sale/london?page=40,2025-06-13 21:13:37,40
https://www.foxtons.co.uk/properties-for-sale/e5/chpk3189939,https://www.foxtons.co.uk/flats-for-sale/london?page=23,2025-06-13 21:12:01,23
https://www.foxtons.co.uk/properties-for-sale/e5/chpk3195390,https://www.foxtons.co.uk/flats-for-sale/london?page=31,2025-06-13 21:12:46,31
https://www.foxtons.co.uk/properties-for-sale/e5/chpk3196301,https://www.foxtons.co.uk/houses-for-sale/london?page=9,2025-06-13 21:07:22,9
https://www.foxtons.co.uk/properties-for-sale/e5/chpk3201039,https://www.foxtons.co.uk/houses-for-sale/london?page=2,2025-06-13 21:05:20,2
https://www.foxtons.co.uk/properties-for-sale/e5/chpk3210493,https://www.foxtons.co.uk/properties-for-sale/london?page=8,2025-06-13 21:18:39,8
https://www.foxtons.co.uk/properties-for-sale/e5/chpk3213281,https://www.foxtons.co.uk/properties-for-sale/london?page=8,2025-06-13 21:18:39,8
https://www.foxtons.co.uk/properties-for-sale/e5/chpk3596612,https://www.foxtons.co.uk/flats-for-sale/london?page=19,2025-06-13 21:11:39,19
https://www.foxtons.co.uk/properties-for-sale/e5/chpk3668191,https://www.foxtons.co.uk/flats-for-sale/london?page=22,2025-06-13 21:11:56,22
https://www.foxtons.co.uk/properties-for-sale/e5/chpk4072004,https://www.foxtons.co.uk/flats-for-sale/london?page=31,2025-06-13 21:12:46,31
https://www.foxtons.co.uk/properties-for-sale/e5/chpk4650403,https://www.foxtons.co.uk/flats-for-sale/london?page=18,2025-06-13 21:11:34,18
https://www.foxtons.co.uk/properties-for-sale/e5/chpk5164537,https://www.foxtons.co.uk/houses-for-sale/london?page=3,2025-06-13 21:05:38,3
https://www.foxtons.co.uk/properties-for-sale/e5/isln0105015,https://www.foxtons.co.uk/flats-for-sale/london?page=15,2025-06-13 21:11:17,15
https://www.foxtons.co.uk/properties-for-sale/e5/isln0182065,https://www.foxtons.co.uk/flats-for-sale/london?page=42,2025-06-13 21:13:48,42
https://www.foxtons.co.uk/properties-for-sale/e5/ptny5229514,https://www.foxtons.co.uk/flats-for-sale/london?page=17,2025-06-13 21:11:29,17
https://www.foxtons.co.uk/properties-for-sale/e6/chpk1316078,https://www.foxtons.co.uk/flats-for-sale/london?page=50,2025-06-13 21:15:33,50
https://www.foxtons.co.uk/properties-for-sale/e6/chpk3159565,https://www.foxtons.co.uk/flats-for-sale/london?page=54,2025-06-13 21:17:43,54
https://www.foxtons.co.uk/properties-for-sale/e6/chpk3161910,https://www.foxtons.co.uk/houses-for-sale/london?page=12,2025-06-13 21:09:46,12
https://www.foxtons.co.uk/properties-for-sale/e6/chpk3164414,https://www.foxtons.co.uk/houses-for-sale/london?page=13,2025-06-13 21:09:51,13
https://www.foxtons.co.uk/properties-for-sale/e6/chpk3164422,https://www.foxtons.co.uk/houses-for-sale/london?page=13,2025-06-13 21:09:51,13
https://www.foxtons.co.uk/properties-for-sale/e6/chpk3167165,https://www.foxtons.co.uk/houses-for-sale/london?page=13,2025-06-13 21:09:51,13
https://www.foxtons.co.uk/properties-for-sale/e6/chpk3170646,https://www.foxtons.co.uk/flats-for-sale/london?page=48,2025-06-13 21:14:37,48
https://www.foxtons.co.uk/properties-for-sale/e6/chpk3171106,https://www.foxtons.co.uk/flats-for-sale/london?page=53,2025-06-13 21:17:34,53
https://www.foxtons.co.uk/properties-for-sale/e6/chpk3175435,https://www.foxtons.co.uk/flats-for-sale/london?page=48,2025-06-13 21:14:37,48
https://www.foxtons.co.uk/properties-for-sale/e6/chpk3180175,https://www.foxtons.co.uk/flats-for-sale/london?page=50,2025-06-13 21:15:33,50
https://www.foxtons.co.uk/properties-for-sale/e6/chpk3184523,https://www.foxtons.co.uk/houses-for-sale/london?page=13,2025-06-13 21:09:51,13
https://www.foxtons.co.uk/properties-for-sale/e6/chpk3185130,https://www.foxtons.co.uk/houses-for-sale/london?page=11,2025-06-13 21:09:41,11
https://www.foxtons.co.uk/properties-for-sale/e6/chpk3185311,https://www.foxtons.co.uk/houses-for-sale/london?page=9,2025-06-13 21:07:22,9
https://www.foxtons.co.uk/properties-for-sale/e6/chpk3186923,https://www.foxtons.co.uk/houses-for-sale/london?page=13,2025-06-13 21:09:51,13
https://www.foxtons.co.uk/properties-for-sale/e6/chpk3189617,https://www.foxtons.co.uk/flats-for-sale/london?page=50,2025-06-13 21:15:33,50
https://www.foxtons.co.uk/properties-for-sale/e6/chpk4504434,https://www.foxtons.co.uk/houses-for-sale/london?page=12,2025-06-13 21:09:46,12
https://www.foxtons.co.uk/properties-for-sale/e6/chpk4928256,https://www.foxtons.co.uk/flats-for-sale/london?page=33,2025-06-13 21:12:57,33
https://www.foxtons.co.uk/properties-for-sale/e6/chpk5152398,https://www.foxtons.co.uk/flats-for-sale/london?page=45,2025-06-13 21:14:05,45
https://www.foxtons.co.uk/properties-for-sale/e7/chpk3410862,https://www.foxtons.co.uk/flats-for-sale/london?page=47,2025-06-13 21:14:29,47
https://www.foxtons.co.uk/properties-for-sale/e7/chpk3411449,https://www.foxtons.co.uk/properties-for-sale/london?page=21,2025-06-13 21:20:15,21
https://www.foxtons.co.uk/properties-for-sale/e7/chpk3413836,https://www.foxtons.co.uk/flats-for-sale/london?page=48,2025-06-13 21:14:37,48
https://www.foxtons.co.uk/properties-for-sale/e7/chpk3414181,https://www.foxtons.co.uk/houses-for-sale/london?page=11,2025-06-13 21:09:41,11
https://www.foxtons.co.uk/properties-for-sale/e7/chpk3421097,https://www.foxtons.co.uk/flats-for-sale/london?page=54,2025-06-13 21:17:43,54
https://www.foxtons.co.uk/properties-for-sale/e7/chpk3421442,https://www.foxtons.co.uk/houses-for-sale/london?page=12,2025-06-13 21:09:46,12
https://www.foxtons.co.uk/properties-for-sale/e7/chpk3421504,https://www.foxtons.co.uk/houses-for-sale/london?page=5,2025-06-13 21:06:19,5
https://www.foxtons.co.uk/properties-for-sale/e7/chpk3423519,https://www.foxtons.co.uk/flats-for-sale/london?page=26,2025-06-13 21:12:18,26
https://www.foxtons.co.uk/properties-for-sale/e7/chpk3436049,https://www.foxtons.co.uk/houses-for-sale/london?page=9,2025-06-13 21:07:22,9
https://www.foxtons.co.uk/properties-for-sale/e7/chpk3442134,https://www.foxtons.co.uk/flats-for-sale/london?page=37,2025-06-13 21:13:20,37
https://www.foxtons.co.uk/properties-for-sale/e7/chpk3442287,https://www.foxtons.co.uk/houses-for-sale/london?page=12,2025-06-13 21:09:46,12
https://www.foxtons.co.uk/properties-for-sale/e7/chpk3445341,https://www.foxtons.co.uk/flats-for-sale/london?page=48,2025-06-13 21:14:37,48
https://www.foxtons.co.uk/properties-for-sale/e7/chpk3448783,https://www.foxtons.co.uk/houses-for-sale/london?page=11,2025-06-13 21:09:41,11
https://www.foxtons.co.uk/properties-for-sale/e7/chpk3449420,https://www.foxtons.co.uk/properties-for-sale/london?page=21,2025-06-13 21:20:15,21
https://www.foxtons.co.uk/properties-for-sale/e7/chpk3873088,https://www.foxtons.co.uk/properties-for-sale/london?page=9,2025-06-13 21:18:45,9
https://www.foxtons.co.uk/properties-for-sale/e7/stfd5267644,https://www.foxtons.co.uk/flats-for-sale/london?page=39,2025-06-13 21:13:32,39
https://www.foxtons.co.uk/properties-for-sale/e8/chpk0119993,https://www.foxtons.co.uk/flats-for-sale/london?page=38,2025-06-13 21:13:26,38
https://www.foxtons.co.uk/properties-for-sale/e8/chpk0205400,https://www.foxtons.co.uk/flats-for-sale/london?page=32,2025-06-13 21:12:51,32
https://www.foxtons.co.uk/properties-for-sale/e8/chpk1248862,https://www.foxtons.co.uk/flats-for-sale/london?page=16,2025-06-13 21:11:23,16
https://www.foxtons.co.uk/properties-for-sale/e8/chpk3157564,https://www.foxtons.co.uk/flats-for-sale/london?page=31,2025-06-13 21:12:46,31
https://www.foxtons.co.uk/properties-for-sale/e8/chpk3158585,https://www.foxtons.co.uk/flats-for-sale/london?page=43,2025-06-13 21:13:54,43
https://www.foxtons.co.uk/properties-for-sale/e8/chpk3162939,https://www.foxtons.co.uk/flats-for-sale/london?page=14,2025-06-13 21:11:12,14
https://www.foxtons.co.uk/properties-for-sale/e8/chpk3169768,https://www.foxtons.co.uk/properties-for-sale/london?page=8,2025-06-13 21:18:39,8
https://www.foxtons.co.uk/properties-for-sale/e8/chpk3173184,https://www.foxtons.co.uk/flats-for-sale/london?page=37,2025-06-13 21:13:20,37
https://www.foxtons.co.uk/properties-for-sale/e8/chpk3174482,https://www.foxtons.co.uk/flats-for-sale/london?page=25,2025-06-13 21:12:13,25
https://www.foxtons.co.uk/properties-for-sale/e8/chpk3462041,https://www.foxtons.co.uk/flats-for-sale/london?page=7,2025-06-13 21:10:34,7
https://www.foxtons.co.uk/properties-for-sale/e8/chpk3638698,https://www.foxtons.co.uk/flats-for-sale/london?page=41,2025-06-13 21:13:43,41
https://www.foxtons.co.uk/properties-for-sale/e8/chpk3706057,https://www.foxtons.co.uk/flats-for-sale/london?page=27,2025-06-13 21:12:24,27
https://www.foxtons.co.uk/properties-for-sale/e8/chpk3858215,https://www.foxtons.co.uk/flats-for-sale/london?page=5,2025-06-13 21:10:22,5
https://www.foxtons.co.uk/properties-for-sale/e8/chpk4935985,https://www.foxtons.co.uk/flats-for-sale/london?page=21,2025-06-13 21:11:50,21
https://www.foxtons.co.uk/properties-for-sale/e8/chpk5043006,https://www.foxtons.co.uk/flats-for-sale/london?page=10,2025-06-13 21:10:50,10
https://www.foxtons.co.uk/properties-for-sale/e8/chpk5230749,https://www.foxtons.co.uk/flats-for-sale/london?page=42,2025-06-13 21:13:48,42
https://www.foxtons.co.uk/properties-for-sale/e8/chpk5272883,https://www.foxtons.co.uk/flats-for-sale/london?page=15,2025-06-13 21:11:17,15
https://www.foxtons.co.uk/properties-for-sale/e8/isln0151865,https://www.foxtons.co.uk/flats-for-sale/london?page=12,2025-06-13 21:11:01,12
https://www.foxtons.co.uk/properties-for-sale/e8/isln0182631,https://www.foxtons.co.uk/flats-for-sale/london?page=6,2025-06-13 21:10:28,6
https://www.foxtons.co.uk/properties-for-sale/e9/chpk1227987,https://www.foxtons.co.uk/flats-for-sale/london?page=44,2025-06-13 21:13:59,44
https://www.foxtons.co.uk/properties-for-sale/e9/chpk1231725,https://www.foxtons.co.uk/flats-for-sale/london?page=32,2025-06-13 21:12:51,32
https://www.foxtons.co.uk/properties-for-sale/e9/chpk3139490,https://www.foxtons.co.uk/flats-for-sale/london?page=14,2025-06-13 21:11:12,14
https://www.foxtons.co.uk/properties-for-sale/e9/chpk3145825,https://www.foxtons.co.uk/flats-for-sale/london?page=33,2025-06-13 21:12:57,33
https://www.foxtons.co.uk/properties-for-sale/e9/chpk3146837,https://www.foxtons.co.uk/flats-for-sale/london?page=7,2025-06-13 21:10:34,7
https://www.foxtons.co.uk/properties-for-sale/e9/chpk3154046,https://www.foxtons.co.uk/flats-for-sale/london?page=46,2025-06-13 21:14:10,46
https://www.foxtons.co.uk/properties-for-sale/e9/chpk3156547,https://www.foxtons.co.uk/flats-for-sale/london?page=39,2025-06-13 21:13:32,39
https://www.foxtons.co.uk/properties-for-sale/e9/chpk3161291,https://www.foxtons.co.uk/flats-for-sale/london?page=6,2025-06-13 21:10:28,6
https://www.foxtons.co.uk/properties-for-sale/e9/chpk3164849,https://www.foxtons.co.uk/flats-for-sale/london?page=23,2025-06-13 21:12:01,23
https://www.foxtons.co.uk/properties-for-sale/e9/chpk3164899,https://www.foxtons.co.uk/houses-for-sale/london?page=9,2025-06-13 21:07:22,9
https://www.foxtons.co.uk/properties-for-sale/e9/chpk3164965,https://www.foxtons.co.uk/flats-for-sale/london?page=29,2025-06-13 21:12:35,29
https://www.foxtons.co.uk/properties-for-sale/e9/chpk4067014,https://www.foxtons.co.uk/flats-for-sale/london?page=34,2025-06-13 21:13:02,34
https://www.foxtons.co.uk/properties-for-sale/e9/chpk4308609,https://www.foxtons.co.uk/flats-for-sale/london?page=16,2025-06-13 21:11:23,16
https://www.foxtons.co.uk/properties-for-sale/e9/chpk4662367,https://www.foxtons.co.uk/flats-for-sale/london?page=36,2025-06-13 21:13:15,36
https://www.foxtons.co.uk/properties-for-sale/e9/chpk5040791,https://www.foxtons.co.uk/flats-for-sale/london?page=10,2025-06-13 21:10:50,10
https://www.foxtons.co.uk/properties-for-sale/ec1a/chpk1233014,https://www.foxtons.co.uk/flats-for-sale/london?page=9,2025-06-13 21:10:45,9
https://www.foxtons.co.uk/properties-for-sale/ec1a/chpk3653632,https://www.foxtons.co.uk/flats-for-sale/london?page=17,2025-06-13 21:11:29,17
https://www.foxtons.co.uk/properties-for-sale/ec1a/chpk3836891,https://www.foxtons.co.uk/flats-for-sale/london?page=20,2025-06-13 21:11:45,20
https://www.foxtons.co.uk/properties-for-sale/ec1a/chpk4637220,https://www.foxtons.co.uk/flats-for-sale/london?page=10,2025-06-13 21:10:50,10
https://www.foxtons.co.uk/properties-for-sale/ec1a/chpk4932620,https://www.foxtons.co.uk/properties-for-sale/clerkenwell?page=1,2025-06-13 22:54:24,1
https://www.foxtons.co.uk/properties-for-sale/ec1m/chpk1203098,https://www.foxtons.co.uk/flats-for-sale/london?page=29,2025-06-13 21:12:35,29
https://www.foxtons.co.uk/properties-for-sale/ec1m/chpk4620897,https://www.foxtons.co.uk/properties-for-sale/clerkenwell?page=1,2025-06-13 22:54:24,1
https://www.foxtons.co.uk/properties-for-sale/ec1m/chpk5060780,https://www.foxtons.co.uk/flats-for-sale/london?page=22,2025-06-13 21:11:56,22
https://www.foxtons.co.uk/properties-for-sale/ec1n/chpk1241486,https://www.foxtons.co.uk/flats-for-sale/london?page=13,2025-06-13 21:11:07,13
https://www.foxtons.co.uk/properties-for-sale/ec1n/chpk2159184,https://www.foxtons.co.uk/flats-for-sale/london?page=23,2025-06-13 21:12:01,23
https://www.foxtons.co.uk/properties-for-sale/ec1n/chpk3659800,https://www.foxtons.co.uk/flats-for-sale/london?page=19,2025-06-13 21:11:39,19
https://www.foxtons.co.uk/properties-for-sale/ec1n/chpk4894150,https://www.foxtons.co.uk/flats-for-sale/london?page=3,2025-06-13 21:10:10,3
https://www.foxtons.co.uk/properties-for-sale/ec1n/chpk4942270,https://www.foxtons.co.uk/flats-for-sale/london?page=6,2025-06-13 21:10:28,6
https://www.foxtons.co.uk/properties-for-sale/ec1n/chpk5266929,https://www.foxtons.co.uk/flats-for-sale/london?page=3,2025-06-13 21:10:10,3
https://www.foxtons.co.uk/properties-for-sale/ec1r/chpk0034459,https://www.foxtons.co.uk/properties-for-sale/clerkenwell?page=1,2025-06-13 22:54:24,1
https://www.foxtons.co.uk/properties-for-sale/ec1r/chpk1302610,https://www.foxtons.co.uk/flats-for-sale/london?page=23,2025-06-13 21:12:01,23
https://www.foxtons.co.uk/properties-for-sale/ec1r/chpk1796119,https://www.foxtons.co.uk/flats-for-sale/london?page=16,2025-06-13 21:11:23,16
https://www.foxtons.co.uk/properties-for-sale/ec1r/chpk2173680,https://www.foxtons.co.uk/flats-for-sale/london?page=15,2025-06-13 21:11:17,15
https://www.foxtons.co.uk/properties-for-sale/ec1r/chpk3404807,https://www.foxtons.co.uk/flats-for-sale/london?page=26,2025-06-13 21:12:18,26
https://www.foxtons.co.uk/properties-for-sale/ec1r/chpk4944165,https://www.foxtons.co.uk/flats-for-sale/london?page=3,2025-06-13 21:10:10,3
https://www.foxtons.co.uk/properties-for-sale/ec1r/isln0212191,https://www.foxtons.co.uk/flats-for-sale/london?page=7,2025-06-13 21:10:34,7
https://www.foxtons.co.uk/properties-for-sale/ec1v/chpk0207168,https://www.foxtons.co.uk/flats-for-sale/london?page=27,2025-06-13 21:12:24,27
https://www.foxtons.co.uk/properties-for-sale/ec1v/chpk0348756,https://www.foxtons.co.uk/flats-for-sale/london?page=12,2025-06-13 21:11:01,12
https://www.foxtons.co.uk/properties-for-sale/ec1v/chpk0362563,https://www.foxtons.co.uk/flats-for-sale/london?page=14,2025-06-13 21:11:12,14
https://www.foxtons.co.uk/properties-for-sale/ec1v/chpk1173329,https://www.foxtons.co.uk/flats-for-sale/london?page=18,2025-06-13 21:11:34,18
https://www.foxtons.co.uk/properties-for-sale/ec1v/chpk1201420,https://www.foxtons.co.uk/flats-for-sale/london?page=23,2025-06-13 21:12:01,23
https://www.foxtons.co.uk/properties-for-sale/ec1v/chpk1223566,https://www.foxtons.co.uk/flats-for-sale/london?page=40,2025-06-13 21:13:37,40
https://www.foxtons.co.uk/properties-for-sale/ec1v/chpk1327786,https://www.foxtons.co.uk/flats-for-sale/london?page=40,2025-06-13 21:13:37,40
https://www.foxtons.co.uk/properties-for-sale/ec1v/chpk2161621,https://www.foxtons.co.uk/flats-for-sale/london?page=10,2025-06-13 21:10:50,10
https://www.foxtons.co.uk/properties-for-sale/ec1v/chpk2164469,https://www.foxtons.co.uk/flats-for-sale/london?page=13,2025-06-13 21:11:07,13
https://www.foxtons.co.uk/properties-for-sale/ec1v/chpk2164561,https://www.foxtons.co.uk/flats-for-sale/london?page=9,2025-06-13 21:10:45,9
https://www.foxtons.co.uk/properties-for-sale/ec1v/chpk2164889,https://www.foxtons.co.uk/flats-for-sale/london?page=4,2025-06-13 21:10:16,4
https://www.foxtons.co.uk/properties-for-sale/ec1v/chpk2167198,https://www.foxtons.co.uk/flats-for-sale/london?page=4,2025-06-13 21:10:16,4
https://www.foxtons.co.uk/properties-for-sale/ec1v/chpk3388518,https://www.foxtons.co.uk/flats-for-sale/london?page=19,2025-06-13 21:11:39,19
https://www.foxtons.co.uk/properties-for-sale/ec1v/chpk3664687,https://www.foxtons.co.uk/flats-for-sale/london?page=17,2025-06-13 21:11:29,17
https://www.foxtons.co.uk/properties-for-sale/ec1v/chpk3678018,https://www.foxtons.co.uk/flats-for-sale/london?page=54,2025-06-13 21:17:43,54
https://www.foxtons.co.uk/properties-for-sale/ec1v/chpk4089573,https://www.foxtons.co.uk/flats-for-sale/london?page=22,2025-06-13 21:11:56,22
https://www.foxtons.co.uk/properties-for-sale/ec1v/chpk4092520,https://www.foxtons.co.uk/flats-for-sale/london?page=21,2025-06-13 21:11:50,21
https://www.foxtons.co.uk/properties-for-sale/ec1v/chpk4130606,https://www.foxtons.co.uk/flats-for-sale/london?page=10,2025-06-13 21:10:50,10
https://www.foxtons.co.uk/properties-for-sale/ec1v/chpk4131285,https://www.foxtons.co.uk/flats-for-sale/london?page=34,2025-06-13 21:13:02,34
https://www.foxtons.co.uk/properties-for-sale/ec1v/chpk4334853,https://www.foxtons.co.uk/flats-for-sale/london?page=6,2025-06-13 21:10:28,6
https://www.foxtons.co.uk/properties-for-sale/ec1v/chpk4335052,https://www.foxtons.co.uk/flats-for-sale/london?page=11,2025-06-13 21:10:56,11
https://www.foxtons.co.uk/properties-for-sale/ec1v/chpk4365164,https://www.foxtons.co.uk/flats-for-sale/london?page=16,2025-06-13 21:11:23,16
https://www.foxtons.co.uk/properties-for-sale/ec1v/chpk4365219,https://www.foxtons.co.uk/flats-for-sale/london?page=36,2025-06-13 21:13:15,36
https://www.foxtons.co.uk/properties-for-sale/ec1v/chpk4653849,https://www.foxtons.co.uk/flats-for-sale/london?page=4,2025-06-13 21:10:16,4
https://www.foxtons.co.uk/properties-for-sale/ec1v/chpk4659126,https://www.foxtons.co.uk/flats-for-sale/london?page=4,2025-06-13 21:10:16,4
https://www.foxtons.co.uk/properties-for-sale/ec1v/isln0220200,https://www.foxtons.co.uk/flats-for-sale/london?page=41,2025-06-13 21:13:43,41
https://www.foxtons.co.uk/properties-for-sale/ec1v/isln0262734,https://www.foxtons.co.uk/flats-for-sale/london?page=15,2025-06-13 21:11:17,15
https://www.foxtons.co.uk/properties-for-sale/ec1v/isln0296029,https://www.foxtons.co.uk/flats-for-sale/london?page=33,2025-06-13 21:12:57,33
https://www.foxtons.co.uk/properties-for-sale/ec1v/nwca5268627,https://www.foxtons.co.uk/flats-for-sale/london?page=25,2025-06-13 21:12:13,25
https://www.foxtons.co.uk/properties-for-sale/ec1v/nwca5268743,https://www.foxtons.co.uk/flats-for-sale/london?page=12,2025-06-13 21:11:01,12
https://www.foxtons.co.uk/properties-for-sale/ec1y/chpk0163115,https://www.foxtons.co.uk/flats-for-sale/london?page=29,2025-06-13 21:12:35,29
https://www.foxtons.co.uk/properties-for-sale/ec1y/chpk1202795,https://www.foxtons.co.uk/flats-for-sale/london?page=14,2025-06-13 21:11:12,14
https://www.foxtons.co.uk/properties-for-sale/ec1y/chpk3644521,https://www.foxtons.co.uk/flats-for-sale/london?page=28,2025-06-13 21:12:29,28
https://www.foxtons.co.uk/properties-for-sale/ec1y/chpk5264517,https://www.foxtons.co.uk/flats-for-sale/london?page=4,2025-06-13 21:10:16,4
https://www.foxtons.co.uk/properties-for-sale/ec2a/chpk0324391,https://www.foxtons.co.uk/flats-for-sale/london?page=5,2025-06-13 21:10:22,5
https://www.foxtons.co.uk/properties-for-sale/ec2a/chpk1317101,https://www.foxtons.co.uk/flats-for-sale/london?page=5,2025-06-13 21:10:22,5
https://www.foxtons.co.uk/properties-for-sale/ec2a/chpk4663336,https://www.foxtons.co.uk/flats-for-sale/london?page=5,2025-06-13 21:10:22,5
https://www.foxtons.co.uk/properties-for-sale/ec2a/ptny6199475,https://www.foxtons.co.uk/properties-for-sale/london?page=1,2025-06-13 21:17:57,1
https://www.foxtons.co.uk/properties-for-sale/ec2m/chpk1268751,https://www.foxtons.co.uk/flats-for-sale/london?page=29,2025-06-13 21:12:35,29
https://www.foxtons.co.uk/properties-for-sale/ec2m/chpk1318901,https://www.foxtons.co.uk/flats-for-sale/london?page=37,2025-06-13 21:13:20,37
https://www.foxtons.co.uk/properties-for-sale/ec2y/chpk2152593,https://www.foxtons.co.uk/flats-for-sale/london?page=17,2025-06-13 21:11:29,17
https://www.foxtons.co.uk/properties-for-sale/ec2y/chpk4091827,https://www.foxtons.co.uk/flats-for-sale/london?page=8,2025-06-13 21:10:39,8
https://www.foxtons.co.uk/properties-for-sale/ec3n/nwca5243999,https://www.foxtons.co.uk/flats-for-sale/london?page=1,2025-06-13 21:09:59,1
https://www.foxtons.co.uk/properties-for-sale/ec3r/chpk1246111,https://www.foxtons.co.uk/flats-for-sale/london?page=12,2025-06-13 21:11:01,12
https://www.foxtons.co.uk/properties-for-sale/ec3r/chpk4637592,https://www.foxtons.co.uk/flats-for-sale/london?page=7,2025-06-13 21:10:34,7
https://www.foxtons.co.uk/properties-for-sale/ec4a/chpk0328153,https://www.foxtons.co.uk/flats-for-sale/london?page=44,2025-06-13 21:13:59,44
https://www.foxtons.co.uk/properties-for-sale/ec4a/chpk1191081,https://www.foxtons.co.uk/flats-for-sale/london?page=44,2025-06-13 21:13:59,44
https://www.foxtons.co.uk/properties-for-sale/ec4a/chpk3640138,https://www.foxtons.co.uk/flats-for-sale/london?page=7,2025-06-13 21:10:34,7
https://www.foxtons.co.uk/properties-for-sale/ec4v/chpk2168396,https://www.foxtons.co.uk/flats-for-sale/london?page=25,2025-06-13 21:12:13,25
https://www.foxtons.co.uk/properties-for-sale/ec4y/chpk1280455,https://www.foxtons.co.uk/flats-for-sale/london?page=17,2025-06-13 21:11:29,17
https://www.foxtons.co.uk/properties-for-sale/ec4y/isln0100384,https://www.foxtons.co.uk/flats-for-sale/london?page=5,2025-06-13 21:10:22,5
https://www.foxtons.co.uk/properties-for-sale/ec4y/myfr0064286,https://www.foxtons.co.uk/flats-for-sale/london?page=12,2025-06-13 21:11:01,12
https://www.foxtons.co.uk/properties-for-sale/en4/chpk1382143,https://www.foxtons.co.uk/houses-for-sale/london?page=9,2025-06-13 21:07:22,9
https://www.foxtons.co.uk/properties-for-sale/en4/chpk2010045,https://www.foxtons.co.uk/houses-for-sale/london?page=5,2025-06-13 21:06:19,5
https://www.foxtons.co.uk/properties-for-sale/en4/chpk3765198,https://www.foxtons.co.uk/flats-for-sale/london?page=34,2025-06-13 21:13:02,34
https://www.foxtons.co.uk/properties-for-sale/en4/chpk3765846,https://www.foxtons.co.uk/properties-for-sale/london?page=22,2025-06-13 21:20:21,22
https://www.foxtons.co.uk/properties-for-sale/en4/chpk5013019,https://www.foxtons.co.uk/flats-for-sale/london?page=48,2025-06-13 21:14:37,48
https://www.foxtons.co.uk/properties-for-sale/en4/chpk5013687,https://www.foxtons.co.uk/houses-for-sale/london?page=2,2025-06-13 21:05:20,2
https://www.foxtons.co.uk/properties-for-sale/en4/nwca4654919,https://www.foxtons.co.uk/flats-for-sale/london?page=3,2025-06-13 21:10:10,3
https://www.foxtons.co.uk/properties-for-sale/en4/nwca4654920,https://www.foxtons.co.uk/houses-for-sale/london?page=3,2025-06-13 21:05:38,3
https://www.foxtons.co.uk/properties-for-sale/en4/nwca4654921,https://www.foxtons.co.uk/houses-for-sale/london?page=1,2025-06-13 21:05:14,1
https://www.foxtons.co.uk/properties-for-sale/en4/nwca4654922,https://www.foxtons.co.uk/houses-for-sale/london?page=2,2025-06-13 21:05:20,2
https://www.foxtons.co.uk/properties-for-sale/en4/nwca6205055,https://www.foxtons.co.uk/houses-for-sale/london?page=7,2025-06-13 21:06:42,7
https://www.foxtons.co.uk/properties-for-sale/en5/chpk1622722,https://www.foxtons.co.uk/houses-for-sale/london?page=7,2025-06-13 21:06:42,7
https://www.foxtons.co.uk/properties-for-sale/en5/chpk1929433,https://www.foxtons.co.uk/houses-for-sale/london?page=11,2025-06-13 21:09:41,11
https://www.foxtons.co.uk/properties-for-sale/en5/chpk3769674,https://www.foxtons.co.uk/flats-for-sale/london?page=40,2025-06-13 21:13:37,40
https://www.foxtons.co.uk/properties-for-sale/en5/chpk3769764,https://www.foxtons.co.uk/houses-for-sale/london?page=6,2025-06-13 21:06:25,6
https://www.foxtons.co.uk/properties-for-sale/en5/chpk3773861,https://www.foxtons.co.uk/houses-for-sale/london?page=1,2025-06-13 21:05:14,1
https://www.foxtons.co.uk/properties-for-sale/en5/chpk3775530,https://www.foxtons.co.uk/flats-for-sale/london?page=54,2025-06-13 21:17:43,54
https://www.foxtons.co.uk/properties-for-sale/en5/chpk3775746,https://www.foxtons.co.uk/flats-for-sale/london?page=52,2025-06-13 21:17:29,52
https://www.foxtons.co.uk/properties-for-sale/en5/chpk3775931,https://www.foxtons.co.uk/flats-for-sale/london?page=43,2025-06-13 21:13:54,43
https://www.foxtons.co.uk/properties-for-sale/en5/chpk4428480,https://www.foxtons.co.uk/flats-for-sale/london?page=40,2025-06-13 21:13:37,40
https://www.foxtons.co.uk/properties-for-sale/en6/chpk5269838,https://www.foxtons.co.uk/flats-for-sale/london?page=42,2025-06-13 21:13:48,42
https://www.foxtons.co.uk/properties-for-sale/gu1/chpk0092838,https://www.foxtons.co.uk/properties-for-sale/guildford?page=1,2025-06-13 23:15:28,1
https://www.foxtons.co.uk/properties-for-sale/gu1/chpk0150923,https://www.foxtons.co.uk/properties-for-sale/guildford?page=1,2025-06-13 23:15:28,1
https://www.foxtons.co.uk/properties-for-sale/gu1/chpk0189576,https://www.foxtons.co.uk/properties-for-sale/guildford?page=1,2025-06-13 23:15:28,1
https://www.foxtons.co.uk/properties-for-sale/gu1/chpk0209666,https://www.foxtons.co.uk/properties-for-sale/guildford?page=1,2025-06-13 23:15:28,1
https://www.foxtons.co.uk/properties-for-sale/gu1/chpk0262358,https://www.foxtons.co.uk/properties-for-sale/guildford?page=1,2025-06-13 23:15:28,1
https://www.foxtons.co.uk/properties-for-sale/gu1/chpk0266785,https://www.foxtons.co.uk/properties-for-sale/guildford?page=1,2025-06-13 23:15:28,1
https://www.foxtons.co.uk/properties-for-sale/gu1/chpk0270434,https://www.foxtons.co.uk/properties-for-sale/guildford?page=1,2025-06-13 23:15:28,1
https://www.foxtons.co.uk/properties-for-sale/gu1/chpk0321547,https://www.foxtons.co.uk/properties-for-sale/guildford?page=1,2025-06-13 23:15:28,1
https://www.foxtons.co.uk/properties-for-sale/gu1/chpk0326659,https://www.foxtons.co.uk/properties-for-sale/guildford?page=1,2025-06-13 23:15:28,1
https://www.foxtons.co.uk/properties-for-sale/gu1/chpk0345686,https://www.foxtons.co.uk/properties-for-sale/guildford?page=1,2025-06-13 23:15:28,1
https://www.foxtons.co.uk/properties-for-sale/gu1/chpk3117842,https://www.foxtons.co.uk/properties-for-sale/guildford?page=1,2025-06-13 23:15:28,1
https://www.foxtons.co.uk/properties-for-sale/gu1/chpk3117853,https://www.foxtons.co.uk/properties-for-sale/guildford?page=1,2025-06-13 23:15:28,1
https://www.foxtons.co.uk/properties-for-sale/gu1/chpk3121809,https://www.foxtons.co.uk/properties-for-sale/guildford?page=1,2025-06-13 23:15:28,1
https://www.foxtons.co.uk/properties-for-sale/gu1/chpk3128443,https://www.foxtons.co.uk/properties-for-sale/guildford?page=1,2025-06-13 23:15:28,1
https://www.foxtons.co.uk/properties-for-sale/gu1/chpk3136464,https://www.foxtons.co.uk/properties-for-sale/guildford?page=1,2025-06-13 23:15:28,1
https://www.foxtons.co.uk/properties-for-sale/gu1/chpk3136750,https://www.foxtons.co.uk/properties-for-sale/guildford?page=1,2025-06-13 23:15:28,1
https://www.foxtons.co.uk/properties-for-sale/gu1/chpk3138693,https://www.foxtons.co.uk/properties-for-sale/guildford?page=1,2025-06-13 23:15:28,1
https://www.foxtons.co.uk/properties-for-sale/gu1/chpk3144490,https://www.foxtons.co.uk/properties-for-sale/guildford?page=1,2025-06-13 23:15:28,1
https://www.foxtons.co.uk/properties-for-sale/gu1/chpk3144528,https://www.foxtons.co.uk/properties-for-sale/guildford?page=1,2025-06-13 23:15:28,1
https://www.foxtons.co.uk/properties-for-sale/gu1/chpk3151906,https://www.foxtons.co.uk/properties-for-sale/guildford?page=1,2025-06-13 23:15:28,1
https://www.foxtons.co.uk/properties-for-sale/gu1/chpk3632996,https://www.foxtons.co.uk/properties-for-sale/guildford?page=1,2025-06-13 23:15:28,1
https://www.foxtons.co.uk/properties-for-sale/gu1/chpk3672162,https://www.foxtons.co.uk/properties-for-sale/guildford?page=1,2025-06-13 23:15:28,1
https://www.foxtons.co.uk/properties-for-sale/gu1/chpk3710432,https://www.foxtons.co.uk/properties-for-sale/guildford?page=1,2025-06-13 23:15:28,1
https://www.foxtons.co.uk/properties-for-sale/gu1/chpk4138630,https://www.foxtons.co.uk/properties-for-sale/guildford?page=1,2025-06-13 23:15:28,1
https://www.foxtons.co.uk/properties-for-sale/gu1/chpk4138631,https://www.foxtons.co.uk/properties-for-sale/guildford?page=1,2025-06-13 23:15:28,1
https://www.foxtons.co.uk/properties-for-sale/gu1/chpk4327325,https://www.foxtons.co.uk/properties-for-sale/guildford?page=1,2025-06-13 23:15:28,1
https://www.foxtons.co.uk/properties-for-sale/gu1/chpk4410533,https://www.foxtons.co.uk/properties-for-sale/guildford?page=1,2025-06-13 23:15:28,1
https://www.foxtons.co.uk/properties-for-sale/gu1/chpk4422638,https://www.foxtons.co.uk/properties-for-sale/guildford?page=1,2025-06-13 23:15:28,1
https://www.foxtons.co.uk/properties-for-sale/gu1/chpk4422639,https://www.foxtons.co.uk/properties-for-sale/guildford?page=1,2025-06-13 23:15:28,1
https://www.foxtons.co.uk/properties-for-sale/gu1/chpk4422648,https://www.foxtons.co.uk/properties-for-sale/guildford?page=1,2025-06-13 23:15:28,1
https://www.foxtons.co.uk/properties-for-sale/gu1/chpk4650823,https://www.foxtons.co.uk/properties-for-sale/guildford?page=1,2025-06-13 23:15:28,1
https://www.foxtons.co.uk/properties-for-sale/gu1/chpk4891103,https://www.foxtons.co.uk/properties-for-sale/guildford?page=1,2025-06-13 23:15:28,1
https://www.foxtons.co.uk/properties-for-sale/gu1/chpk5034941,https://www.foxtons.co.uk/properties-for-sale/guildford?page=1,2025-06-13 23:15:28,1
https://www.foxtons.co.uk/properties-for-sale/gu1/chpk5264620,https://www.foxtons.co.uk/properties-for-sale/guildford?page=1,2025-06-13 23:15:28,1
https://www.foxtons.co.uk/properties-for-sale/gu2/chpk0099346,https://www.foxtons.co.uk/properties-for-sale/guildford?page=1,2025-06-13 23:15:28,1
https://www.foxtons.co.uk/properties-for-sale/gu2/chpk0121109,https://www.foxtons.co.uk/properties-for-sale/guildford?page=1,2025-06-13 23:15:28,1
https://www.foxtons.co.uk/properties-for-sale/gu2/chpk0124697,https://www.foxtons.co.uk/properties-for-sale/guildford?page=1,2025-06-13 23:15:28,1
https://www.foxtons.co.uk/properties-for-sale/gu2/chpk0228633,https://www.foxtons.co.uk/properties-for-sale/guildford?page=1,2025-06-13 23:15:28,1
https://www.foxtons.co.uk/properties-for-sale/gu2/chpk0249116,https://www.foxtons.co.uk/properties-for-sale/guildford?page=1,2025-06-13 23:15:28,1
https://www.foxtons.co.uk/properties-for-sale/gu2/chpk0259911,https://www.foxtons.co.uk/properties-for-sale/guildford?page=1,2025-06-13 23:15:28,1
https://www.foxtons.co.uk/properties-for-sale/gu2/chpk0323539,https://www.foxtons.co.uk/properties-for-sale/guildford?page=1,2025-06-13 23:15:28,1
https://www.foxtons.co.uk/properties-for-sale/gu2/chpk1660599,https://www.foxtons.co.uk/properties-for-sale/guildford?page=1,2025-06-13 23:15:28,1
https://www.foxtons.co.uk/properties-for-sale/gu2/chpk3083186,https://www.foxtons.co.uk/properties-for-sale/guildford?page=1,2025-06-13 23:15:28,1
https://www.foxtons.co.uk/properties-for-sale/gu2/chpk3089793,https://www.foxtons.co.uk/properties-for-sale/guildford?page=1,2025-06-13 23:15:28,1
https://www.foxtons.co.uk/properties-for-sale/gu2/chpk3094170,https://www.foxtons.co.uk/properties-for-sale/guildford?page=1,2025-06-13 23:15:28,1
https://www.foxtons.co.uk/properties-for-sale/gu2/chpk4410308,https://www.foxtons.co.uk/properties-for-sale/guildford?page=1,2025-06-13 23:15:28,1
https://www.foxtons.co.uk/properties-for-sale/gu2/chpk4411317,https://www.foxtons.co.uk/properties-for-sale/guildford?page=1,2025-06-13 23:15:28,1
https://www.foxtons.co.uk/properties-for-sale/gu2/chpk4913990,https://www.foxtons.co.uk/properties-for-sale/guildford?page=1,2025-06-13 23:15:28,1
https://www.foxtons.co.uk/properties-for-sale/gu2/chpk5195060,https://www.foxtons.co.uk/properties-for-sale/guildford?page=1,2025-06-13 23:15:28,1
https://www.foxtons.co.uk/properties-for-sale/gu21/chpk0299187,https://www.foxtons.co.uk/properties-for-sale/guildford?page=1,2025-06-13 23:15:28,1
https://www.foxtons.co.uk/properties-for-sale/gu21/chpk3068233,https://www.foxtons.co.uk/properties-for-sale/guildford?page=1,2025-06-13 23:15:28,1
https://www.foxtons.co.uk/properties-for-sale/gu21/chpk3070370,https://www.foxtons.co.uk/properties-for-sale/guildford?page=1,2025-06-13 23:15:28,1
https://www.foxtons.co.uk/properties-for-sale/gu21/chpk3071816,https://www.foxtons.co.uk/properties-for-sale/guildford?page=1,2025-06-13 23:15:28,1
https://www.foxtons.co.uk/properties-for-sale/gu21/chpk3076100,https://www.foxtons.co.uk/properties-for-sale/guildford?page=1,2025-06-13 23:15:28,1
https://www.foxtons.co.uk/properties-for-sale/gu21/chpk3076853,https://www.foxtons.co.uk/properties-for-sale/guildford?page=1,2025-06-13 23:15:28,1
https://www.foxtons.co.uk/properties-for-sale/gu21/chpk3081152,https://www.foxtons.co.uk/properties-for-sale/guildford?page=1,2025-06-13 23:15:28,1
https://www.foxtons.co.uk/properties-for-sale/gu21/chpk3084647,https://www.foxtons.co.uk/properties-for-sale/guildford?page=1,2025-06-13 23:15:28,1
https://www.foxtons.co.uk/properties-for-sale/gu21/chpk3088332,https://www.foxtons.co.uk/properties-for-sale/guildford?page=1,2025-06-13 23:15:28,1
https://www.foxtons.co.uk/properties-for-sale/gu21/chpk3391300,https://www.foxtons.co.uk/properties-for-sale/guildford?page=1,2025-06-13 23:15:28,1
https://www.foxtons.co.uk/properties-for-sale/gu21/chpk3597982,https://www.foxtons.co.uk/properties-for-sale/guildford?page=1,2025-06-13 23:15:28,1
https://www.foxtons.co.uk/properties-for-sale/gu21/chpk3597999,https://www.foxtons.co.uk/properties-for-sale/guildford?page=1,2025-06-13 23:15:28,1
https://www.foxtons.co.uk/properties-for-sale/gu21/chpk3598132,https://www.foxtons.co.uk/properties-for-sale/guildford?page=1,2025-06-13 23:15:28,1
https://www.foxtons.co.uk/properties-for-sale/gu21/chpk5030615,https://www.foxtons.co.uk/properties-for-sale/guildford?page=1,2025-06-13 23:15:28,1
https://www.foxtons.co.uk/properties-for-sale/gu21/glfd5267281,https://www.foxtons.co.uk/properties-for-sale/guildford?page=1,2025-06-13 23:15:28,1
https://www.foxtons.co.uk/properties-for-sale/gu22/chpk0111457,https://www.foxtons.co.uk/properties-for-sale/guildford?page=1,2025-06-13 23:15:28,1
https://www.foxtons.co.uk/properties-for-sale/gu22/chpk3072242,https://www.foxtons.co.uk/properties-for-sale/guildford?page=1,2025-06-13 23:15:28,1
https://www.foxtons.co.uk/properties-for-sale/gu22/chpk3072338,https://www.foxtons.co.uk/properties-for-sale/guildford?page=1,2025-06-13 23:15:28,1
https://www.foxtons.co.uk/properties-for-sale/gu22/chpk3075864,https://www.foxtons.co.uk/properties-for-sale/guildford?page=1,2025-06-13 23:15:28,1
https://www.foxtons.co.uk/properties-for-sale/gu22/chpk3075957,https://www.foxtons.co.uk/properties-for-sale/guildford?page=1,2025-06-13 23:15:28,1
https://www.foxtons.co.uk/properties-for-sale/gu22/chpk3650129,https://www.foxtons.co.uk/properties-for-sale/guildford?page=1,2025-06-13 23:15:28,1
https://www.foxtons.co.uk/properties-for-sale/gu22/chpk3841554,https://www.foxtons.co.uk/properties-for-sale/guildford?page=1,2025-06-13 23:15:28,1
https://www.foxtons.co.uk/properties-for-sale/gu22/chpk3863159,https://www.foxtons.co.uk/properties-for-sale/guildford?page=1,2025-06-13 23:15:28,1
https://www.foxtons.co.uk/properties-for-sale/gu22/chpk4072597,https://www.foxtons.co.uk/properties-for-sale/guildford?page=1,2025-06-13 23:15:28,1
https://www.foxtons.co.uk/properties-for-sale/gu22/chpk4325175,https://www.foxtons.co.uk/properties-for-sale/guildford?page=1,2025-06-13 23:15:28,1
https://www.foxtons.co.uk/properties-for-sale/gu23/chpk3062138,https://www.foxtons.co.uk/properties-for-sale/guildford?page=1,2025-06-13 23:15:28,1
https://www.foxtons.co.uk/properties-for-sale/gu24/chpk4309085,https://www.foxtons.co.uk/properties-for-sale/guildford?page=1,2025-06-13 23:15:28,1
https://www.foxtons.co.uk/properties-for-sale/gu24/chpk5031155,https://www.foxtons.co.uk/properties-for-sale/guildford?page=1,2025-06-13 23:15:28,1
https://www.foxtons.co.uk/properties-for-sale/gu3/chpk0160376,https://www.foxtons.co.uk/properties-for-sale/guildford?page=1,2025-06-13 23:15:28,1
https://www.foxtons.co.uk/properties-for-sale/gu3/chpk0163619,https://www.foxtons.co.uk/properties-for-sale/guildford?page=1,2025-06-13 23:15:28,1
https://www.foxtons.co.uk/properties-for-sale/gu3/chpk0191246,https://www.foxtons.co.uk/properties-for-sale/guildford?page=1,2025-06-13 23:15:28,1
https://www.foxtons.co.uk/properties-for-sale/gu3/chpk0296904,https://www.foxtons.co.uk/properties-for-sale/guildford?page=1,2025-06-13 23:15:28,1
https://www.foxtons.co.uk/properties-for-sale/gu3/chpk0300740,https://www.foxtons.co.uk/properties-for-sale/guildford?page=1,2025-06-13 23:15:28,1
https://www.foxtons.co.uk/properties-for-sale/gu3/chpk1680664,https://www.foxtons.co.uk/properties-for-sale/guildford?page=1,2025-06-13 23:15:28,1
https://www.foxtons.co.uk/properties-for-sale/gu3/chpk3036242,https://www.foxtons.co.uk/properties-for-sale/guildford?page=1,2025-06-13 23:15:28,1
https://www.foxtons.co.uk/properties-for-sale/gu3/chpk3044107,https://www.foxtons.co.uk/properties-for-sale/guildford?page=1,2025-06-13 23:15:28,1
https://www.foxtons.co.uk/properties-for-sale/gu3/chpk3050690,https://www.foxtons.co.uk/properties-for-sale/guildford?page=1,2025-06-13 23:15:28,1
https://www.foxtons.co.uk/properties-for-sale/gu3/chpk3683417,https://www.foxtons.co.uk/properties-for-sale/guildford?page=1,2025-06-13 23:15:28,1
https://www.foxtons.co.uk/properties-for-sale/gu3/chpk4338941,https://www.foxtons.co.uk/properties-for-sale/guildford?page=1,2025-06-13 23:15:28,1
https://www.foxtons.co.uk/properties-for-sale/gu3/chpk5270255,https://www.foxtons.co.uk/properties-for-sale/guildford?page=1,2025-06-13 23:15:28,1
https://www.foxtons.co.uk/properties-for-sale/gu4/chpk3019877,https://www.foxtons.co.uk/properties-for-sale/guildford?page=1,2025-06-13 23:15:28,1
https://www.foxtons.co.uk/properties-for-sale/gu4/chpk3033818,https://www.foxtons.co.uk/properties-for-sale/guildford?page=1,2025-06-13 23:15:28,1
https://www.foxtons.co.uk/properties-for-sale/gu4/chpk3037149,https://www.foxtons.co.uk/properties-for-sale/guildford?page=1,2025-06-13 23:15:28,1
https://www.foxtons.co.uk/properties-for-sale/gu4/chpk3037860,https://www.foxtons.co.uk/properties-for-sale/guildford?page=1,2025-06-13 23:15:28,1
https://www.foxtons.co.uk/properties-for-sale/gu4/chpk3040861,https://www.foxtons.co.uk/properties-for-sale/guildford?page=1,2025-06-13 23:15:28,1
https://www.foxtons.co.uk/properties-for-sale/gu4/chpk3040964,https://www.foxtons.co.uk/properties-for-sale/guildford?page=1,2025-06-13 23:15:28,1
https://www.foxtons.co.uk/properties-for-sale/gu4/chpk5245318,https://www.foxtons.co.uk/properties-for-sale/guildford?page=2,2025-06-13 23:15:33,2
https://www.foxtons.co.uk/properties-for-sale/gu4/nwca5216667,https://www.foxtons.co.uk/properties-for-sale/guildford?page=1,2025-06-13 23:15:28,1
https://www.foxtons.co.uk/properties-for-sale/gu7/chpk2994092,https://www.foxtons.co.uk/houses-for-sale/guildford?page=1,2025-06-13 23:15:42,1
https://www.foxtons.co.uk/properties-for-sale/ha0/chpk1269575,https://www.foxtons.co.uk/flats-for-sale/london?page=52,2025-06-13 21:17:29,52
https://www.foxtons.co.uk/properties-for-sale/ha0/chpk1447888,https://www.foxtons.co.uk/flats-for-sale/london?page=46,2025-06-13 21:14:10,46
https://www.foxtons.co.uk/properties-for-sale/ha0/chpk2980961,https://www.foxtons.co.uk/houses-for-sale/london?page=6,2025-06-13 21:06:25,6
https://www.foxtons.co.uk/properties-for-sale/ha0/chpk2982202,https://www.foxtons.co.uk/flats-for-sale/london?page=54,2025-06-13 21:17:43,54
https://www.foxtons.co.uk/properties-for-sale/ha0/chpk2984882,https://www.foxtons.co.uk/houses-for-sale/london?page=6,2025-06-13 21:06:25,6
https://www.foxtons.co.uk/properties-for-sale/ha0/chpk2988942,https://www.foxtons.co.uk/houses-for-sale/london?page=5,2025-06-13 21:06:19,5
https://www.foxtons.co.uk/properties-for-sale/ha0/chpk2989584,https://www.foxtons.co.uk/flats-for-sale/london?page=55,2025-06-13 21:17:48,55
https://www.foxtons.co.uk/properties-for-sale/ha0/chpk2989586,https://www.foxtons.co.uk/flats-for-sale/london?page=54,2025-06-13 21:17:43,54
https://www.foxtons.co.uk/properties-for-sale/ha0/chpk2991117,https://www.foxtons.co.uk/flats-for-sale/london?page=46,2025-06-13 21:14:10,46
https://www.foxtons.co.uk/properties-for-sale/ha0/chpk2991987,https://www.foxtons.co.uk/properties-for-sale/london?page=21,2025-06-13 21:20:15,21
https://www.foxtons.co.uk/properties-for-sale/ha0/chpk2992327,https://www.foxtons.co.uk/flats-for-sale/london?page=43,2025-06-13 21:13:54,43
https://www.foxtons.co.uk/properties-for-sale/ha0/chpk2995268,https://www.foxtons.co.uk/properties-for-sale/london?page=11,2025-06-13 21:19:16,11
https://www.foxtons.co.uk/properties-for-sale/ha0/chpk2997494,https://www.foxtons.co.uk/properties-for-sale/wembley?page=1,2025-06-14 00:18:39,1
https://www.foxtons.co.uk/properties-for-sale/ha0/chpk2997684,https://www.foxtons.co.uk/houses-for-sale/london?page=7,2025-06-13 21:06:42,7
https://www.foxtons.co.uk/properties-for-sale/ha0/chpk2998280,https://www.foxtons.co.uk/houses-for-sale/ealing?page=1,2025-06-13 23:04:10,1
https://www.foxtons.co.uk/properties-for-sale/ha0/chpk2999451,https://www.foxtons.co.uk/flats-for-sale/london?page=40,2025-06-13 21:13:37,40
https://www.foxtons.co.uk/properties-for-sale/ha0/chpk3001051,https://www.foxtons.co.uk/flats-for-sale/london?page=48,2025-06-13 21:14:37,48
https://www.foxtons.co.uk/properties-for-sale/ha0/chpk3008816,https://www.foxtons.co.uk/flats-for-sale/london?page=35,2025-06-13 21:13:07,35
https://www.foxtons.co.uk/properties-for-sale/ha0/chpk3012209,https://www.foxtons.co.uk/houses-for-sale/london?page=7,2025-06-13 21:06:42,7
https://www.foxtons.co.uk/properties-for-sale/ha0/chpk3677190,https://www.foxtons.co.uk/flats-for-sale/london?page=43,2025-06-13 21:13:54,43
https://www.foxtons.co.uk/properties-for-sale/ha0/chpk4053673,https://www.foxtons.co.uk/flats-for-sale/london?page=53,2025-06-13 21:17:34,53
https://www.foxtons.co.uk/properties-for-sale/ha0/chpk4053676,https://www.foxtons.co.uk/flats-for-sale/london?page=52,2025-06-13 21:17:29,52
https://www.foxtons.co.uk/properties-for-sale/ha0/chpk4322821,https://www.foxtons.co.uk/flats-for-sale/london?page=50,2025-06-13 21:15:33,50
https://www.foxtons.co.uk/properties-for-sale/ha0/chpk4334177,https://www.foxtons.co.uk/flats-for-sale/london?page=36,2025-06-13 21:13:15,36
https://www.foxtons.co.uk/properties-for-sale/ha0/chpk4367351,https://www.foxtons.co.uk/flats-for-sale/london?page=36,2025-06-13 21:13:15,36
https://www.foxtons.co.uk/properties-for-sale/ha0/chpk4419479,https://www.foxtons.co.uk/flats-for-sale/london?page=34,2025-06-13 21:13:02,34
https://www.foxtons.co.uk/properties-for-sale/ha0/chpk4419516,https://www.foxtons.co.uk/flats-for-sale/london?page=48,2025-06-13 21:14:37,48
https://www.foxtons.co.uk/properties-for-sale/ha0/chpk4423955,https://www.foxtons.co.uk/flats-for-sale/london?page=42,2025-06-13 21:13:48,42
https://www.foxtons.co.uk/properties-for-sale/ha0/chpk4626851,https://www.foxtons.co.uk/flats-for-sale/london?page=41,2025-06-13 21:13:43,41
https://www.foxtons.co.uk/properties-for-sale/ha0/chpk4937314,https://www.foxtons.co.uk/flats-for-sale/london?page=22,2025-06-13 21:11:56,22
https://www.foxtons.co.uk/properties-for-sale/ha0/chpk4937563,https://www.foxtons.co.uk/properties-for-sale/wembley?page=2,2025-06-14 00:18:44,2
https://www.foxtons.co.uk/properties-for-sale/ha0/chpk5006238,https://www.foxtons.co.uk/houses-for-sale/london?page=12,2025-06-13 21:09:46,12
https://www.foxtons.co.uk/properties-for-sale/ha0/chpk5471697,https://www.foxtons.co.uk/flats-for-sale/london?page=32,2025-06-13 21:12:51,32
https://www.foxtons.co.uk/properties-for-sale/ha0/chpk5471701,https://www.foxtons.co.uk/flats-for-sale/london?page=32,2025-06-13 21:12:51,32
https://www.foxtons.co.uk/properties-for-sale/ha0/chpk5471734,https://www.foxtons.co.uk/flats-for-sale/london?page=30,2025-06-13 21:12:40,30
https://www.foxtons.co.uk/properties-for-sale/ha0/nwca4889587,https://www.foxtons.co.uk/flats-for-sale/london?page=35,2025-06-13 21:13:07,35
https://www.foxtons.co.uk/properties-for-sale/ha0/nwca4889588,https://www.foxtons.co.uk/flats-for-sale/london?page=15,2025-06-13 21:11:17,15
https://www.foxtons.co.uk/properties-for-sale/ha0/nwca4889589,https://www.foxtons.co.uk/flats-for-sale/london?page=11,2025-06-13 21:10:56,11
https://www.foxtons.co.uk/properties-for-sale/ha0/nwca4915724,https://www.foxtons.co.uk/flats-for-sale/london?page=36,2025-06-13 21:13:15,36
https://www.foxtons.co.uk/properties-for-sale/ha0/nwca5263819,https://www.foxtons.co.uk/properties-for-sale/london?page=20,2025-06-13 21:20:09,20
https://www.foxtons.co.uk/properties-for-sale/ha0/nwca5264209,https://www.foxtons.co.uk/houses-for-sale/london?page=6,2025-06-13 21:06:25,6
https://www.foxtons.co.uk/properties-for-sale/ha0/nwca5267102,https://www.foxtons.co.uk/flats-for-sale/london?page=24,2025-06-13 21:12:07,24
https://www.foxtons.co.uk/properties-for-sale/ha0/nwca5268333,https://www.foxtons.co.uk/flats-for-sale/london?page=42,2025-06-13 21:13:48,42
https://www.foxtons.co.uk/properties-for-sale/ha0/nwca5268339,https://www.foxtons.co.uk/flats-for-sale/london?page=30,2025-06-13 21:12:40,30
https://www.foxtons.co.uk/properties-for-sale/ha1/chpk0343474,https://www.foxtons.co.uk/flats-for-sale/london?page=5,2025-06-13 21:10:22,5
https://www.foxtons.co.uk/properties-for-sale/ha1/chpk0368727,https://www.foxtons.co.uk/flats-for-sale/london?page=32,2025-06-13 21:12:51,32
https://www.foxtons.co.uk/properties-for-sale/ha1/chpk1163850,https://www.foxtons.co.uk/flats-for-sale/london?page=52,2025-06-13 21:17:29,52
https://www.foxtons.co.uk/properties-for-sale/ha1/chpk1189399,https://www.foxtons.co.uk/flats-for-sale/london?page=54,2025-06-13 21:17:43,54
https://www.foxtons.co.uk/properties-for-sale/ha1/chpk1219976,https://www.foxtons.co.uk/flats-for-sale/london?page=52,2025-06-13 21:17:29,52
https://www.foxtons.co.uk/properties-for-sale/ha1/chpk1265745,https://www.foxtons.co.uk/flats-for-sale/london?page=46,2025-06-13 21:14:10,46
https://www.foxtons.co.uk/properties-for-sale/ha1/chpk1268614,https://www.foxtons.co.uk/flats-for-sale/london?page=37,2025-06-13 21:13:20,37
https://www.foxtons.co.uk/properties-for-sale/ha1/chpk1283248,https://www.foxtons.co.uk/flats-for-sale/london?page=55,2025-06-13 21:17:48,55
https://www.foxtons.co.uk/properties-for-sale/ha1/chpk1318181,https://www.foxtons.co.uk/flats-for-sale/london?page=44,2025-06-13 21:13:59,44
https://www.foxtons.co.uk/properties-for-sale/ha1/chpk1325761,https://www.foxtons.co.uk/flats-for-sale/london?page=37,2025-06-13 21:13:20,37
https://www.foxtons.co.uk/properties-for-sale/ha1/chpk1336593,https://www.foxtons.co.uk/properties-for-sale/harrow?page=3,2025-06-13 23:22:03,3
https://www.foxtons.co.uk/properties-for-sale/ha1/chpk1340580,https://www.foxtons.co.uk/flats-for-sale/london?page=45,2025-06-13 21:14:05,45
https://www.foxtons.co.uk/properties-for-sale/ha1/chpk1364966,https://www.foxtons.co.uk/houses-for-sale/london?page=1,2025-06-13 21:05:14,1
https://www.foxtons.co.uk/properties-for-sale/ha1/chpk1365849,https://www.foxtons.co.uk/houses-for-sale/london?page=11,2025-06-13 21:09:41,11
https://www.foxtons.co.uk/properties-for-sale/ha1/chpk1366595,https://www.foxtons.co.uk/houses-for-sale/london?page=2,2025-06-13 21:05:20,2
https://www.foxtons.co.uk/properties-for-sale/ha1/chpk1406291,https://www.foxtons.co.uk/flats-for-sale/london?page=45,2025-06-13 21:14:05,45
https://www.foxtons.co.uk/properties-for-sale/ha1/chpk1409413,https://www.foxtons.co.uk/properties-for-sale/harrow?page=3,2025-06-13 23:22:03,3
https://www.foxtons.co.uk/properties-for-sale/ha1/chpk1487492,https://www.foxtons.co.uk/houses-for-sale/london?page=5,2025-06-13 21:06:19,5
https://www.foxtons.co.uk/properties-for-sale/ha1/chpk1503063,https://www.foxtons.co.uk/flats-for-sale/london?page=32,2025-06-13 21:12:51,32
https://www.foxtons.co.uk/properties-for-sale/ha1/chpk1547349,https://www.foxtons.co.uk/flats-for-sale/london?page=37,2025-06-13 21:13:20,37
https://www.foxtons.co.uk/properties-for-sale/ha1/chpk1592070,https://www.foxtons.co.uk/houses-for-sale/london?page=3,2025-06-13 21:05:38,3
https://www.foxtons.co.uk/properties-for-sale/ha1/chpk1627206,https://www.foxtons.co.uk/flats-for-sale/london?page=50,2025-06-13 21:15:33,50
https://www.foxtons.co.uk/properties-for-sale/ha1/chpk1662790,https://www.foxtons.co.uk/houses-for-sale/london?page=11,2025-06-13 21:09:41,11
https://www.foxtons.co.uk/properties-for-sale/ha1/chpk1754249,https://www.foxtons.co.uk/flats-for-sale/london?page=37,2025-06-13 21:13:20,37
https://www.foxtons.co.uk/properties-for-sale/ha1/chpk1823886,https://www.foxtons.co.uk/flats-for-sale/london?page=55,2025-06-13 21:17:48,55
https://www.foxtons.co.uk/properties-for-sale/ha1/chpk1852445,https://www.foxtons.co.uk/houses-for-sale/london?page=12,2025-06-13 21:09:46,12
https://www.foxtons.co.uk/properties-for-sale/ha1/chpk1874334,https://www.foxtons.co.uk/properties-for-sale/harrow?page=1,2025-06-13 23:21:43,1
https://www.foxtons.co.uk/properties-for-sale/ha1/chpk1925669,https://www.foxtons.co.uk/properties-for-sale/london?page=9,2025-06-13 21:18:45,9
https://www.foxtons.co.uk/properties-for-sale/ha1/chpk2005452,https://www.foxtons.co.uk/houses-for-sale/london?page=2,2025-06-13 21:05:20,2
https://www.foxtons.co.uk/properties-for-sale/ha1/chpk2036958,https://www.foxtons.co.uk/flats-for-sale/london?page=37,2025-06-13 21:13:20,37
https://www.foxtons.co.uk/properties-for-sale/ha1/chpk2089857,https://www.foxtons.co.uk/flats-for-sale/london?page=48,2025-06-13 21:14:37,48
https://www.foxtons.co.uk/properties-for-sale/ha1/chpk2094891,https://www.foxtons.co.uk/flats-for-sale/london?page=46,2025-06-13 21:14:10,46
https://www.foxtons.co.uk/properties-for-sale/ha1/chpk3669357,https://www.foxtons.co.uk/houses-for-sale/london?page=3,2025-06-13 21:05:38,3
https://www.foxtons.co.uk/properties-for-sale/ha1/chpk3715992,https://www.foxtons.co.uk/flats-for-sale/london?page=34,2025-06-13 21:13:02,34
https://www.foxtons.co.uk/properties-for-sale/ha1/chpk3716051,https://www.foxtons.co.uk/properties-for-sale/harrow?page=3,2025-06-13 23:22:03,3
https://www.foxtons.co.uk/properties-for-sale/ha1/chpk3866412,https://www.foxtons.co.uk/flats-for-sale/london?page=36,2025-06-13 21:13:15,36
https://www.foxtons.co.uk/properties-for-sale/ha1/chpk4085744,https://www.foxtons.co.uk/flats-for-sale/london?page=48,2025-06-13 21:14:37,48
https://www.foxtons.co.uk/properties-for-sale/ha1/chpk4123455,https://www.foxtons.co.uk/houses-for-sale/london?page=3,2025-06-13 21:05:38,3
https://www.foxtons.co.uk/properties-for-sale/ha1/chpk4309596,https://www.foxtons.co.uk/flats-for-sale/london?page=43,2025-06-13 21:13:54,43
https://www.foxtons.co.uk/properties-for-sale/ha1/chpk4320180,https://www.foxtons.co.uk/flats-for-sale/london?page=48,2025-06-13 21:14:37,48
https://www.foxtons.co.uk/properties-for-sale/ha1/chpk4320209,https://www.foxtons.co.uk/flats-for-sale/london?page=48,2025-06-13 21:14:37,48
https://www.foxtons.co.uk/properties-for-sale/ha1/chpk4350096,https://www.foxtons.co.uk/flats-for-sale/london?page=54,2025-06-13 21:17:43,54
https://www.foxtons.co.uk/properties-for-sale/ha1/chpk4350097,https://www.foxtons.co.uk/flats-for-sale/london?page=54,2025-06-13 21:17:43,54
https://www.foxtons.co.uk/properties-for-sale/ha1/chpk4350110,https://www.foxtons.co.uk/flats-for-sale/london?page=54,2025-06-13 21:17:43,54
https://www.foxtons.co.uk/properties-for-sale/ha1/chpk4350111,https://www.foxtons.co.uk/flats-for-sale/london?page=54,2025-06-13 21:17:43,54
https://www.foxtons.co.uk/properties-for-sale/ha1/chpk4350112,https://www.foxtons.co.uk/flats-for-sale/london?page=52,2025-06-13 21:17:29,52
https://www.foxtons.co.uk/properties-for-sale/ha1/chpk4350119,https://www.foxtons.co.uk/flats-for-sale/london?page=54,2025-06-13 21:17:43,54
https://www.foxtons.co.uk/properties-for-sale/ha1/chpk4350121,https://www.foxtons.co.uk/flats-for-sale/london?page=54,2025-06-13 21:17:43,54
https://www.foxtons.co.uk/properties-for-sale/ha1/chpk4350132,https://www.foxtons.co.uk/properties-for-sale/harrow?page=3,2025-06-13 23:22:03,3
https://www.foxtons.co.uk/properties-for-sale/ha1/chpk4351220,https://www.foxtons.co.uk/flats-for-sale/london?page=48,2025-06-13 21:14:37,48
https://www.foxtons.co.uk/properties-for-sale/ha1/chpk4542037,https://www.foxtons.co.uk/flats-for-sale/london?page=45,2025-06-13 21:14:05,45
https://www.foxtons.co.uk/properties-for-sale/ha1/chpk4542051,https://www.foxtons.co.uk/flats-for-sale/london?page=45,2025-06-13 21:14:05,45
https://www.foxtons.co.uk/properties-for-sale/ha1/chpk4542058,https://www.foxtons.co.uk/flats-for-sale/london?page=45,2025-06-13 21:14:05,45
https://www.foxtons.co.uk/properties-for-sale/ha1/chpk4542059,https://www.foxtons.co.uk/flats-for-sale/london?page=45,2025-06-13 21:14:05,45
https://www.foxtons.co.uk/properties-for-sale/ha1/chpk4548619,https://www.foxtons.co.uk/flats-for-sale/london?page=48,2025-06-13 21:14:37,48
https://www.foxtons.co.uk/properties-for-sale/ha1/chpk4555927,https://www.foxtons.co.uk/flats-for-sale/london?page=18,2025-06-13 21:11:34,18
https://www.foxtons.co.uk/properties-for-sale/ha1/chpk4555945,https://www.foxtons.co.uk/flats-for-sale/london?page=31,2025-06-13 21:12:46,31
https://www.foxtons.co.uk/properties-for-sale/ha1/chpk4628255,https://www.foxtons.co.uk/flats-for-sale/london?page=40,2025-06-13 21:13:37,40
https://www.foxtons.co.uk/properties-for-sale/ha1/chpk4628263,https://www.foxtons.co.uk/flats-for-sale/london?page=36,2025-06-13 21:13:15,36
https://www.foxtons.co.uk/properties-for-sale/ha1/chpk4636813,https://www.foxtons.co.uk/flats-for-sale/london?page=41,2025-06-13 21:13:43,41
https://www.foxtons.co.uk/properties-for-sale/ha1/chpk4636836,https://www.foxtons.co.uk/flats-for-sale/london?page=36,2025-06-13 21:13:15,36
https://www.foxtons.co.uk/properties-for-sale/ha1/chpk4636839,https://www.foxtons.co.uk/flats-for-sale/london?page=45,2025-06-13 21:14:05,45
https://www.foxtons.co.uk/properties-for-sale/ha1/chpk4639029,https://www.foxtons.co.uk/flats-for-sale/london?page=25,2025-06-13 21:12:13,25
https://www.foxtons.co.uk/properties-for-sale/ha1/chpk4646836,https://www.foxtons.co.uk/flats-for-sale/london?page=33,2025-06-13 21:12:57,33
https://www.foxtons.co.uk/properties-for-sale/ha1/chpk4646865,https://www.foxtons.co.uk/flats-for-sale/london?page=40,2025-06-13 21:13:37,40
https://www.foxtons.co.uk/properties-for-sale/ha1/chpk4647676,https://www.foxtons.co.uk/flats-for-sale/london?page=20,2025-06-13 21:11:45,20
https://www.foxtons.co.uk/properties-for-sale/ha1/chpk4647724,https://www.foxtons.co.uk/flats-for-sale/london?page=20,2025-06-13 21:11:45,20
https://www.foxtons.co.uk/properties-for-sale/ha1/chpk4649973,https://www.foxtons.co.uk/flats-for-sale/london?page=48,2025-06-13 21:14:37,48
https://www.foxtons.co.uk/properties-for-sale/ha1/chpk4650885,https://www.foxtons.co.uk/flats-for-sale/london?page=18,2025-06-13 21:11:34,18
https://www.foxtons.co.uk/properties-for-sale/ha1/chpk4650895,https://www.foxtons.co.uk/flats-for-sale/london?page=36,2025-06-13 21:13:15,36
https://www.foxtons.co.uk/properties-for-sale/ha1/chpk4650912,https://www.foxtons.co.uk/flats-for-sale/london?page=33,2025-06-13 21:12:57,33
https://www.foxtons.co.uk/properties-for-sale/ha1/chpk4650923,https://www.foxtons.co.uk/flats-for-sale/london?page=12,2025-06-13 21:11:01,12
https://www.foxtons.co.uk/properties-for-sale/ha1/chpk4661236,https://www.foxtons.co.uk/flats-for-sale/london?page=42,2025-06-13 21:13:48,42
https://www.foxtons.co.uk/properties-for-sale/ha1/chpk4662590,https://www.foxtons.co.uk/flats-for-sale/london?page=24,2025-06-13 21:12:07,24
https://www.foxtons.co.uk/properties-for-sale/ha1/chpk4891704,https://www.foxtons.co.uk/flats-for-sale/london?page=39,2025-06-13 21:13:32,39
https://www.foxtons.co.uk/properties-for-sale/ha1/chpk4891713,https://www.foxtons.co.uk/flats-for-sale/london?page=16,2025-06-13 21:11:23,16
https://www.foxtons.co.uk/properties-for-sale/ha1/chpk4891715,https://www.foxtons.co.uk/flats-for-sale/london?page=13,2025-06-13 21:11:07,13
https://www.foxtons.co.uk/properties-for-sale/ha1/chpk4923707,https://www.foxtons.co.uk/flats-for-sale/london?page=22,2025-06-13 21:11:56,22
https://www.foxtons.co.uk/properties-for-sale/ha1/chpk4924426,https://www.foxtons.co.uk/flats-for-sale/london?page=48,2025-06-13 21:14:37,48
https://www.foxtons.co.uk/properties-for-sale/ha1/chpk5093516,https://www.foxtons.co.uk/flats-for-sale/london?page=42,2025-06-13 21:13:48,42
https://www.foxtons.co.uk/properties-for-sale/ha1/chpk5093546,https://www.foxtons.co.uk/flats-for-sale/london?page=26,2025-06-13 21:12:18,26
https://www.foxtons.co.uk/properties-for-sale/ha1/chpk5133440,https://www.foxtons.co.uk/flats-for-sale/london?page=55,2025-06-13 21:17:48,55
https://www.foxtons.co.uk/properties-for-sale/ha1/chpk5134274,https://www.foxtons.co.uk/flats-for-sale/london?page=20,2025-06-13 21:11:45,20
https://www.foxtons.co.uk/properties-for-sale/ha1/chpk5134539,https://www.foxtons.co.uk/flats-for-sale/london?page=24,2025-06-13 21:12:07,24
https://www.foxtons.co.uk/properties-for-sale/ha1/chpk5168673,https://www.foxtons.co.uk/houses-for-sale/london?page=1,2025-06-13 21:05:14,1
https://www.foxtons.co.uk/properties-for-sale/ha1/chpk5212020,https://www.foxtons.co.uk/flats-for-sale/london?page=28,2025-06-13 21:12:29,28
https://www.foxtons.co.uk/properties-for-sale/ha1/chpk5212574,https://www.foxtons.co.uk/flats-for-sale/london?page=26,2025-06-13 21:12:18,26
https://www.foxtons.co.uk/properties-for-sale/ha1/chpk5270470,https://www.foxtons.co.uk/flats-for-sale/london?page=33,2025-06-13 21:12:57,33
https://www.foxtons.co.uk/properties-for-sale/ha1/chpk5980595,https://www.foxtons.co.uk/flats-for-sale/london?page=47,2025-06-13 21:14:29,47
https://www.foxtons.co.uk/properties-for-sale/ha1/nwca4092348,https://www.foxtons.co.uk/flats-for-sale/london?page=47,2025-06-13 21:14:29,47
https://www.foxtons.co.uk/properties-for-sale/ha1/nwca4640968,https://www.foxtons.co.uk/flats-for-sale/london?page=35,2025-06-13 21:13:07,35
https://www.foxtons.co.uk/properties-for-sale/ha1/nwca4642107,https://www.foxtons.co.uk/flats-for-sale/london?page=25,2025-06-13 21:12:13,25
https://www.foxtons.co.uk/properties-for-sale/ha1/nwca4642108,https://www.foxtons.co.uk/flats-for-sale/london?page=15,2025-06-13 21:11:17,15
https://www.foxtons.co.uk/properties-for-sale/ha1/nwca5261241,https://www.foxtons.co.uk/flats-for-sale/london?page=13,2025-06-13 21:11:07,13
https://www.foxtons.co.uk/properties-for-sale/ha1/nwca6205881,https://www.foxtons.co.uk/flats-for-sale/london?page=38,2025-06-13 21:13:26,38
https://www.foxtons.co.uk/properties-for-sale/ha1/nwca6205886,https://www.foxtons.co.uk/flats-for-sale/london?page=24,2025-06-13 21:12:07,24
https://www.foxtons.co.uk/properties-for-sale/ha1/nwca6205890,https://www.foxtons.co.uk/flats-for-sale/london?page=11,2025-06-13 21:10:56,11
https://www.foxtons.co.uk/properties-for-sale/ha2/chpk2962780,https://www.foxtons.co.uk/houses-for-sale/london?page=7,2025-06-13 21:06:42,7
https://www.foxtons.co.uk/properties-for-sale/ha2/chpk2968946,https://www.foxtons.co.uk/houses-for-sale/london?page=6,2025-06-13 21:06:25,6
https://www.foxtons.co.uk/properties-for-sale/ha2/chpk2970783,https://www.foxtons.co.uk/flats-for-sale/london?page=37,2025-06-13 21:13:20,37
https://www.foxtons.co.uk/properties-for-sale/ha2/chpk2971204,https://www.foxtons.co.uk/flats-for-sale/london?page=46,2025-06-13 21:14:10,46
https://www.foxtons.co.uk/properties-for-sale/ha2/chpk2974139,https://www.foxtons.co.uk/flats-for-sale/london?page=55,2025-06-13 21:17:48,55
https://www.foxtons.co.uk/properties-for-sale/ha2/chpk2975537,https://www.foxtons.co.uk/flats-for-sale/london?page=44,2025-06-13 21:13:59,44
https://www.foxtons.co.uk/properties-for-sale/ha2/chpk2975616,https://www.foxtons.co.uk/flats-for-sale/london?page=48,2025-06-13 21:14:37,48
https://www.foxtons.co.uk/properties-for-sale/ha2/chpk2975878,https://www.foxtons.co.uk/properties-for-sale/harrow?page=1,2025-06-13 23:21:43,1
https://www.foxtons.co.uk/properties-for-sale/ha2/chpk2982074,https://www.foxtons.co.uk/houses-for-sale/london?page=9,2025-06-13 21:07:22,9
https://www.foxtons.co.uk/properties-for-sale/ha2/chpk2982944,https://www.foxtons.co.uk/houses-for-sale/london?page=9,2025-06-13 21:07:22,9
https://www.foxtons.co.uk/properties-for-sale/ha2/chpk2983340,https://www.foxtons.co.uk/houses-for-sale/london?page=2,2025-06-13 21:05:20,2
https://www.foxtons.co.uk/properties-for-sale/ha2/chpk2983435,https://www.foxtons.co.uk/houses-for-sale/london?page=11,2025-06-13 21:09:41,11
https://www.foxtons.co.uk/properties-for-sale/ha2/chpk2986224,https://www.foxtons.co.uk/flats-for-sale/london?page=44,2025-06-13 21:13:59,44
https://www.foxtons.co.uk/properties-for-sale/ha2/chpk2987357,https://www.foxtons.co.uk/properties-for-sale/london?page=21,2025-06-13 21:20:15,21
https://www.foxtons.co.uk/properties-for-sale/ha2/chpk2987364,https://www.foxtons.co.uk/houses-for-sale/london?page=6,2025-06-13 21:06:25,6
https://www.foxtons.co.uk/properties-for-sale/ha2/chpk2987365,https://www.foxtons.co.uk/houses-for-sale/london?page=9,2025-06-13 21:07:22,9
https://www.foxtons.co.uk/properties-for-sale/ha2/chpk2987568,https://www.foxtons.co.uk/flats-for-sale/london?page=20,2025-06-13 21:11:45,20
https://www.foxtons.co.uk/properties-for-sale/ha2/chpk2990421,https://www.foxtons.co.uk/flats-for-sale/london?page=46,2025-06-13 21:14:10,46
https://www.foxtons.co.uk/properties-for-sale/ha2/chpk2991352,https://www.foxtons.co.uk/flats-for-sale/london?page=29,2025-06-13 21:12:35,29
https://www.foxtons.co.uk/properties-for-sale/ha2/chpk2991375,https://www.foxtons.co.uk/flats-for-sale/london?page=37,2025-06-13 21:13:20,37
https://www.foxtons.co.uk/properties-for-sale/ha2/chpk2991401,https://www.foxtons.co.uk/flats-for-sale/london?page=37,2025-06-13 21:13:20,37
https://www.foxtons.co.uk/properties-for-sale/ha2/chpk2991672,https://www.foxtons.co.uk/houses-for-sale/london?page=12,2025-06-13 21:09:46,12
https://www.foxtons.co.uk/properties-for-sale/ha2/chpk3395143,https://www.foxtons.co.uk/flats-for-sale/london?page=43,2025-06-13 21:13:54,43
https://www.foxtons.co.uk/properties-for-sale/ha2/chpk3465356,https://www.foxtons.co.uk/properties-for-sale/harrow?page=3,2025-06-13 23:22:03,3
https://www.foxtons.co.uk/properties-for-sale/ha2/chpk3592394,https://www.foxtons.co.uk/flats-for-sale/london?page=47,2025-06-13 21:14:29,47
https://www.foxtons.co.uk/properties-for-sale/ha2/chpk3635194,https://www.foxtons.co.uk/flats-for-sale/london?page=43,2025-06-13 21:13:54,43
https://www.foxtons.co.uk/properties-for-sale/ha2/chpk3649891,https://www.foxtons.co.uk/flats-for-sale/london?page=46,2025-06-13 21:14:10,46
https://www.foxtons.co.uk/properties-for-sale/ha2/chpk3662535,https://www.foxtons.co.uk/flats-for-sale/london?page=48,2025-06-13 21:14:37,48
https://www.foxtons.co.uk/properties-for-sale/ha2/chpk3663456,https://www.foxtons.co.uk/flats-for-sale/london?page=50,2025-06-13 21:15:33,50
https://www.foxtons.co.uk/properties-for-sale/ha2/chpk3685512,https://www.foxtons.co.uk/flats-for-sale/london?page=46,2025-06-13 21:14:10,46
https://www.foxtons.co.uk/properties-for-sale/ha2/chpk3687192,https://www.foxtons.co.uk/houses-for-sale/london?page=9,2025-06-13 21:07:22,9
https://www.foxtons.co.uk/properties-for-sale/ha2/chpk3850767,https://www.foxtons.co.uk/flats-for-sale/london?page=43,2025-06-13 21:13:54,43
https://www.foxtons.co.uk/properties-for-sale/ha2/chpk3866437,https://www.foxtons.co.uk/flats-for-sale/london?page=40,2025-06-13 21:13:37,40
https://www.foxtons.co.uk/properties-for-sale/ha2/chpk4145291,https://www.foxtons.co.uk/flats-for-sale/london?page=54,2025-06-13 21:17:43,54
https://www.foxtons.co.uk/properties-for-sale/ha2/chpk4624096,https://www.foxtons.co.uk/flats-for-sale/london?page=52,2025-06-13 21:17:29,52
https://www.foxtons.co.uk/properties-for-sale/ha2/chpk4626996,https://www.foxtons.co.uk/houses-for-sale/london?page=7,2025-06-13 21:06:42,7
https://www.foxtons.co.uk/properties-for-sale/ha2/chpk4653363,https://www.foxtons.co.uk/flats-for-sale/london?page=33,2025-06-13 21:12:57,33
https://www.foxtons.co.uk/properties-for-sale/ha2/chpk4913797,https://www.foxtons.co.uk/flats-for-sale/london?page=48,2025-06-13 21:14:37,48
https://www.foxtons.co.uk/properties-for-sale/ha2/chpk5133091,https://www.foxtons.co.uk/flats-for-sale/london?page=33,2025-06-13 21:12:57,33
https://www.foxtons.co.uk/properties-for-sale/ha2/chpk5133346,https://www.foxtons.co.uk/flats-for-sale/london?page=53,2025-06-13 21:17:34,53
https://www.foxtons.co.uk/properties-for-sale/ha2/chpk5133367,https://www.foxtons.co.uk/flats-for-sale/london?page=53,2025-06-13 21:17:34,53
https://www.foxtons.co.uk/properties-for-sale/ha3/chpk1260000,https://www.foxtons.co.uk/flats-for-sale/london?page=52,2025-06-13 21:17:29,52
https://www.foxtons.co.uk/properties-for-sale/ha3/chpk1390255,https://www.foxtons.co.uk/properties-for-sale/london?page=21,2025-06-13 21:20:15,21
https://www.foxtons.co.uk/properties-for-sale/ha3/chpk1412884,https://www.foxtons.co.uk/properties-for-sale/harrow?page=1,2025-06-13 23:21:43,1
https://www.foxtons.co.uk/properties-for-sale/ha3/chpk1445489,https://www.foxtons.co.uk/houses-for-sale/london?page=5,2025-06-13 21:06:19,5
https://www.foxtons.co.uk/properties-for-sale/ha3/chpk1621269,https://www.foxtons.co.uk/houses-for-sale/london?page=7,2025-06-13 21:06:42,7
https://www.foxtons.co.uk/properties-for-sale/ha3/chpk1633828,https://www.foxtons.co.uk/properties-for-sale/harrow?page=3,2025-06-13 23:22:03,3
https://www.foxtons.co.uk/properties-for-sale/ha3/chpk1659339,https://www.foxtons.co.uk/flats-for-sale/london?page=34,2025-06-13 21:13:02,34
https://www.foxtons.co.uk/properties-for-sale/ha3/chpk1681250,https://www.foxtons.co.uk/houses-for-sale/london?page=9,2025-06-13 21:07:22,9
https://www.foxtons.co.uk/properties-for-sale/ha3/chpk1762708,https://www.foxtons.co.uk/flats-for-sale/london?page=50,2025-06-13 21:15:33,50
https://www.foxtons.co.uk/properties-for-sale/ha3/chpk1784422,https://www.foxtons.co.uk/houses-for-sale/london?page=3,2025-06-13 21:05:38,3
https://www.foxtons.co.uk/properties-for-sale/ha3/chpk1801484,https://www.foxtons.co.uk/houses-for-sale/london?page=2,2025-06-13 21:05:20,2
https://www.foxtons.co.uk/properties-for-sale/ha3/chpk1814443,https://www.foxtons.co.uk/houses-for-sale/london?page=11,2025-06-13 21:09:41,11
https://www.foxtons.co.uk/properties-for-sale/ha3/chpk1825255,https://www.foxtons.co.uk/houses-for-sale/london?page=5,2025-06-13 21:06:19,5
https://www.foxtons.co.uk/properties-for-sale/ha3/chpk1999902,https://www.foxtons.co.uk/houses-for-sale/london?page=7,2025-06-13 21:06:42,7
https://www.foxtons.co.uk/properties-for-sale/ha3/chpk2158070,https://www.foxtons.co.uk/houses-for-sale/london?page=5,2025-06-13 21:06:19,5
https://www.foxtons.co.uk/properties-for-sale/ha3/chpk2160900,https://www.foxtons.co.uk/flats-for-sale/london?page=46,2025-06-13 21:14:10,46
https://www.foxtons.co.uk/properties-for-sale/ha3/chpk3713673,https://www.foxtons.co.uk/properties-for-sale/harrow?page=3,2025-06-13 23:22:03,3
https://www.foxtons.co.uk/properties-for-sale/ha3/chpk3853647,https://www.foxtons.co.uk/flats-for-sale/london?page=52,2025-06-13 21:17:29,52
https://www.foxtons.co.uk/properties-for-sale/ha3/chpk4068855,https://www.foxtons.co.uk/flats-for-sale/london?page=48,2025-06-13 21:14:37,48
https://www.foxtons.co.uk/properties-for-sale/ha3/chpk4116894,https://www.foxtons.co.uk/flats-for-sale/london?page=52,2025-06-13 21:17:29,52
https://www.foxtons.co.uk/properties-for-sale/ha3/chpk4410895,https://www.foxtons.co.uk/flats-for-sale/london?page=54,2025-06-13 21:17:43,54
https://www.foxtons.co.uk/properties-for-sale/ha3/chpk4410899,https://www.foxtons.co.uk/flats-for-sale/london?page=54,2025-06-13 21:17:43,54
https://www.foxtons.co.uk/properties-for-sale/ha3/chpk4411157,https://www.foxtons.co.uk/flats-for-sale/london?page=42,2025-06-13 21:13:48,42
https://www.foxtons.co.uk/properties-for-sale/ha3/chpk4419809,https://www.foxtons.co.uk/houses-for-sale/london?page=9,2025-06-13 21:07:22,9
https://www.foxtons.co.uk/properties-for-sale/ha3/chpk4657314,https://www.foxtons.co.uk/flats-for-sale/london?page=42,2025-06-13 21:13:48,42
https://www.foxtons.co.uk/properties-for-sale/ha3/chpk4664079,https://www.foxtons.co.uk/houses-for-sale/london?page=7,2025-06-13 21:06:42,7
https://www.foxtons.co.uk/properties-for-sale/ha3/chpk5093416,https://www.foxtons.co.uk/flats-for-sale/london?page=55,2025-06-13 21:17:48,55
https://www.foxtons.co.uk/properties-for-sale/ha3/chpk5270635,https://www.foxtons.co.uk/flats-for-sale/london?page=28,2025-06-13 21:12:29,28
https://www.foxtons.co.uk/properties-for-sale/ha3/chpk5270637,https://www.foxtons.co.uk/flats-for-sale/london?page=30,2025-06-13 21:12:40,30
https://www.foxtons.co.uk/properties-for-sale/ha3/pinn5250618,https://www.foxtons.co.uk/flats-for-sale/london?page=39,2025-06-13 21:13:32,39
https://www.foxtons.co.uk/properties-for-sale/ha4/chpk1195649,https://www.foxtons.co.uk/flats-for-sale/london?page=52,2025-06-13 21:17:29,52
https://www.foxtons.co.uk/properties-for-sale/ha4/chpk1443118,https://www.foxtons.co.uk/houses-for-sale/london?page=5,2025-06-13 21:06:19,5
https://www.foxtons.co.uk/properties-for-sale/ha4/chpk1805707,https://www.foxtons.co.uk/houses-for-sale/london?page=11,2025-06-13 21:09:41,11
https://www.foxtons.co.uk/properties-for-sale/ha4/chpk1940852,https://www.foxtons.co.uk/houses-for-sale/london?page=6,2025-06-13 21:06:25,6
https://www.foxtons.co.uk/properties-for-sale/ha4/chpk3687424,https://www.foxtons.co.uk/houses-for-sale/london?page=3,2025-06-13 21:05:38,3
https://www.foxtons.co.uk/properties-for-sale/ha4/chpk3687561,https://www.foxtons.co.uk/houses-for-sale/london?page=9,2025-06-13 21:07:22,9
https://www.foxtons.co.uk/properties-for-sale/ha4/chpk5083172,https://www.foxtons.co.uk/houses-for-sale/london?page=7,2025-06-13 21:06:42,7
https://www.foxtons.co.uk/properties-for-sale/ha4/chpk5126292,https://www.foxtons.co.uk/flats-for-sale/london?page=50,2025-06-13 21:15:33,50
https://www.foxtons.co.uk/properties-for-sale/ha4/chpk5126428,https://www.foxtons.co.uk/flats-for-sale/london?page=39,2025-06-13 21:13:32,39
https://www.foxtons.co.uk/properties-for-sale/ha5/chpk1208431,https://www.foxtons.co.uk/flats-for-sale/london?page=27,2025-06-13 21:12:24,27
https://www.foxtons.co.uk/properties-for-sale/ha5/chpk1217535,https://www.foxtons.co.uk/properties-for-sale/pinner?page=1,2025-06-13 23:49:08,1
https://www.foxtons.co.uk/properties-for-sale/ha5/chpk1524407,https://www.foxtons.co.uk/flats-for-sale/london?page=32,2025-06-13 21:12:51,32
https://www.foxtons.co.uk/properties-for-sale/ha5/chpk1607996,https://www.foxtons.co.uk/properties-for-sale/london?page=9,2025-06-13 21:18:45,9
https://www.foxtons.co.uk/properties-for-sale/ha5/chpk1665362,https://www.foxtons.co.uk/houses-for-sale/london?page=6,2025-06-13 21:06:25,6
https://www.foxtons.co.uk/properties-for-sale/ha5/chpk1675620,https://www.foxtons.co.uk/properties-for-sale/pinner?page=1,2025-06-13 23:49:08,1
https://www.foxtons.co.uk/properties-for-sale/ha5/chpk1923419,https://www.foxtons.co.uk/houses-for-sale/london?page=9,2025-06-13 21:07:22,9
https://www.foxtons.co.uk/properties-for-sale/ha5/chpk1989595,https://www.foxtons.co.uk/flats-for-sale/london?page=50,2025-06-13 21:15:33,50
https://www.foxtons.co.uk/properties-for-sale/ha5/chpk1999917,https://www.foxtons.co.uk/houses-for-sale/london?page=9,2025-06-13 21:07:22,9
https://www.foxtons.co.uk/properties-for-sale/ha5/chpk3388447,https://www.foxtons.co.uk/houses-for-sale/london?page=9,2025-06-13 21:07:22,9
https://www.foxtons.co.uk/properties-for-sale/ha5/chpk3399706,https://www.foxtons.co.uk/flats-for-sale/london?page=19,2025-06-13 21:11:39,19
https://www.foxtons.co.uk/properties-for-sale/ha5/chpk4122351,https://www.foxtons.co.uk/flats-for-sale/london?page=31,2025-06-13 21:12:46,31
https://www.foxtons.co.uk/properties-for-sale/ha5/chpk4346601,https://www.foxtons.co.uk/flats-for-sale/london?page=52,2025-06-13 21:17:29,52
https://www.foxtons.co.uk/properties-for-sale/ha5/chpk5169613,https://www.foxtons.co.uk/flats-for-sale/london?page=26,2025-06-13 21:12:18,26
https://www.foxtons.co.uk/properties-for-sale/ha6/chpk0346223,https://www.foxtons.co.uk/flats-for-sale/london?page=54,2025-06-13 21:17:43,54
https://www.foxtons.co.uk/properties-for-sale/ha6/chpk0358868,https://www.foxtons.co.uk/houses-for-sale/london?page=5,2025-06-13 21:06:19,5
https://www.foxtons.co.uk/properties-for-sale/ha6/chpk1171918,https://www.foxtons.co.uk/flats-for-sale/london?page=20,2025-06-13 21:11:45,20
https://www.foxtons.co.uk/properties-for-sale/ha6/chpk1215149,https://www.foxtons.co.uk/flats-for-sale/london?page=7,2025-06-13 21:10:34,7
https://www.foxtons.co.uk/properties-for-sale/ha6/chpk1251630,https://www.foxtons.co.uk/flats-for-sale/london?page=54,2025-06-13 21:17:43,54
https://www.foxtons.co.uk/properties-for-sale/ha6/chpk1613815,https://www.foxtons.co.uk/houses-for-sale/london?page=3,2025-06-13 21:05:38,3
https://www.foxtons.co.uk/properties-for-sale/ha6/chpk1698443,https://www.foxtons.co.uk/houses-for-sale/london?page=2,2025-06-13 21:05:20,2
https://www.foxtons.co.uk/properties-for-sale/ha6/chpk2096265,https://www.foxtons.co.uk/properties-for-sale/pinner?page=1,2025-06-13 23:49:08,1
https://www.foxtons.co.uk/properties-for-sale/ha6/chpk3375700,https://www.foxtons.co.uk/houses-for-sale/london?page=1,2025-06-13 21:05:14,1
https://www.foxtons.co.uk/properties-for-sale/ha6/ptny5230090,https://www.foxtons.co.uk/flats-for-sale/london?page=7,2025-06-13 21:10:34,7
https://www.foxtons.co.uk/properties-for-sale/ha7/chpk0340847,https://www.foxtons.co.uk/flats-for-sale/london?page=41,2025-06-13 21:13:43,41
https://www.foxtons.co.uk/properties-for-sale/ha7/chpk1174617,https://www.foxtons.co.uk/properties-for-sale/harrow?page=3,2025-06-13 23:22:03,3
https://www.foxtons.co.uk/properties-for-sale/ha7/chpk1251076,https://www.foxtons.co.uk/flats-for-sale/london?page=20,2025-06-13 21:11:45,20
https://www.foxtons.co.uk/properties-for-sale/ha7/chpk1388261,https://www.foxtons.co.uk/houses-for-sale/london?page=5,2025-06-13 21:06:19,5
https://www.foxtons.co.uk/properties-for-sale/ha7/chpk1542254,https://www.foxtons.co.uk/flats-for-sale/london?page=43,2025-06-13 21:13:54,43
https://www.foxtons.co.uk/properties-for-sale/ha7/chpk1573738,https://www.foxtons.co.uk/properties-for-sale/harrow?page=1,2025-06-13 23:21:43,1
https://www.foxtons.co.uk/properties-for-sale/ha7/chpk1607375,https://www.foxtons.co.uk/houses-for-sale/london?page=7,2025-06-13 21:06:42,7
https://www.foxtons.co.uk/properties-for-sale/ha7/chpk1670592,https://www.foxtons.co.uk/flats-for-sale/london?page=37,2025-06-13 21:13:20,37
https://www.foxtons.co.uk/properties-for-sale/ha7/chpk1770083,https://www.foxtons.co.uk/houses-for-sale/london?page=12,2025-06-13 21:09:46,12
https://www.foxtons.co.uk/properties-for-sale/ha7/chpk1936754,https://www.foxtons.co.uk/properties-for-sale/london?page=22,2025-06-13 21:20:21,22
https://www.foxtons.co.uk/properties-for-sale/ha7/chpk2031429,https://www.foxtons.co.uk/houses-for-sale/london?page=13,2025-06-13 21:09:51,13
https://www.foxtons.co.uk/properties-for-sale/ha7/chpk2066512,https://www.foxtons.co.uk/houses-for-sale/london?page=6,2025-06-13 21:06:25,6
https://www.foxtons.co.uk/properties-for-sale/ha7/chpk2070228,https://www.foxtons.co.uk/flats-for-sale/london?page=35,2025-06-13 21:13:07,35
https://www.foxtons.co.uk/properties-for-sale/ha7/chpk2086328,https://www.foxtons.co.uk/flats-for-sale/london?page=43,2025-06-13 21:13:54,43
https://www.foxtons.co.uk/properties-for-sale/ha7/chpk3466234,https://www.foxtons.co.uk/flats-for-sale/london?page=41,2025-06-13 21:13:43,41
https://www.foxtons.co.uk/properties-for-sale/ha7/chpk4577684,https://www.foxtons.co.uk/flats-for-sale/london?page=47,2025-06-13 21:14:29,47
https://www.foxtons.co.uk/properties-for-sale/ha7/chpk4577775,https://www.foxtons.co.uk/flats-for-sale/london?page=33,2025-06-13 21:12:57,33
https://www.foxtons.co.uk/properties-for-sale/ha7/chpk4577822,https://www.foxtons.co.uk/flats-for-sale/london?page=42,2025-06-13 21:13:48,42
https://www.foxtons.co.uk/properties-for-sale/ha7/chpk4577834,https://www.foxtons.co.uk/flats-for-sale/london?page=31,2025-06-13 21:12:46,31
https://www.foxtons.co.uk/properties-for-sale/ha7/chpk4577868,https://www.foxtons.co.uk/flats-for-sale/london?page=47,2025-06-13 21:14:29,47
https://www.foxtons.co.uk/properties-for-sale/ha7/chpk4577872,https://www.foxtons.co.uk/flats-for-sale/london?page=47,2025-06-13 21:14:29,47
https://www.foxtons.co.uk/properties-for-sale/ha7/chpk4577934,https://www.foxtons.co.uk/flats-for-sale/london?page=35,2025-06-13 21:13:07,35
https://www.foxtons.co.uk/properties-for-sale/ha7/chpk4577967,https://www.foxtons.co.uk/properties-for-sale/harrow?page=3,2025-06-13 23:22:03,3
https://www.foxtons.co.uk/properties-for-sale/ha7/chpk4578150,https://www.foxtons.co.uk/flats-for-sale/london?page=38,2025-06-13 21:13:26,38
https://www.foxtons.co.uk/properties-for-sale/ha7/chpk4578201,https://www.foxtons.co.uk/flats-for-sale/london?page=12,2025-06-13 21:11:01,12
https://www.foxtons.co.uk/properties-for-sale/ha7/chpk4578215,https://www.foxtons.co.uk/flats-for-sale/london?page=36,2025-06-13 21:13:15,36
https://www.foxtons.co.uk/properties-for-sale/ha7/chpk4580382,https://www.foxtons.co.uk/flats-for-sale/london?page=35,2025-06-13 21:13:07,35
https://www.foxtons.co.uk/properties-for-sale/ha7/chpk4580476,https://www.foxtons.co.uk/flats-for-sale/london?page=48,2025-06-13 21:14:37,48
https://www.foxtons.co.uk/properties-for-sale/ha7/chpk4586726,https://www.foxtons.co.uk/flats-for-sale/london?page=40,2025-06-13 21:13:37,40
https://www.foxtons.co.uk/properties-for-sale/ha7/chpk4586757,https://www.foxtons.co.uk/flats-for-sale/london?page=26,2025-06-13 21:12:18,26
https://www.foxtons.co.uk/properties-for-sale/ha7/chpk4586765,https://www.foxtons.co.uk/flats-for-sale/london?page=26,2025-06-13 21:12:18,26
https://www.foxtons.co.uk/properties-for-sale/ha7/chpk5133887,https://www.foxtons.co.uk/flats-for-sale/london?page=50,2025-06-13 21:15:33,50
https://www.foxtons.co.uk/properties-for-sale/ha7/chpk5133955,https://www.foxtons.co.uk/properties-for-sale/harrow?page=3,2025-06-13 23:22:03,3
https://www.foxtons.co.uk/properties-for-sale/ha7/chpk5133958,https://www.foxtons.co.uk/flats-for-sale/london?page=33,2025-06-13 21:12:57,33
https://www.foxtons.co.uk/properties-for-sale/ha7/chpk5134175,https://www.foxtons.co.uk/properties-for-sale/harrow?page=3,2025-06-13 23:22:03,3
https://www.foxtons.co.uk/properties-for-sale/ha7/chpk5269158,https://www.foxtons.co.uk/flats-for-sale/london?page=45,2025-06-13 21:14:05,45
https://www.foxtons.co.uk/properties-for-sale/ha7/chpk5269160,https://www.foxtons.co.uk/flats-for-sale/london?page=30,2025-06-13 21:12:40,30
https://www.foxtons.co.uk/properties-for-sale/ha7/chpk5269839,https://www.foxtons.co.uk/flats-for-sale/london?page=30,2025-06-13 21:12:40,30
https://www.foxtons.co.uk/properties-for-sale/ha7/chpk5269840,https://www.foxtons.co.uk/flats-for-sale/london?page=33,2025-06-13 21:12:57,33
https://www.foxtons.co.uk/properties-for-sale/ha8/chpk1208005,https://www.foxtons.co.uk/flats-for-sale/london?page=34,2025-06-13 21:13:02,34
https://www.foxtons.co.uk/properties-for-sale/ha8/chpk1388938,https://www.foxtons.co.uk/houses-for-sale/london?page=7,2025-06-13 21:06:42,7
https://www.foxtons.co.uk/properties-for-sale/ha8/chpk1402390,https://www.foxtons.co.uk/properties-for-sale/london?page=21,2025-06-13 21:20:15,21
https://www.foxtons.co.uk/properties-for-sale/ha8/chpk1473234,https://www.foxtons.co.uk/properties-for-sale/london?page=21,2025-06-13 21:20:15,21
https://www.foxtons.co.uk/properties-for-sale/ha8/chpk1519670,https://www.foxtons.co.uk/houses-for-sale/london?page=7,2025-06-13 21:06:42,7
https://www.foxtons.co.uk/properties-for-sale/ha8/chpk1570933,https://www.foxtons.co.uk/houses-for-sale/london?page=12,2025-06-13 21:09:46,12
https://www.foxtons.co.uk/properties-for-sale/ha8/chpk1591895,https://www.foxtons.co.uk/houses-for-sale/london?page=2,2025-06-13 21:05:20,2
https://www.foxtons.co.uk/properties-for-sale/ha8/chpk1803362,https://www.foxtons.co.uk/houses-for-sale/london?page=12,2025-06-13 21:09:46,12
https://www.foxtons.co.uk/properties-for-sale/ha8/chpk1919164,https://www.foxtons.co.uk/houses-for-sale/london?page=5,2025-06-13 21:06:19,5
https://www.foxtons.co.uk/properties-for-sale/ha8/chpk1927944,https://www.foxtons.co.uk/houses-for-sale/london?page=12,2025-06-13 21:09:46,12
https://www.foxtons.co.uk/properties-for-sale/ha8/chpk1938323,https://www.foxtons.co.uk/houses-for-sale/london?page=5,2025-06-13 21:06:19,5
https://www.foxtons.co.uk/properties-for-sale/ha8/chpk1944768,https://www.foxtons.co.uk/houses-for-sale/london?page=11,2025-06-13 21:09:41,11
https://www.foxtons.co.uk/properties-for-sale/ha8/chpk1986933,https://www.foxtons.co.uk/flats-for-sale/london?page=52,2025-06-13 21:17:29,52
https://www.foxtons.co.uk/properties-for-sale/ha8/chpk2014533,https://www.foxtons.co.uk/houses-for-sale/london?page=13,2025-06-13 21:09:51,13
https://www.foxtons.co.uk/properties-for-sale/ha8/chpk2034034,https://www.foxtons.co.uk/houses-for-sale/london?page=5,2025-06-13 21:06:19,5
https://www.foxtons.co.uk/properties-for-sale/ha8/chpk2066342,https://www.foxtons.co.uk/houses-for-sale/london?page=7,2025-06-13 21:06:42,7
https://www.foxtons.co.uk/properties-for-sale/ha8/chpk4590301,https://www.foxtons.co.uk/properties-for-sale/harrow?page=3,2025-06-13 23:22:03,3
https://www.foxtons.co.uk/properties-for-sale/ha8/chpk4593329,https://www.foxtons.co.uk/properties-for-sale/harrow?page=3,2025-06-13 23:22:03,3
https://www.foxtons.co.uk/properties-for-sale/ha8/chpk4596045,https://www.foxtons.co.uk/flats-for-sale/london?page=53,2025-06-13 21:17:34,53
https://www.foxtons.co.uk/properties-for-sale/ha8/chpk4599573,https://www.foxtons.co.uk/flats-for-sale/london?page=41,2025-06-13 21:13:43,41
https://www.foxtons.co.uk/properties-for-sale/ha9/chpk1249449,https://www.foxtons.co.uk/flats-for-sale/london?page=55,2025-06-13 21:17:48,55
https://www.foxtons.co.uk/properties-for-sale/ha9/chpk1409811,https://www.foxtons.co.uk/houses-for-sale/london?page=3,2025-06-13 21:05:38,3
https://www.foxtons.co.uk/properties-for-sale/ha9/chpk1444856,https://www.foxtons.co.uk/flats-for-sale/london?page=32,2025-06-13 21:12:51,32
https://www.foxtons.co.uk/properties-for-sale/ha9/chpk1524669,https://www.foxtons.co.uk/houses-for-sale/london?page=7,2025-06-13 21:06:42,7
https://www.foxtons.co.uk/properties-for-sale/ha9/chpk1539324,https://www.foxtons.co.uk/flats-for-sale/london?page=40,2025-06-13 21:13:37,40
https://www.foxtons.co.uk/properties-for-sale/ha9/chpk1594276,https://www.foxtons.co.uk/houses-for-sale/london?page=3,2025-06-13 21:05:38,3
https://www.foxtons.co.uk/properties-for-sale/ha9/chpk1595179,https://www.foxtons.co.uk/flats-for-sale/london?page=44,2025-06-13 21:13:59,44
https://www.foxtons.co.uk/properties-for-sale/ha9/chpk1615450,https://www.foxtons.co.uk/flats-for-sale/london?page=40,2025-06-13 21:13:37,40
https://www.foxtons.co.uk/properties-for-sale/ha9/chpk1662238,https://www.foxtons.co.uk/flats-for-sale/london?page=46,2025-06-13 21:14:10,46
https://www.foxtons.co.uk/properties-for-sale/ha9/chpk1668530,https://www.foxtons.co.uk/houses-for-sale/london?page=7,2025-06-13 21:06:42,7
https://www.foxtons.co.uk/properties-for-sale/ha9/chpk1713940,https://www.foxtons.co.uk/houses-for-sale/london?page=7,2025-06-13 21:06:42,7
https://www.foxtons.co.uk/properties-for-sale/ha9/chpk1796332,https://www.foxtons.co.uk/houses-for-sale/london?page=5,2025-06-13 21:06:19,5
https://www.foxtons.co.uk/properties-for-sale/ha9/chpk1873769,https://www.foxtons.co.uk/houses-for-sale/london?page=9,2025-06-13 21:07:22,9
https://www.foxtons.co.uk/properties-for-sale/ha9/chpk1885682,https://www.foxtons.co.uk/flats-for-sale/london?page=52,2025-06-13 21:17:29,52
https://www.foxtons.co.uk/properties-for-sale/ha9/chpk1921461,https://www.foxtons.co.uk/houses-for-sale/london?page=7,2025-06-13 21:06:42,7
https://www.foxtons.co.uk/properties-for-sale/ha9/chpk1966014,https://www.foxtons.co.uk/houses-for-sale/london?page=5,2025-06-13 21:06:19,5
https://www.foxtons.co.uk/properties-for-sale/ha9/chpk1972397,https://www.foxtons.co.uk/houses-for-sale/london?page=7,2025-06-13 21:06:42,7
https://www.foxtons.co.uk/properties-for-sale/ha9/chpk1992078,https://www.foxtons.co.uk/flats-for-sale/london?page=45,2025-06-13 21:14:05,45
https://www.foxtons.co.uk/properties-for-sale/ha9/chpk1993923,https://www.foxtons.co.uk/houses-for-sale/london?page=6,2025-06-13 21:06:25,6
https://www.foxtons.co.uk/properties-for-sale/ha9/chpk2031809,https://www.foxtons.co.uk/houses-for-sale/london?page=9,2025-06-13 21:07:22,9
https://www.foxtons.co.uk/properties-for-sale/ha9/chpk2037870,https://www.foxtons.co.uk/houses-for-sale/london?page=6,2025-06-13 21:06:25,6
https://www.foxtons.co.uk/properties-for-sale/ha9/chpk2065569,https://www.foxtons.co.uk/houses-for-sale/london?page=7,2025-06-13 21:06:42,7
https://www.foxtons.co.uk/properties-for-sale/ha9/chpk2083373,https://www.foxtons.co.uk/houses-for-sale/london?page=9,2025-06-13 21:07:22,9
https://www.foxtons.co.uk/properties-for-sale/ha9/chpk2092434,https://www.foxtons.co.uk/flats-for-sale/london?page=34,2025-06-13 21:13:02,34
https://www.foxtons.co.uk/properties-for-sale/ha9/chpk4310008,https://www.foxtons.co.uk/flats-for-sale/london?page=55,2025-06-13 21:17:48,55
https://www.foxtons.co.uk/properties-for-sale/ha9/chpk4310035,https://www.foxtons.co.uk/flats-for-sale/london?page=42,2025-06-13 21:13:48,42
https://www.foxtons.co.uk/properties-for-sale/ha9/chpk4410604,https://www.foxtons.co.uk/flats-for-sale/london?page=45,2025-06-13 21:14:05,45
https://www.foxtons.co.uk/properties-for-sale/ha9/chpk4414514,https://www.foxtons.co.uk/flats-for-sale/london?page=34,2025-06-13 21:13:02,34
https://www.foxtons.co.uk/properties-for-sale/ha9/chpk4414543,https://www.foxtons.co.uk/flats-for-sale/london?page=27,2025-06-13 21:12:24,27
https://www.foxtons.co.uk/properties-for-sale/ha9/chpk4414552,https://www.foxtons.co.uk/properties-for-sale/wembley?page=1,2025-06-14 00:18:39,1
https://www.foxtons.co.uk/properties-for-sale/ha9/chpk4416202,https://www.foxtons.co.uk/flats-for-sale/london?page=50,2025-06-13 21:15:33,50
https://www.foxtons.co.uk/properties-for-sale/ha9/chpk4416210,https://www.foxtons.co.uk/flats-for-sale/london?page=20,2025-06-13 21:11:45,20
https://www.foxtons.co.uk/properties-for-sale/ha9/chpk4417577,https://www.foxtons.co.uk/flats-for-sale/london?page=45,2025-06-13 21:14:05,45
https://www.foxtons.co.uk/properties-for-sale/ha9/chpk4422076,https://www.foxtons.co.uk/flats-for-sale/london?page=36,2025-06-13 21:13:15,36
https://www.foxtons.co.uk/properties-for-sale/ha9/chpk4424184,https://www.foxtons.co.uk/flats-for-sale/london?page=26,2025-06-13 21:12:18,26
https://www.foxtons.co.uk/properties-for-sale/ha9/chpk4425219,https://www.foxtons.co.uk/flats-for-sale/london?page=38,2025-06-13 21:13:26,38
https://www.foxtons.co.uk/properties-for-sale/ha9/chpk4425229,https://www.foxtons.co.uk/flats-for-sale/london?page=14,2025-06-13 21:11:12,14
https://www.foxtons.co.uk/properties-for-sale/ha9/chpk4425240,https://www.foxtons.co.uk/flats-for-sale/london?page=18,2025-06-13 21:11:34,18
https://www.foxtons.co.uk/properties-for-sale/ha9/chpk4425255,https://www.foxtons.co.uk/flats-for-sale/london?page=38,2025-06-13 21:13:26,38
https://www.foxtons.co.uk/properties-for-sale/ha9/chpk4425259,https://www.foxtons.co.uk/flats-for-sale/london?page=33,2025-06-13 21:12:57,33
https://www.foxtons.co.uk/properties-for-sale/ha9/chpk4425261,https://www.foxtons.co.uk/flats-for-sale/london?page=13,2025-06-13 21:11:07,13
https://www.foxtons.co.uk/properties-for-sale/ha9/chpk4425301,https://www.foxtons.co.uk/flats-for-sale/london?page=20,2025-06-13 21:11:45,20
https://www.foxtons.co.uk/properties-for-sale/ha9/chpk4425330,https://www.foxtons.co.uk/flats-for-sale/london?page=32,2025-06-13 21:12:51,32
https://www.foxtons.co.uk/properties-for-sale/ha9/chpk4425360,https://www.foxtons.co.uk/flats-for-sale/london?page=13,2025-06-13 21:11:07,13
https://www.foxtons.co.uk/properties-for-sale/ha9/chpk4465329,https://www.foxtons.co.uk/flats-for-sale/london?page=19,2025-06-13 21:11:39,19
https://www.foxtons.co.uk/properties-for-sale/ha9/chpk4465362,https://www.foxtons.co.uk/flats-for-sale/london?page=18,2025-06-13 21:11:34,18
https://www.foxtons.co.uk/properties-for-sale/ha9/chpk4465420,https://www.foxtons.co.uk/flats-for-sale/london?page=36,2025-06-13 21:13:15,36
https://www.foxtons.co.uk/properties-for-sale/ha9/chpk4465449,https://www.foxtons.co.uk/flats-for-sale/london?page=18,2025-06-13 21:11:34,18
https://www.foxtons.co.uk/properties-for-sale/ha9/chpk4531225,https://www.foxtons.co.uk/flats-for-sale/london?page=47,2025-06-13 21:14:29,47
https://www.foxtons.co.uk/properties-for-sale/ha9/chpk4624260,https://www.foxtons.co.uk/flats-for-sale/london?page=55,2025-06-13 21:17:48,55
https://www.foxtons.co.uk/properties-for-sale/ha9/chpk4627447,https://www.foxtons.co.uk/flats-for-sale/london?page=40,2025-06-13 21:13:37,40
https://www.foxtons.co.uk/properties-for-sale/ha9/chpk4636973,https://www.foxtons.co.uk/flats-for-sale/london?page=31,2025-06-13 21:12:46,31
https://www.foxtons.co.uk/properties-for-sale/ha9/chpk4915981,https://www.foxtons.co.uk/houses-for-sale/london?page=5,2025-06-13 21:06:19,5
https://www.foxtons.co.uk/properties-for-sale/ha9/chpk5001742,https://www.foxtons.co.uk/flats-for-sale/london?page=48,2025-06-13 21:14:37,48
https://www.foxtons.co.uk/properties-for-sale/ha9/chpk5002738,https://www.foxtons.co.uk/houses-for-sale/london?page=5,2025-06-13 21:06:19,5
https://www.foxtons.co.uk/properties-for-sale/ha9/chpk5003235,https://www.foxtons.co.uk/flats-for-sale/london?page=41,2025-06-13 21:13:43,41
https://www.foxtons.co.uk/properties-for-sale/ha9/chpk5007196,https://www.foxtons.co.uk/flats-for-sale/london?page=39,2025-06-13 21:13:32,39
https://www.foxtons.co.uk/properties-for-sale/ha9/chpk5010970,https://www.foxtons.co.uk/flats-for-sale/london?page=55,2025-06-13 21:17:48,55
https://www.foxtons.co.uk/properties-for-sale/ha9/chpk5011042,https://www.foxtons.co.uk/flats-for-sale/london?page=36,2025-06-13 21:13:15,36
https://www.foxtons.co.uk/properties-for-sale/ha9/chpk5011061,https://www.foxtons.co.uk/flats-for-sale/london?page=13,2025-06-13 21:11:07,13
https://www.foxtons.co.uk/properties-for-sale/ha9/chpk5263875,https://www.foxtons.co.uk/flats-for-sale/london?page=47,2025-06-13 21:14:29,47
https://www.foxtons.co.uk/properties-for-sale/ha9/chpk5267239,https://www.foxtons.co.uk/flats-for-sale/london?page=15,2025-06-13 21:11:17,15
https://www.foxtons.co.uk/properties-for-sale/ha9/chpk5270943,https://www.foxtons.co.uk/flats-for-sale/london?page=36,2025-06-13 21:13:15,36
https://www.foxtons.co.uk/properties-for-sale/ha9/chpk5271788,https://www.foxtons.co.uk/houses-for-sale/london?page=7,2025-06-13 21:06:42,7
https://www.foxtons.co.uk/properties-for-sale/ha9/chpk5464405,https://www.foxtons.co.uk/flats-for-sale/london?page=38,2025-06-13 21:13:26,38
https://www.foxtons.co.uk/properties-for-sale/ha9/nwca5232322,https://www.foxtons.co.uk/flats-for-sale/london?page=25,2025-06-13 21:12:13,25
https://www.foxtons.co.uk/properties-for-sale/ha9/nwca5232323,https://www.foxtons.co.uk/flats-for-sale/london?page=15,2025-06-13 21:11:17,15
https://www.foxtons.co.uk/properties-for-sale/ha9/nwca5250242,https://www.foxtons.co.uk/flats-for-sale/london?page=9,2025-06-13 21:10:45,9
https://www.foxtons.co.uk/properties-for-sale/ha9/nwca5250243,https://www.foxtons.co.uk/flats-for-sale/london?page=12,2025-06-13 21:11:01,12
https://www.foxtons.co.uk/properties-for-sale/ha9/nwca5250274,https://www.foxtons.co.uk/flats-for-sale/london?page=15,2025-06-13 21:11:17,15
https://www.foxtons.co.uk/properties-for-sale/ha9/nwca5261590,https://www.foxtons.co.uk/houses-for-sale/london?page=2,2025-06-13 21:05:20,2
https://www.foxtons.co.uk/properties-for-sale/ha9/slsq5272387,https://www.foxtons.co.uk/flats-for-sale/london?page=38,2025-06-13 21:13:26,38
https://www.foxtons.co.uk/properties-for-sale/ig3/nwca5264822,https://www.foxtons.co.uk/flats-for-sale/london?page=45,2025-06-13 21:14:05,45
https://www.foxtons.co.uk/properties-for-sale/ig3/nwca5264823,https://www.foxtons.co.uk/flats-for-sale/london?page=36,2025-06-13 21:13:15,36
https://www.foxtons.co.uk/properties-for-sale/kt1/chpk0290695,https://www.foxtons.co.uk/flats-for-sale/london?page=32,2025-06-13 21:12:51,32
https://www.foxtons.co.uk/properties-for-sale/kt1/chpk2914285,https://www.foxtons.co.uk/houses-for-sale/london?page=3,2025-06-13 21:05:38,3
https://www.foxtons.co.uk/properties-for-sale/kt1/chpk2914365,https://www.foxtons.co.uk/flats-for-sale/london?page=46,2025-06-13 21:14:10,46
https://www.foxtons.co.uk/properties-for-sale/kt1/chpk2928224,https://www.foxtons.co.uk/flats-for-sale/london?page=16,2025-06-13 21:11:23,16
https://www.foxtons.co.uk/properties-for-sale/kt1/chpk2928389,https://www.foxtons.co.uk/flats-for-sale/london?page=43,2025-06-13 21:13:54,43
https://www.foxtons.co.uk/properties-for-sale/kt1/chpk2929316,https://www.foxtons.co.uk/houses-for-sale/london?page=9,2025-06-13 21:07:22,9
https://www.foxtons.co.uk/properties-for-sale/kt1/chpk2931614,https://www.foxtons.co.uk/flats-for-sale/london?page=20,2025-06-13 21:11:45,20
https://www.foxtons.co.uk/properties-for-sale/kt1/chpk2932583,https://www.foxtons.co.uk/houses-for-sale/london?page=6,2025-06-13 21:06:25,6
https://www.foxtons.co.uk/properties-for-sale/kt1/chpk2932955,https://www.foxtons.co.uk/houses-for-sale/london?page=13,2025-06-13 21:09:51,13
https://www.foxtons.co.uk/properties-for-sale/kt1/chpk2934408,https://www.foxtons.co.uk/flats-for-sale/london?page=9,2025-06-13 21:10:45,9
https://www.foxtons.co.uk/properties-for-sale/kt1/chpk2936248,https://www.foxtons.co.uk/flats-for-sale/london?page=40,2025-06-13 21:13:37,40
https://www.foxtons.co.uk/properties-for-sale/kt1/chpk3677327,https://www.foxtons.co.uk/properties-for-sale/kingston?page=1,2025-06-13 23:29:04,1
https://www.foxtons.co.uk/properties-for-sale/kt1/chpk4915425,https://www.foxtons.co.uk/flats-for-sale/london?page=33,2025-06-13 21:12:57,33
https://www.foxtons.co.uk/properties-for-sale/kt1/chpk5247756,https://www.foxtons.co.uk/flats-for-sale/london?page=39,2025-06-13 21:13:32,39
https://www.foxtons.co.uk/properties-for-sale/kt1/chpk5249541,https://www.foxtons.co.uk/properties-for-sale/kingston?page=1,2025-06-13 23:29:04,1
https://www.foxtons.co.uk/properties-for-sale/kt1/chpk5270377,https://www.foxtons.co.uk/houses-for-sale/london?page=13,2025-06-13 21:09:51,13
https://www.foxtons.co.uk/properties-for-sale/kt1/chpk5270920,https://www.foxtons.co.uk/flats-for-sale/london?page=9,2025-06-13 21:10:45,9
https://www.foxtons.co.uk/properties-for-sale/kt1/chpk5431953,https://www.foxtons.co.uk/flats-for-sale/london?page=9,2025-06-13 21:10:45,9
https://www.foxtons.co.uk/properties-for-sale/kt1/kngs3631925,https://www.foxtons.co.uk/houses-for-sale/london?page=9,2025-06-13 21:07:22,9
https://www.foxtons.co.uk/properties-for-sale/kt1/nwca5266028,https://www.foxtons.co.uk/flats-for-sale/london?page=33,2025-06-13 21:12:57,33
https://www.foxtons.co.uk/properties-for-sale/kt1/nwca5266030,https://www.foxtons.co.uk/flats-for-sale/london?page=18,2025-06-13 21:11:34,18
https://www.foxtons.co.uk/properties-for-sale/kt1/nwca5266032,https://www.foxtons.co.uk/flats-for-sale/london?page=13,2025-06-13 21:11:07,13
https://www.foxtons.co.uk/properties-for-sale/kt1/ptny5234317,https://www.foxtons.co.uk/flats-for-sale/london?page=4,2025-06-13 21:10:16,4
https://www.foxtons.co.uk/properties-for-sale/kt1/ptny5242810,https://www.foxtons.co.uk/flats-for-sale/london?page=5,2025-06-13 21:10:22,5
https://www.foxtons.co.uk/properties-for-sale/kt1/ptny5268362,https://www.foxtons.co.uk/flats-for-sale/london?page=36,2025-06-13 21:13:15,36
https://www.foxtons.co.uk/properties-for-sale/kt14/chpk4465494,https://www.foxtons.co.uk/properties-for-sale/guildford?page=1,2025-06-13 23:15:28,1
https://www.foxtons.co.uk/properties-for-sale/kt17/chpk1737814,https://www.foxtons.co.uk/houses-for-sale/london?page=7,2025-06-13 21:06:42,7
https://www.foxtons.co.uk/properties-for-sale/kt19/chpk2004868,https://www.foxtons.co.uk/properties-for-sale/london?page=21,2025-06-13 21:20:15,21
https://www.foxtons.co.uk/properties-for-sale/kt2/chpk0155018,https://www.foxtons.co.uk/flats-for-sale/london?page=32,2025-06-13 21:12:51,32
https://www.foxtons.co.uk/properties-for-sale/kt2/chpk0269758,https://www.foxtons.co.uk/flats-for-sale/london?page=46,2025-06-13 21:14:10,46
https://www.foxtons.co.uk/properties-for-sale/kt2/chpk1209051,https://www.foxtons.co.uk/flats-for-sale/london?page=12,2025-06-13 21:11:01,12
https://www.foxtons.co.uk/properties-for-sale/kt2/chpk1315407,https://www.foxtons.co.uk/flats-for-sale/london?page=37,2025-06-13 21:13:20,37
https://www.foxtons.co.uk/properties-for-sale/kt2/chpk1375881,https://www.foxtons.co.uk/flats-for-sale/london?page=44,2025-06-13 21:13:59,44
https://www.foxtons.co.uk/properties-for-sale/kt2/chpk2846494,https://www.foxtons.co.uk/flats-for-sale/london?page=34,2025-06-13 21:13:02,34
https://www.foxtons.co.uk/properties-for-sale/kt2/chpk2846537,https://www.foxtons.co.uk/flats-for-sale/london?page=48,2025-06-13 21:14:37,48
https://www.foxtons.co.uk/properties-for-sale/kt2/chpk2854554,https://www.foxtons.co.uk/houses-for-sale/london?page=2,2025-06-13 21:05:20,2
https://www.foxtons.co.uk/properties-for-sale/kt2/chpk2854568,https://www.foxtons.co.uk/properties-for-sale/london?page=9,2025-06-13 21:18:45,9
https://www.foxtons.co.uk/properties-for-sale/kt2/chpk2865678,https://www.foxtons.co.uk/flats-for-sale/london?page=23,2025-06-13 21:12:01,23
https://www.foxtons.co.uk/properties-for-sale/kt2/chpk2868666,https://www.foxtons.co.uk/houses-for-sale/london?page=2,2025-06-13 21:05:20,2
https://www.foxtons.co.uk/properties-for-sale/kt2/chpk2868716,https://www.foxtons.co.uk/properties-for-sale/kingston?page=1,2025-06-13 23:29:04,1
https://www.foxtons.co.uk/properties-for-sale/kt2/chpk2868795,https://www.foxtons.co.uk/flats-for-sale/london?page=10,2025-06-13 21:10:50,10
https://www.foxtons.co.uk/properties-for-sale/kt2/chpk2868797,https://www.foxtons.co.uk/flats-for-sale/london?page=9,2025-06-13 21:10:45,9
https://www.foxtons.co.uk/properties-for-sale/kt2/chpk2869152,https://www.foxtons.co.uk/flats-for-sale/london?page=31,2025-06-13 21:12:46,31
https://www.foxtons.co.uk/properties-for-sale/kt2/chpk2870393,https://www.foxtons.co.uk/houses-for-sale/london?page=2,2025-06-13 21:05:20,2
https://www.foxtons.co.uk/properties-for-sale/kt2/chpk2874514,https://www.foxtons.co.uk/flats-for-sale/london?page=26,2025-06-13 21:12:18,26
https://www.foxtons.co.uk/properties-for-sale/kt2/chpk2874672,https://www.foxtons.co.uk/flats-for-sale/london?page=28,2025-06-13 21:12:29,28
https://www.foxtons.co.uk/properties-for-sale/kt2/chpk3398275,https://www.foxtons.co.uk/flats-for-sale/london?page=43,2025-06-13 21:13:54,43
https://www.foxtons.co.uk/properties-for-sale/kt2/chpk3868340,https://www.foxtons.co.uk/flats-for-sale/london?page=10,2025-06-13 21:10:50,10
https://www.foxtons.co.uk/properties-for-sale/kt2/chpk4637380,https://www.foxtons.co.uk/flats-for-sale/london?page=15,2025-06-13 21:11:17,15
https://www.foxtons.co.uk/properties-for-sale/kt2/chpk4658761,https://www.foxtons.co.uk/flats-for-sale/london?page=30,2025-06-13 21:12:40,30
https://www.foxtons.co.uk/properties-for-sale/kt2/chpk4888424,https://www.foxtons.co.uk/flats-for-sale/london?page=12,2025-06-13 21:11:01,12
https://www.foxtons.co.uk/properties-for-sale/kt2/chpk4888425,https://www.foxtons.co.uk/flats-for-sale/london?page=16,2025-06-13 21:11:23,16
https://www.foxtons.co.uk/properties-for-sale/kt2/chpk4916251,https://www.foxtons.co.uk/flats-for-sale/london?page=16,2025-06-13 21:11:23,16
https://www.foxtons.co.uk/properties-for-sale/kt3/chpk1327132,https://www.foxtons.co.uk/flats-for-sale/london?page=37,2025-06-13 21:13:20,37
https://www.foxtons.co.uk/properties-for-sale/kt3/chpk2822560,https://www.foxtons.co.uk/houses-for-sale/london?page=3,2025-06-13 21:05:38,3
https://www.foxtons.co.uk/properties-for-sale/kt3/chpk2825714,https://www.foxtons.co.uk/houses-for-sale/london?page=6,2025-06-13 21:06:25,6
https://www.foxtons.co.uk/properties-for-sale/kt3/chpk2829387,https://www.foxtons.co.uk/houses-for-sale/london?page=7,2025-06-13 21:06:42,7
https://www.foxtons.co.uk/properties-for-sale/kt3/chpk2829429,https://www.foxtons.co.uk/houses-for-sale/london?page=2,2025-06-13 21:05:20,2
https://www.foxtons.co.uk/properties-for-sale/kt3/chpk2829537,https://www.foxtons.co.uk/houses-for-sale/london?page=7,2025-06-13 21:06:42,7
https://www.foxtons.co.uk/properties-for-sale/kt3/chpk2834196,https://www.foxtons.co.uk/houses-for-sale/london?page=3,2025-06-13 21:05:38,3
https://www.foxtons.co.uk/properties-for-sale/kt3/chpk2836023,https://www.foxtons.co.uk/houses-for-sale/london?page=7,2025-06-13 21:06:42,7
https://www.foxtons.co.uk/properties-for-sale/kt3/chpk2836179,https://www.foxtons.co.uk/properties-for-sale/london?page=21,2025-06-13 21:20:15,21
https://www.foxtons.co.uk/properties-for-sale/kt3/chpk2836412,https://www.foxtons.co.uk/properties-for-sale/new-malden?page=1,2025-06-13 23:38:58,1
https://www.foxtons.co.uk/properties-for-sale/kt3/chpk2836904,https://www.foxtons.co.uk/flats-for-sale/london?page=46,2025-06-13 21:14:10,46
https://www.foxtons.co.uk/properties-for-sale/kt3/chpk2839456,https://www.foxtons.co.uk/houses-for-sale/london?page=7,2025-06-13 21:06:42,7
https://www.foxtons.co.uk/properties-for-sale/kt3/chpk2839621,https://www.foxtons.co.uk/houses-for-sale/london?page=6,2025-06-13 21:06:25,6
https://www.foxtons.co.uk/properties-for-sale/kt3/chpk2840104,https://www.foxtons.co.uk/properties-for-sale/kingston?page=1,2025-06-13 23:29:04,1
https://www.foxtons.co.uk/properties-for-sale/kt3/chpk2841630,https://www.foxtons.co.uk/houses-for-sale/london?page=7,2025-06-13 21:06:42,7
https://www.foxtons.co.uk/properties-for-sale/kt3/chpk2841787,https://www.foxtons.co.uk/properties-for-sale/london?page=21,2025-06-13 21:20:15,21
https://www.foxtons.co.uk/properties-for-sale/kt3/chpk2841877,https://www.foxtons.co.uk/houses-for-sale/london?page=6,2025-06-13 21:06:25,6
https://www.foxtons.co.uk/properties-for-sale/kt3/chpk2842304,https://www.foxtons.co.uk/houses-for-sale/london?page=7,2025-06-13 21:06:42,7
https://www.foxtons.co.uk/properties-for-sale/kt3/chpk2843594,https://www.foxtons.co.uk/houses-for-sale/london?page=5,2025-06-13 21:06:19,5
https://www.foxtons.co.uk/properties-for-sale/kt3/chpk2843647,https://www.foxtons.co.uk/houses-for-sale/london?page=9,2025-06-13 21:07:22,9
https://www.foxtons.co.uk/properties-for-sale/kt3/chpk2843798,https://www.foxtons.co.uk/flats-for-sale/london?page=43,2025-06-13 21:13:54,43
https://www.foxtons.co.uk/properties-for-sale/kt3/chpk2845022,https://www.foxtons.co.uk/properties-for-sale/london?page=22,2025-06-13 21:20:21,22
https://www.foxtons.co.uk/properties-for-sale/kt3/chpk2845031,https://www.foxtons.co.uk/properties-for-sale/london?page=8,2025-06-13 21:18:39,8
https://www.foxtons.co.uk/properties-for-sale/kt3/chpk2845129,https://www.foxtons.co.uk/flats-for-sale/london?page=50,2025-06-13 21:15:33,50
https://www.foxtons.co.uk/properties-for-sale/kt3/chpk2845189,https://www.foxtons.co.uk/flats-for-sale/london?page=48,2025-06-13 21:14:37,48
https://www.foxtons.co.uk/properties-for-sale/kt3/chpk2845258,https://www.foxtons.co.uk/flats-for-sale/london?page=41,2025-06-13 21:13:43,41
https://www.foxtons.co.uk/properties-for-sale/kt3/chpk2845467,https://www.foxtons.co.uk/houses-for-sale/london?page=3,2025-06-13 21:05:38,3
https://www.foxtons.co.uk/properties-for-sale/kt3/chpk2845957,https://www.foxtons.co.uk/houses-for-sale/london?page=7,2025-06-13 21:06:42,7
https://www.foxtons.co.uk/properties-for-sale/kt3/chpk2846123,https://www.foxtons.co.uk/flats-for-sale/london?page=40,2025-06-13 21:13:37,40
https://www.foxtons.co.uk/properties-for-sale/kt3/chpk2846729,https://www.foxtons.co.uk/houses-for-sale/london?page=7,2025-06-13 21:06:42,7
https://www.foxtons.co.uk/properties-for-sale/kt3/chpk2846986,https://www.foxtons.co.uk/houses-for-sale/london?page=5,2025-06-13 21:06:19,5
https://www.foxtons.co.uk/properties-for-sale/kt3/chpk2848694,https://www.foxtons.co.uk/properties-for-sale/london?page=22,2025-06-13 21:20:21,22
https://www.foxtons.co.uk/properties-for-sale/kt3/chpk2849363,https://www.foxtons.co.uk/houses-for-sale/london?page=9,2025-06-13 21:07:22,9
https://www.foxtons.co.uk/properties-for-sale/kt3/chpk2852499,https://www.foxtons.co.uk/houses-for-sale/london?page=2,2025-06-13 21:05:20,2
https://www.foxtons.co.uk/properties-for-sale/kt3/chpk2853376,https://www.foxtons.co.uk/houses-for-sale/london?page=7,2025-06-13 21:06:42,7
https://www.foxtons.co.uk/properties-for-sale/kt3/chpk2855668,https://www.foxtons.co.uk/flats-for-sale/london?page=37,2025-06-13 21:13:20,37
https://www.foxtons.co.uk/properties-for-sale/kt3/chpk2857253,https://www.foxtons.co.uk/houses-for-sale/london?page=1,2025-06-13 21:05:14,1
https://www.foxtons.co.uk/properties-for-sale/kt3/chpk2858735,https://www.foxtons.co.uk/houses-for-sale/london?page=2,2025-06-13 21:05:20,2
https://www.foxtons.co.uk/properties-for-sale/kt3/chpk2858842,https://www.foxtons.co.uk/flats-for-sale/london?page=31,2025-06-13 21:12:46,31
https://www.foxtons.co.uk/properties-for-sale/kt3/chpk2858895,https://www.foxtons.co.uk/flats-for-sale/london?page=38,2025-06-13 21:13:26,38
https://www.foxtons.co.uk/properties-for-sale/kt3/chpk2860439,https://www.foxtons.co.uk/houses-for-sale/london?page=13,2025-06-13 21:09:51,13
https://www.foxtons.co.uk/properties-for-sale/kt3/chpk2860476,https://www.foxtons.co.uk/flats-for-sale/london?page=41,2025-06-13 21:13:43,41
https://www.foxtons.co.uk/properties-for-sale/kt3/chpk2860780,https://www.foxtons.co.uk/houses-for-sale/london?page=2,2025-06-13 21:05:20,2
https://www.foxtons.co.uk/properties-for-sale/kt3/chpk2864719,https://www.foxtons.co.uk/houses-for-sale/london?page=7,2025-06-13 21:06:42,7
https://www.foxtons.co.uk/properties-for-sale/kt3/chpk4089532,https://www.foxtons.co.uk/flats-for-sale/london?page=43,2025-06-13 21:13:54,43
https://www.foxtons.co.uk/properties-for-sale/kt3/chpk4216833,https://www.foxtons.co.uk/properties-for-sale/kingston?page=1,2025-06-13 23:29:04,1
https://www.foxtons.co.uk/properties-for-sale/kt3/chpk4216901,https://www.foxtons.co.uk/flats-for-sale/london?page=39,2025-06-13 21:13:32,39
https://www.foxtons.co.uk/properties-for-sale/kt3/chpk4216962,https://www.foxtons.co.uk/houses-for-sale/london?page=3,2025-06-13 21:05:38,3
https://www.foxtons.co.uk/properties-for-sale/kt3/chpk4893413,https://www.foxtons.co.uk/houses-for-sale/london?page=1,2025-06-13 21:05:14,1
https://www.foxtons.co.uk/properties-for-sale/kt3/chpk4918243,https://www.foxtons.co.uk/properties-for-sale/new-malden?page=2,2025-06-13 23:39:04,2
https://www.foxtons.co.uk/properties-for-sale/kt3/chpk4993379,https://www.foxtons.co.uk/flats-for-sale/london?page=42,2025-06-13 21:13:48,42
https://www.foxtons.co.uk/properties-for-sale/kt3/chpk4993664,https://www.foxtons.co.uk/houses-for-sale/london?page=3,2025-06-13 21:05:38,3
https://www.foxtons.co.uk/properties-for-sale/kt3/chpk4994481,https://www.foxtons.co.uk/flats-for-sale/london?page=21,2025-06-13 21:11:50,21
https://www.foxtons.co.uk/properties-for-sale/kt3/chpk5243039,https://www.foxtons.co.uk/flats-for-sale/london?page=26,2025-06-13 21:12:18,26
https://www.foxtons.co.uk/properties-for-sale/kt3/chpk5251514,https://www.foxtons.co.uk/flats-for-sale/london?page=38,2025-06-13 21:13:26,38
https://www.foxtons.co.uk/properties-for-sale/kt3/chpk5434092,https://www.foxtons.co.uk/flats-for-sale/london?page=39,2025-06-13 21:13:32,39
https://www.foxtons.co.uk/properties-for-sale/kt3/chpk6205217,https://www.foxtons.co.uk/houses-for-sale/london?page=2,2025-06-13 21:05:20,2
https://www.foxtons.co.uk/properties-for-sale/kt3/nwca5245453,https://www.foxtons.co.uk/flats-for-sale/london?page=30,2025-06-13 21:12:40,30
https://www.foxtons.co.uk/properties-for-sale/kt3/nwca5245464,https://www.foxtons.co.uk/flats-for-sale/london?page=17,2025-06-13 21:11:29,17
https://www.foxtons.co.uk/properties-for-sale/kt3/nwca5245480,https://www.foxtons.co.uk/flats-for-sale/london?page=9,2025-06-13 21:10:45,9
https://www.foxtons.co.uk/properties-for-sale/kt3/nwhm4346437,https://www.foxtons.co.uk/flats-for-sale/london?page=53,2025-06-13 21:17:34,53
https://www.foxtons.co.uk/properties-for-sale/kt4/chpk2820151,https://www.foxtons.co.uk/houses-for-sale/london?page=6,2025-06-13 21:06:25,6
https://www.foxtons.co.uk/properties-for-sale/kt4/chpk2822470,https://www.foxtons.co.uk/houses-for-sale/london?page=5,2025-06-13 21:06:19,5
https://www.foxtons.co.uk/properties-for-sale/kt4/chpk2823327,https://www.foxtons.co.uk/flats-for-sale/london?page=50,2025-06-13 21:15:33,50
https://www.foxtons.co.uk/properties-for-sale/kt4/chpk2826605,https://www.foxtons.co.uk/flats-for-sale/london?page=30,2025-06-13 21:12:40,30
https://www.foxtons.co.uk/properties-for-sale/kt4/chpk2831042,https://www.foxtons.co.uk/houses-for-sale/london?page=11,2025-06-13 21:09:41,11
https://www.foxtons.co.uk/properties-for-sale/kt4/chpk2834547,https://www.foxtons.co.uk/houses-for-sale/london?page=6,2025-06-13 21:06:25,6
https://www.foxtons.co.uk/properties-for-sale/kt4/chpk2838880,https://www.foxtons.co.uk/houses-for-sale/london?page=7,2025-06-13 21:06:42,7
https://www.foxtons.co.uk/properties-for-sale/kt4/chpk2842728,https://www.foxtons.co.uk/houses-for-sale/london?page=6,2025-06-13 21:06:25,6
https://www.foxtons.co.uk/properties-for-sale/kt4/chpk3643860,https://www.foxtons.co.uk/flats-for-sale/london?page=36,2025-06-13 21:13:15,36
https://www.foxtons.co.uk/properties-for-sale/kt4/nwca5272477,https://www.foxtons.co.uk/flats-for-sale/london?page=39,2025-06-13 21:13:32,39
https://www.foxtons.co.uk/properties-for-sale/kt4/nwca5272484,https://www.foxtons.co.uk/flats-for-sale/london?page=28,2025-06-13 21:12:29,28
https://www.foxtons.co.uk/properties-for-sale/kt4/nwca5272487,https://www.foxtons.co.uk/flats-for-sale/london?page=20,2025-06-13 21:11:45,20
https://www.foxtons.co.uk/properties-for-sale/kt5/chpk2812359,https://www.foxtons.co.uk/houses-for-sale/london?page=5,2025-06-13 21:06:19,5
https://www.foxtons.co.uk/properties-for-sale/kt5/chpk2828941,https://www.foxtons.co.uk/houses-for-sale/london?page=6,2025-06-13 21:06:25,6
https://www.foxtons.co.uk/properties-for-sale/kt5/chpk2832310,https://www.foxtons.co.uk/flats-for-sale/london?page=43,2025-06-13 21:13:54,43
https://www.foxtons.co.uk/properties-for-sale/kt6/chpk0255600,https://www.foxtons.co.uk/flats-for-sale/london?page=38,2025-06-13 21:13:26,38
https://www.foxtons.co.uk/properties-for-sale/kt6/chpk1318512,https://www.foxtons.co.uk/flats-for-sale/london?page=34,2025-06-13 21:13:02,34
https://www.foxtons.co.uk/properties-for-sale/kt6/chpk2812603,https://www.foxtons.co.uk/houses-for-sale/london?page=6,2025-06-13 21:06:25,6
https://www.foxtons.co.uk/properties-for-sale/kt6/chpk2812634,https://www.foxtons.co.uk/houses-for-sale/london?page=2,2025-06-13 21:05:20,2
https://www.foxtons.co.uk/properties-for-sale/kt6/chpk2814996,https://www.foxtons.co.uk/flats-for-sale/london?page=29,2025-06-13 21:12:35,29
https://www.foxtons.co.uk/properties-for-sale/kt6/chpk2815396,https://www.foxtons.co.uk/flats-for-sale/london?page=19,2025-06-13 21:11:39,19
https://www.foxtons.co.uk/properties-for-sale/kt6/chpk2815419,https://www.foxtons.co.uk/flats-for-sale/london?page=36,2025-06-13 21:13:15,36
https://www.foxtons.co.uk/properties-for-sale/kt6/chpk2815659,https://www.foxtons.co.uk/flats-for-sale/london?page=47,2025-06-13 21:14:29,47
https://www.foxtons.co.uk/properties-for-sale/kt6/chpk2815667,https://www.foxtons.co.uk/flats-for-sale/london?page=31,2025-06-13 21:12:46,31
https://www.foxtons.co.uk/properties-for-sale/kt6/chpk2817050,https://www.foxtons.co.uk/flats-for-sale/london?page=43,2025-06-13 21:13:54,43
https://www.foxtons.co.uk/properties-for-sale/kt6/chpk2817052,https://www.foxtons.co.uk/flats-for-sale/london?page=40,2025-06-13 21:13:37,40
https://www.foxtons.co.uk/properties-for-sale/kt6/chpk2824662,https://www.foxtons.co.uk/houses-for-sale/london?page=9,2025-06-13 21:07:22,9
https://www.foxtons.co.uk/properties-for-sale/kt6/chpk4931617,https://www.foxtons.co.uk/flats-for-sale/london?page=42,2025-06-13 21:13:48,42
https://www.foxtons.co.uk/properties-for-sale/kt6/chpk4992654,https://www.foxtons.co.uk/flats-for-sale/london?page=27,2025-06-13 21:12:24,27
https://www.foxtons.co.uk/properties-for-sale/kt6/chpk4993326,https://www.foxtons.co.uk/flats-for-sale/london?page=54,2025-06-13 21:17:43,54
https://www.foxtons.co.uk/properties-for-sale/kt6/chpk4993990,https://www.foxtons.co.uk/flats-for-sale/london?page=33,2025-06-13 21:12:57,33
https://www.foxtons.co.uk/properties-for-sale/kt6/nwhm4652473,https://www.foxtons.co.uk/flats-for-sale/london?page=47,2025-06-13 21:14:29,47
https://www.foxtons.co.uk/properties-for-sale/kt7/chpk0248474,https://www.foxtons.co.uk/flats-for-sale/london?page=42,2025-06-13 21:13:48,42
https://www.foxtons.co.uk/properties-for-sale/kt8/chpk0120743,https://www.foxtons.co.uk/flats-for-sale/london?page=35,2025-06-13 21:13:07,35
https://www.foxtons.co.uk/properties-for-sale/kt8/chpk0135623,https://www.foxtons.co.uk/houses-for-sale/london?page=6,2025-06-13 21:06:25,6
https://www.foxtons.co.uk/properties-for-sale/kt8/chpk0161410,https://www.foxtons.co.uk/flats-for-sale/london?page=44,2025-06-13 21:13:59,44
https://www.foxtons.co.uk/properties-for-sale/kt8/chpk2795368,https://www.foxtons.co.uk/flats-for-sale/london?page=47,2025-06-13 21:14:29,47
https://www.foxtons.co.uk/properties-for-sale/kt8/chpk2795473,https://www.foxtons.co.uk/houses-for-sale/london?page=6,2025-06-13 21:06:25,6
https://www.foxtons.co.uk/properties-for-sale/kt8/chpk2798880,https://www.foxtons.co.uk/houses-for-sale/london?page=5,2025-06-13 21:06:19,5
https://www.foxtons.co.uk/properties-for-sale/kt8/chpk2804339,https://www.foxtons.co.uk/flats-for-sale/london?page=40,2025-06-13 21:13:37,40
https://www.foxtons.co.uk/properties-for-sale/kt8/chpk2804482,https://www.foxtons.co.uk/flats-for-sale/london?page=47,2025-06-13 21:14:29,47
https://www.foxtons.co.uk/properties-for-sale/kt8/chpk2804496,https://www.foxtons.co.uk/flats-for-sale/london?page=29,2025-06-13 21:12:35,29
https://www.foxtons.co.uk/properties-for-sale/kt8/chpk5193453,https://www.foxtons.co.uk/flats-for-sale/london?page=52,2025-06-13 21:17:29,52
https://www.foxtons.co.uk/properties-for-sale/n1/chpk0010244,https://www.foxtons.co.uk/properties-for-sale/london?page=9,2025-06-13 21:18:45,9
https://www.foxtons.co.uk/properties-for-sale/n1/chpk0039119,https://www.foxtons.co.uk/flats-for-sale/london?page=11,2025-06-13 21:10:56,11
https://www.foxtons.co.uk/properties-for-sale/n1/chpk0039567,https://www.foxtons.co.uk/flats-for-sale/london?page=8,2025-06-13 21:10:39,8
https://www.foxtons.co.uk/properties-for-sale/n1/chpk0124476,https://www.foxtons.co.uk/flats-for-sale/london?page=3,2025-06-13 21:10:10,3
https://www.foxtons.co.uk/properties-for-sale/n1/chpk0156968,https://www.foxtons.co.uk/flats-for-sale/london?page=27,2025-06-13 21:12:24,27
https://www.foxtons.co.uk/properties-for-sale/n1/chpk0158627,https://www.foxtons.co.uk/flats-for-sale/london?page=29,2025-06-13 21:12:35,29
https://www.foxtons.co.uk/properties-for-sale/n1/chpk0257142,https://www.foxtons.co.uk/properties-for-sale/london?page=22,2025-06-13 21:20:21,22
https://www.foxtons.co.uk/properties-for-sale/n1/chpk0259171,https://www.foxtons.co.uk/flats-for-sale/london?page=44,2025-06-13 21:13:59,44
https://www.foxtons.co.uk/properties-for-sale/n1/chpk0284359,https://www.foxtons.co.uk/flats-for-sale/london?page=7,2025-06-13 21:10:34,7
https://www.foxtons.co.uk/properties-for-sale/n1/chpk0284440,https://www.foxtons.co.uk/flats-for-sale/london?page=35,2025-06-13 21:13:07,35
https://www.foxtons.co.uk/properties-for-sale/n1/chpk1164799,https://www.foxtons.co.uk/flats-for-sale/london?page=30,2025-06-13 21:12:40,30
https://www.foxtons.co.uk/properties-for-sale/n1/chpk1208671,https://www.foxtons.co.uk/flats-for-sale/london?page=23,2025-06-13 21:12:01,23
https://www.foxtons.co.uk/properties-for-sale/n1/chpk1234741,https://www.foxtons.co.uk/flats-for-sale/london?page=11,2025-06-13 21:10:56,11
https://www.foxtons.co.uk/properties-for-sale/n1/chpk1289751,https://www.foxtons.co.uk/flats-for-sale/london?page=12,2025-06-13 21:11:01,12
https://www.foxtons.co.uk/properties-for-sale/n1/chpk2761100,https://www.foxtons.co.uk/flats-for-sale/london?page=33,2025-06-13 21:12:57,33
https://www.foxtons.co.uk/properties-for-sale/n1/chpk2761241,https://www.foxtons.co.uk/flats-for-sale/london?page=14,2025-06-13 21:11:12,14
https://www.foxtons.co.uk/properties-for-sale/n1/chpk2761701,https://www.foxtons.co.uk/flats-for-sale/london?page=31,2025-06-13 21:12:46,31
https://www.foxtons.co.uk/properties-for-sale/n1/chpk2771527,https://www.foxtons.co.uk/flats-for-sale/london?page=43,2025-06-13 21:13:54,43
https://www.foxtons.co.uk/properties-for-sale/n1/chpk2774702,https://www.foxtons.co.uk/flats-for-sale/london?page=47,2025-06-13 21:14:29,47
https://www.foxtons.co.uk/properties-for-sale/n1/chpk2776072,https://www.foxtons.co.uk/flats-for-sale/london?page=34,2025-06-13 21:13:02,34
https://www.foxtons.co.uk/properties-for-sale/n1/chpk2779518,https://www.foxtons.co.uk/flats-for-sale/london?page=40,2025-06-13 21:13:37,40
https://www.foxtons.co.uk/properties-for-sale/n1/chpk2779702,https://www.foxtons.co.uk/flats-for-sale/london?page=5,2025-06-13 21:10:22,5
https://www.foxtons.co.uk/properties-for-sale/n1/chpk2781902,https://www.foxtons.co.uk/flats-for-sale/london?page=29,2025-06-13 21:12:35,29
https://www.foxtons.co.uk/properties-for-sale/n1/chpk2783871,https://www.foxtons.co.uk/properties-for-sale/london?page=11,2025-06-13 21:19:16,11
https://www.foxtons.co.uk/properties-for-sale/n1/chpk2786042,https://www.foxtons.co.uk/flats-for-sale/london?page=35,2025-06-13 21:13:07,35
https://www.foxtons.co.uk/properties-for-sale/n1/chpk2786706,https://www.foxtons.co.uk/houses-for-sale/london?page=1,2025-06-13 21:05:14,1
https://www.foxtons.co.uk/properties-for-sale/n1/chpk2789373,https://www.foxtons.co.uk/houses-for-sale/london?page=2,2025-06-13 21:05:20,2
https://www.foxtons.co.uk/properties-for-sale/n1/chpk2791322,https://www.foxtons.co.uk/flats-for-sale/london?page=20,2025-06-13 21:11:45,20
https://www.foxtons.co.uk/properties-for-sale/n1/chpk2792470,https://www.foxtons.co.uk/houses-for-sale/london?page=1,2025-06-13 21:05:14,1
https://www.foxtons.co.uk/properties-for-sale/n1/chpk2794148,https://www.foxtons.co.uk/flats-for-sale/london?page=5,2025-06-13 21:10:22,5
https://www.foxtons.co.uk/properties-for-sale/n1/chpk2794484,https://www.foxtons.co.uk/flats-for-sale/london?page=47,2025-06-13 21:14:29,47
https://www.foxtons.co.uk/properties-for-sale/n1/chpk2795942,https://www.foxtons.co.uk/flats-for-sale/london?page=14,2025-06-13 21:11:12,14
https://www.foxtons.co.uk/properties-for-sale/n1/chpk2800111,https://www.foxtons.co.uk/houses-for-sale/london?page=6,2025-06-13 21:06:25,6
https://www.foxtons.co.uk/properties-for-sale/n1/chpk2803637,https://www.foxtons.co.uk/flats-for-sale/london?page=29,2025-06-13 21:12:35,29
https://www.foxtons.co.uk/properties-for-sale/n1/chpk2803887,https://www.foxtons.co.uk/houses-for-sale/london?page=1,2025-06-13 21:05:14,1
https://www.foxtons.co.uk/properties-for-sale/n1/chpk2811112,https://www.foxtons.co.uk/flats-for-sale/london?page=29,2025-06-13 21:12:35,29
https://www.foxtons.co.uk/properties-for-sale/n1/chpk3353759,https://www.foxtons.co.uk/flats-for-sale/london?page=29,2025-06-13 21:12:35,29
https://www.foxtons.co.uk/properties-for-sale/n1/chpk3599525,https://www.foxtons.co.uk/flats-for-sale/london?page=38,2025-06-13 21:13:26,38
https://www.foxtons.co.uk/properties-for-sale/n1/chpk3664254,https://www.foxtons.co.uk/flats-for-sale/london?page=17,2025-06-13 21:11:29,17
https://www.foxtons.co.uk/properties-for-sale/n1/chpk3664932,https://www.foxtons.co.uk/flats-for-sale/london?page=20,2025-06-13 21:11:45,20
https://www.foxtons.co.uk/properties-for-sale/n1/chpk3719073,https://www.foxtons.co.uk/flats-for-sale/london?page=35,2025-06-13 21:13:07,35
https://www.foxtons.co.uk/properties-for-sale/n1/chpk3844538,https://www.foxtons.co.uk/flats-for-sale/london?page=22,2025-06-13 21:11:56,22
https://www.foxtons.co.uk/properties-for-sale/n1/chpk3856351,https://www.foxtons.co.uk/flats-for-sale/london?page=36,2025-06-13 21:13:15,36
https://www.foxtons.co.uk/properties-for-sale/n1/chpk3856361,https://www.foxtons.co.uk/flats-for-sale/london?page=40,2025-06-13 21:13:37,40
https://www.foxtons.co.uk/properties-for-sale/n1/chpk3867131,https://www.foxtons.co.uk/flats-for-sale/london?page=34,2025-06-13 21:13:02,34
https://www.foxtons.co.uk/properties-for-sale/n1/chpk3879830,https://www.foxtons.co.uk/flats-for-sale/london?page=12,2025-06-13 21:11:01,12
https://www.foxtons.co.uk/properties-for-sale/n1/chpk4339103,https://www.foxtons.co.uk/flats-for-sale/london?page=8,2025-06-13 21:10:39,8
https://www.foxtons.co.uk/properties-for-sale/n1/chpk4339377,https://www.foxtons.co.uk/flats-for-sale/london?page=13,2025-06-13 21:11:07,13
https://www.foxtons.co.uk/properties-for-sale/n1/chpk5022849,https://www.foxtons.co.uk/houses-for-sale/london?page=3,2025-06-13 21:05:38,3
https://www.foxtons.co.uk/properties-for-sale/n1/chpk5042055,https://www.foxtons.co.uk/flats-for-sale/london?page=30,2025-06-13 21:12:40,30
https://www.foxtons.co.uk/properties-for-sale/n1/chpk5042192,https://www.foxtons.co.uk/flats-for-sale/london?page=14,2025-06-13 21:11:12,14
https://www.foxtons.co.uk/properties-for-sale/n1/chpk5517006,https://www.foxtons.co.uk/flats-for-sale/london?page=12,2025-06-13 21:11:01,12
https://www.foxtons.co.uk/properties-for-sale/n1/chpk5571419,https://www.foxtons.co.uk/flats-for-sale/london?page=13,2025-06-13 21:11:07,13
https://www.foxtons.co.uk/properties-for-sale/n1/ealg0054408,https://www.foxtons.co.uk/flats-for-sale/london?page=17,2025-06-13 21:11:29,17
https://www.foxtons.co.uk/properties-for-sale/n1/isln0090395,https://www.foxtons.co.uk/flats-for-sale/london?page=9,2025-06-13 21:10:45,9
https://www.foxtons.co.uk/properties-for-sale/n1/isln0095638,https://www.foxtons.co.uk/flats-for-sale/london?page=38,2025-06-13 21:13:26,38
https://www.foxtons.co.uk/properties-for-sale/n1/isln0101275,https://www.foxtons.co.uk/flats-for-sale/london?page=33,2025-06-13 21:12:57,33
https://www.foxtons.co.uk/properties-for-sale/n1/isln0101997,https://www.foxtons.co.uk/flats-for-sale/london?page=7,2025-06-13 21:10:34,7
https://www.foxtons.co.uk/properties-for-sale/n1/isln0226638,https://www.foxtons.co.uk/flats-for-sale/london?page=24,2025-06-13 21:12:07,24
https://www.foxtons.co.uk/properties-for-sale/n1/isln4559548,https://www.foxtons.co.uk/houses-for-sale/london?page=1,2025-06-13 21:05:14,1
https://www.foxtons.co.uk/properties-for-sale/n1/kncl0118684,https://www.foxtons.co.uk/flats-for-sale/london?page=20,2025-06-13 21:11:45,20
https://www.foxtons.co.uk/properties-for-sale/n1/nwhm4125541,https://www.foxtons.co.uk/flats-for-sale/london?page=9,2025-06-13 21:10:45,9
https://www.foxtons.co.uk/properties-for-sale/n1/ptny5243136,https://www.foxtons.co.uk/flats-for-sale/london?page=13,2025-06-13 21:11:07,13
https://www.foxtons.co.uk/properties-for-sale/n1/ptny5271393,https://www.foxtons.co.uk/flats-for-sale/london?page=30,2025-06-13 21:12:40,30
https://www.foxtons.co.uk/properties-for-sale/n1/shdh0195963,https://www.foxtons.co.uk/flats-for-sale/london?page=30,2025-06-13 21:12:40,30
https://www.foxtons.co.uk/properties-for-sale/n10/chpk0250045,https://www.foxtons.co.uk/houses-for-sale/london?page=3,2025-06-13 21:05:38,3
https://www.foxtons.co.uk/properties-for-sale/n10/chpk0261058,https://www.foxtons.co.uk/flats-for-sale/london?page=41,2025-06-13 21:13:43,41
https://www.foxtons.co.uk/properties-for-sale/n10/chpk2769719,https://www.foxtons.co.uk/houses-for-sale/london?page=5,2025-06-13 21:06:19,5
https://www.foxtons.co.uk/properties-for-sale/n10/chpk2781279,https://www.foxtons.co.uk/flats-for-sale/london?page=34,2025-06-13 21:13:02,34
https://www.foxtons.co.uk/properties-for-sale/n10/chpk3597917,https://www.foxtons.co.uk/flats-for-sale/london?page=43,2025-06-13 21:13:54,43
https://www.foxtons.co.uk/properties-for-sale/n10/chpk3668778,https://www.foxtons.co.uk/flats-for-sale/london?page=7,2025-06-13 21:10:34,7
https://www.foxtons.co.uk/properties-for-sale/n10/chpk6205973,https://www.foxtons.co.uk/flats-for-sale/london?page=10,2025-06-13 21:10:50,10
https://www.foxtons.co.uk/properties-for-sale/n10/nwhm4427720,https://www.foxtons.co.uk/flats-for-sale/london?page=35,2025-06-13 21:13:07,35
https://www.foxtons.co.uk/properties-for-sale/n11/chpk0159010,https://www.foxtons.co.uk/flats-for-sale/london?page=35,2025-06-13 21:13:07,35
https://www.foxtons.co.uk/properties-for-sale/n11/chpk0218982,https://www.foxtons.co.uk/flats-for-sale/london?page=52,2025-06-13 21:17:29,52
https://www.foxtons.co.uk/properties-for-sale/n11/chpk0348636,https://www.foxtons.co.uk/flats-for-sale/london?page=38,2025-06-13 21:13:26,38
https://www.foxtons.co.uk/properties-for-sale/n11/chpk0366143,https://www.foxtons.co.uk/flats-for-sale/london?page=11,2025-06-13 21:10:56,11
https://www.foxtons.co.uk/properties-for-sale/n11/chpk2743588,https://www.foxtons.co.uk/flats-for-sale/london?page=48,2025-06-13 21:14:37,48
https://www.foxtons.co.uk/properties-for-sale/n11/chpk2750862,https://www.foxtons.co.uk/flats-for-sale/london?page=9,2025-06-13 21:10:45,9
https://www.foxtons.co.uk/properties-for-sale/n11/chpk2750920,https://www.foxtons.co.uk/flats-for-sale/london?page=23,2025-06-13 21:12:01,23
https://www.foxtons.co.uk/properties-for-sale/n11/chpk2751225,https://www.foxtons.co.uk/flats-for-sale/london?page=40,2025-06-13 21:13:37,40
https://www.foxtons.co.uk/properties-for-sale/n11/chpk2751301,https://www.foxtons.co.uk/flats-for-sale/london?page=43,2025-06-13 21:13:54,43
https://www.foxtons.co.uk/properties-for-sale/n11/chpk2753780,https://www.foxtons.co.uk/flats-for-sale/london?page=25,2025-06-13 21:12:13,25
https://www.foxtons.co.uk/properties-for-sale/n11/chpk2754731,https://www.foxtons.co.uk/flats-for-sale/london?page=46,2025-06-13 21:14:10,46
https://www.foxtons.co.uk/properties-for-sale/n11/chpk2754843,https://www.foxtons.co.uk/flats-for-sale/london?page=20,2025-06-13 21:11:45,20
https://www.foxtons.co.uk/properties-for-sale/n11/chpk2754863,https://www.foxtons.co.uk/flats-for-sale/london?page=26,2025-06-13 21:12:18,26
https://www.foxtons.co.uk/properties-for-sale/n11/chpk2759209,https://www.foxtons.co.uk/properties-for-sale/north-finchley?page=1,2025-06-13 23:42:28,1
https://www.foxtons.co.uk/properties-for-sale/n11/chpk2766268,https://www.foxtons.co.uk/houses-for-sale/london?page=6,2025-06-13 21:06:25,6
https://www.foxtons.co.uk/properties-for-sale/n11/chpk3361865,https://www.foxtons.co.uk/flats-for-sale/london?page=41,2025-06-13 21:13:43,41
https://www.foxtons.co.uk/properties-for-sale/n11/chpk4928057,https://www.foxtons.co.uk/flats-for-sale/london?page=45,2025-06-13 21:14:05,45
https://www.foxtons.co.uk/properties-for-sale/n11/chpk5013833,https://www.foxtons.co.uk/flats-for-sale/london?page=18,2025-06-13 21:11:34,18
https://www.foxtons.co.uk/properties-for-sale/n11/mwhl0199914,https://www.foxtons.co.uk/flats-for-sale/london?page=30,2025-06-13 21:12:40,30
https://www.foxtons.co.uk/properties-for-sale/n12/chpk0337440,https://www.foxtons.co.uk/houses-for-sale/london?page=12,2025-06-13 21:09:46,12
https://www.foxtons.co.uk/properties-for-sale/n12/chpk1195438,https://www.foxtons.co.uk/flats-for-sale/london?page=27,2025-06-13 21:12:24,27
https://www.foxtons.co.uk/properties-for-sale/n12/chpk2726346,https://www.foxtons.co.uk/flats-for-sale/london?page=33,2025-06-13 21:12:57,33
https://www.foxtons.co.uk/properties-for-sale/n12/chpk2739967,https://www.foxtons.co.uk/flats-for-sale/london?page=37,2025-06-13 21:13:20,37
https://www.foxtons.co.uk/properties-for-sale/n12/chpk2742165,https://www.foxtons.co.uk/flats-for-sale/london?page=54,2025-06-13 21:17:43,54
https://www.foxtons.co.uk/properties-for-sale/n12/chpk2744574,https://www.foxtons.co.uk/flats-for-sale/london?page=37,2025-06-13 21:13:20,37
https://www.foxtons.co.uk/properties-for-sale/n12/chpk2744713,https://www.foxtons.co.uk/flats-for-sale/london?page=26,2025-06-13 21:12:18,26
https://www.foxtons.co.uk/properties-for-sale/n12/chpk2744930,https://www.foxtons.co.uk/flats-for-sale/london?page=47,2025-06-13 21:14:29,47
https://www.foxtons.co.uk/properties-for-sale/n12/chpk2747627,https://www.foxtons.co.uk/properties-for-sale/london?page=21,2025-06-13 21:20:15,21
https://www.foxtons.co.uk/properties-for-sale/n12/chpk2749395,https://www.foxtons.co.uk/flats-for-sale/london?page=54,2025-06-13 21:17:43,54
https://www.foxtons.co.uk/properties-for-sale/n12/chpk2749432,https://www.foxtons.co.uk/flats-for-sale/london?page=40,2025-06-13 21:13:37,40
https://www.foxtons.co.uk/properties-for-sale/n12/chpk2755950,https://www.foxtons.co.uk/flats-for-sale/london?page=43,2025-06-13 21:13:54,43
https://www.foxtons.co.uk/properties-for-sale/n12/chpk4053086,https://www.foxtons.co.uk/houses-for-sale/london?page=7,2025-06-13 21:06:42,7
https://www.foxtons.co.uk/properties-for-sale/n12/chpk5439445,https://www.foxtons.co.uk/flats-for-sale/london?page=26,2025-06-13 21:12:18,26
https://www.foxtons.co.uk/properties-for-sale/n12/nwca6204519,https://www.foxtons.co.uk/flats-for-sale/london?page=30,2025-06-13 21:12:40,30
https://www.foxtons.co.uk/properties-for-sale/n12/nwca6204520,https://www.foxtons.co.uk/flats-for-sale/london?page=20,2025-06-13 21:11:45,20
https://www.foxtons.co.uk/properties-for-sale/n13/chpk2736196,https://www.foxtons.co.uk/properties-for-sale/london?page=21,2025-06-13 21:20:15,21
https://www.foxtons.co.uk/properties-for-sale/n13/chpk2737377,https://www.foxtons.co.uk/houses-for-sale/london?page=9,2025-06-13 21:07:22,9
https://www.foxtons.co.uk/properties-for-sale/n13/chpk3793859,https://www.foxtons.co.uk/flats-for-sale/london?page=28,2025-06-13 21:12:29,28
https://www.foxtons.co.uk/properties-for-sale/n13/chpk3794043,https://www.foxtons.co.uk/flats-for-sale/london?page=43,2025-06-13 21:13:54,43
https://www.foxtons.co.uk/properties-for-sale/n13/chpk4661581,https://www.foxtons.co.uk/flats-for-sale/london?page=20,2025-06-13 21:11:45,20
https://www.foxtons.co.uk/properties-for-sale/n13/nwca5268508,https://www.foxtons.co.uk/houses-for-sale/london?page=9,2025-06-13 21:07:22,9
https://www.foxtons.co.uk/properties-for-sale/n13/nwca5268510,https://www.foxtons.co.uk/houses-for-sale/london?page=13,2025-06-13 21:09:51,13
https://www.foxtons.co.uk/properties-for-sale/n13/nwca5268515,https://www.foxtons.co.uk/houses-for-sale/london?page=11,2025-06-13 21:09:41,11
https://www.foxtons.co.uk/properties-for-sale/n14/chpk5148811,https://www.foxtons.co.uk/houses-for-sale/london?page=1,2025-06-13 21:05:14,1
https://www.foxtons.co.uk/properties-for-sale/n14/nwca5218281,https://www.foxtons.co.uk/flats-for-sale/london?page=38,2025-06-13 21:13:26,38
https://www.foxtons.co.uk/properties-for-sale/n14/nwca5218282,https://www.foxtons.co.uk/flats-for-sale/london?page=24,2025-06-13 21:12:07,24
https://www.foxtons.co.uk/properties-for-sale/n15/chpk1159678,https://www.foxtons.co.uk/properties-for-sale/stoke-newington?page=1,2025-06-14 00:04:05,1
https://www.foxtons.co.uk/properties-for-sale/n15/chpk1179526,https://www.foxtons.co.uk/flats-for-sale/london?page=50,2025-06-13 21:15:33,50
https://www.foxtons.co.uk/properties-for-sale/n15/chpk1783858,https://www.foxtons.co.uk/houses-for-sale/london?page=12,2025-06-13 21:09:46,12
https://www.foxtons.co.uk/properties-for-sale/n15/chpk4028899,https://www.foxtons.co.uk/houses-for-sale/london?page=9,2025-06-13 21:07:22,9
https://www.foxtons.co.uk/properties-for-sale/n15/chpk4029160,https://www.foxtons.co.uk/flats-for-sale/london?page=24,2025-06-13 21:12:07,24
https://www.foxtons.co.uk/properties-for-sale/n15/chpk4033046,https://www.foxtons.co.uk/flats-for-sale/london?page=34,2025-06-13 21:13:02,34
https://www.foxtons.co.uk/properties-for-sale/n15/chpk4033082,https://www.foxtons.co.uk/flats-for-sale/london?page=45,2025-06-13 21:14:05,45
https://www.foxtons.co.uk/properties-for-sale/n15/chpk4628878,https://www.foxtons.co.uk/flats-for-sale/london?page=40,2025-06-13 21:13:37,40
https://www.foxtons.co.uk/properties-for-sale/n15/chpk4636729,https://www.foxtons.co.uk/flats-for-sale/london?page=33,2025-06-13 21:12:57,33
https://www.foxtons.co.uk/properties-for-sale/n15/nwca5233263,https://www.foxtons.co.uk/flats-for-sale/london?page=30,2025-06-13 21:12:40,30
https://www.foxtons.co.uk/properties-for-sale/n15/nwhm4347129,https://www.foxtons.co.uk/flats-for-sale/london?page=42,2025-06-13 21:13:48,42
https://www.foxtons.co.uk/properties-for-sale/n16/chpk0148987,https://www.foxtons.co.uk/houses-for-sale/london?page=3,2025-06-13 21:05:38,3
https://www.foxtons.co.uk/properties-for-sale/n16/chpk0162410,https://www.foxtons.co.uk/flats-for-sale/london?page=16,2025-06-13 21:11:23,16
https://www.foxtons.co.uk/properties-for-sale/n16/chpk1210356,https://www.foxtons.co.uk/flats-for-sale/london?page=23,2025-06-13 21:12:01,23
https://www.foxtons.co.uk/properties-for-sale/n16/chpk2699452,https://www.foxtons.co.uk/flats-for-sale/london?page=26,2025-06-13 21:12:18,26
https://www.foxtons.co.uk/properties-for-sale/n16/chpk2706275,https://www.foxtons.co.uk/houses-for-sale/london?page=5,2025-06-13 21:06:19,5
https://www.foxtons.co.uk/properties-for-sale/n16/chpk2708980,https://www.foxtons.co.uk/flats-for-sale/london?page=23,2025-06-13 21:12:01,23
https://www.foxtons.co.uk/properties-for-sale/n16/chpk2709591,https://www.foxtons.co.uk/houses-for-sale/london?page=1,2025-06-13 21:05:14,1
https://www.foxtons.co.uk/properties-for-sale/n16/chpk2716606,https://www.foxtons.co.uk/flats-for-sale/london?page=43,2025-06-13 21:13:54,43
https://www.foxtons.co.uk/properties-for-sale/n16/chpk2717577,https://www.foxtons.co.uk/flats-for-sale/london?page=43,2025-06-13 21:13:54,43
https://www.foxtons.co.uk/properties-for-sale/n16/chpk2719384,https://www.foxtons.co.uk/houses-for-sale/london?page=1,2025-06-13 21:05:14,1
https://www.foxtons.co.uk/properties-for-sale/n16/chpk2720042,https://www.foxtons.co.uk/houses-for-sale/london?page=2,2025-06-13 21:05:20,2
https://www.foxtons.co.uk/properties-for-sale/n16/chpk2722058,https://www.foxtons.co.uk/flats-for-sale/london?page=31,2025-06-13 21:12:46,31
https://www.foxtons.co.uk/properties-for-sale/n16/chpk2723069,https://www.foxtons.co.uk/houses-for-sale/london?page=5,2025-06-13 21:06:19,5
https://www.foxtons.co.uk/properties-for-sale/n16/chpk2728463,https://www.foxtons.co.uk/flats-for-sale/london?page=19,2025-06-13 21:11:39,19
https://www.foxtons.co.uk/properties-for-sale/n16/chpk2731955,https://www.foxtons.co.uk/flats-for-sale/london?page=37,2025-06-13 21:13:20,37
https://www.foxtons.co.uk/properties-for-sale/n16/chpk2745599,https://www.foxtons.co.uk/flats-for-sale/london?page=21,2025-06-13 21:11:50,21
https://www.foxtons.co.uk/properties-for-sale/n16/chpk3645426,https://www.foxtons.co.uk/flats-for-sale/london?page=26,2025-06-13 21:12:18,26
https://www.foxtons.co.uk/properties-for-sale/n16/chpk3867159,https://www.foxtons.co.uk/flats-for-sale/london?page=36,2025-06-13 21:13:15,36
https://www.foxtons.co.uk/properties-for-sale/n16/chpk4050243,https://www.foxtons.co.uk/flats-for-sale/london?page=11,2025-06-13 21:10:56,11
https://www.foxtons.co.uk/properties-for-sale/n16/chpk4052131,https://www.foxtons.co.uk/flats-for-sale/london?page=19,2025-06-13 21:11:39,19
https://www.foxtons.co.uk/properties-for-sale/n16/chpk4085692,https://www.foxtons.co.uk/flats-for-sale/london?page=45,2025-06-13 21:14:05,45
https://www.foxtons.co.uk/properties-for-sale/n16/chpk5036712,https://www.foxtons.co.uk/flats-for-sale/london?page=22,2025-06-13 21:11:56,22
https://www.foxtons.co.uk/properties-for-sale/n16/chpk5212495,https://www.foxtons.co.uk/flats-for-sale/london?page=6,2025-06-13 21:10:28,6
https://www.foxtons.co.uk/properties-for-sale/n16/chpk5268161,https://www.foxtons.co.uk/properties-for-sale/hackney?page=1,2025-06-13 23:17:26,1
https://www.foxtons.co.uk/properties-for-sale/n16/chpk5561158,https://www.foxtons.co.uk/flats-for-sale/london?page=22,2025-06-13 21:11:56,22
https://www.foxtons.co.uk/properties-for-sale/n16/ealg0068864,https://www.foxtons.co.uk/flats-for-sale/london?page=13,2025-06-13 21:11:07,13
https://www.foxtons.co.uk/properties-for-sale/n16/isln0212902,https://www.foxtons.co.uk/flats-for-sale/london?page=22,2025-06-13 21:11:56,22
https://www.foxtons.co.uk/properties-for-sale/n16/isln0253886,https://www.foxtons.co.uk/houses-for-sale/london?page=9,2025-06-13 21:07:22,9
https://www.foxtons.co.uk/properties-for-sale/n16/nwhm0131119,https://www.foxtons.co.uk/flats-for-sale/london?page=21,2025-06-13 21:11:50,21
https://www.foxtons.co.uk/properties-for-sale/n17/chpk1354150,https://www.foxtons.co.uk/flats-for-sale/london?page=44,2025-06-13 21:13:59,44
https://www.foxtons.co.uk/properties-for-sale/n17/chpk2688938,https://www.foxtons.co.uk/houses-for-sale/london?page=9,2025-06-13 21:07:22,9
https://www.foxtons.co.uk/properties-for-sale/n17/chpk2696755,https://www.foxtons.co.uk/houses-for-sale/london?page=11,2025-06-13 21:09:41,11
https://www.foxtons.co.uk/properties-for-sale/n17/chpk2698028,https://www.foxtons.co.uk/flats-for-sale/london?page=29,2025-06-13 21:12:35,29
https://www.foxtons.co.uk/properties-for-sale/n17/chpk2699341,https://www.foxtons.co.uk/houses-for-sale/london?page=11,2025-06-13 21:09:41,11
https://www.foxtons.co.uk/properties-for-sale/n17/chpk2702469,https://www.foxtons.co.uk/flats-for-sale/london?page=23,2025-06-13 21:12:01,23
https://www.foxtons.co.uk/properties-for-sale/n17/chpk2702657,https://www.foxtons.co.uk/flats-for-sale/london?page=40,2025-06-13 21:13:37,40
https://www.foxtons.co.uk/properties-for-sale/n17/chpk2716191,https://www.foxtons.co.uk/houses-for-sale/london?page=7,2025-06-13 21:06:42,7
https://www.foxtons.co.uk/properties-for-sale/n17/chpk2726068,https://www.foxtons.co.uk/houses-for-sale/london?page=11,2025-06-13 21:09:41,11
https://www.foxtons.co.uk/properties-for-sale/n17/chpk4540981,https://www.foxtons.co.uk/flats-for-sale/london?page=28,2025-06-13 21:12:29,28
https://www.foxtons.co.uk/properties-for-sale/n17/chpk4550431,https://www.foxtons.co.uk/flats-for-sale/london?page=35,2025-06-13 21:13:07,35
https://www.foxtons.co.uk/properties-for-sale/n17/chpk5150799,https://www.foxtons.co.uk/flats-for-sale/london?page=39,2025-06-13 21:13:32,39
https://www.foxtons.co.uk/properties-for-sale/n17/chpk5166928,https://www.foxtons.co.uk/flats-for-sale/london?page=48,2025-06-13 21:14:37,48
https://www.foxtons.co.uk/properties-for-sale/n17/chpk5167044,https://www.foxtons.co.uk/houses-for-sale/london?page=11,2025-06-13 21:09:41,11
https://www.foxtons.co.uk/properties-for-sale/n17/chpk5252205,https://www.foxtons.co.uk/flats-for-sale/london?page=30,2025-06-13 21:12:40,30
https://www.foxtons.co.uk/properties-for-sale/n17/chpk6204647,https://www.foxtons.co.uk/flats-for-sale/london?page=42,2025-06-13 21:13:48,42
https://www.foxtons.co.uk/properties-for-sale/n17/chpk6204648,https://www.foxtons.co.uk/flats-for-sale/london?page=50,2025-06-13 21:15:33,50
https://www.foxtons.co.uk/properties-for-sale/n17/chpk6204649,https://www.foxtons.co.uk/flats-for-sale/london?page=45,2025-06-13 21:14:05,45
https://www.foxtons.co.uk/properties-for-sale/n17/ptny6205196,https://www.foxtons.co.uk/flats-for-sale/london?page=55,2025-06-13 21:17:48,55
https://www.foxtons.co.uk/properties-for-sale/n17/wood5269019,https://www.foxtons.co.uk/flats-for-sale/london?page=42,2025-06-13 21:13:48,42
https://www.foxtons.co.uk/properties-for-sale/n18/chpk4606823,https://www.foxtons.co.uk/houses-for-sale/london?page=12,2025-06-13 21:09:46,12
https://www.foxtons.co.uk/properties-for-sale/n18/chpk4607405,https://www.foxtons.co.uk/flats-for-sale/london?page=52,2025-06-13 21:17:29,52
https://www.foxtons.co.uk/properties-for-sale/n18/nwca5265895,https://www.foxtons.co.uk/flats-for-sale/london?page=44,2025-06-13 21:13:59,44
https://www.foxtons.co.uk/properties-for-sale/n18/nwca5265896,https://www.foxtons.co.uk/flats-for-sale/london?page=27,2025-06-13 21:12:24,27
https://www.foxtons.co.uk/properties-for-sale/n18/wood6204670,https://www.foxtons.co.uk/houses-for-sale/london?page=9,2025-06-13 21:07:22,9
https://www.foxtons.co.uk/properties-for-sale/n19/chpk0155187,https://www.foxtons.co.uk/flats-for-sale/london?page=27,2025-06-13 21:12:24,27
https://www.foxtons.co.uk/properties-for-sale/n19/chpk1339835,https://www.foxtons.co.uk/flats-for-sale/london?page=16,2025-06-13 21:11:23,16
https://www.foxtons.co.uk/properties-for-sale/n19/chpk2669691,https://www.foxtons.co.uk/flats-for-sale/london?page=27,2025-06-13 21:12:24,27
https://www.foxtons.co.uk/properties-for-sale/n19/chpk2670304,https://www.foxtons.co.uk/flats-for-sale/london?page=23,2025-06-13 21:12:01,23
https://www.foxtons.co.uk/properties-for-sale/n19/chpk2683304,https://www.foxtons.co.uk/houses-for-sale/london?page=1,2025-06-13 21:05:14,1
https://www.foxtons.co.uk/properties-for-sale/n19/chpk2686900,https://www.foxtons.co.uk/flats-for-sale/london?page=14,2025-06-13 21:11:12,14
https://www.foxtons.co.uk/properties-for-sale/n19/chpk2687961,https://www.foxtons.co.uk/properties-for-sale/london?page=21,2025-06-13 21:20:15,21
https://www.foxtons.co.uk/properties-for-sale/n19/chpk2688117,https://www.foxtons.co.uk/flats-for-sale/london?page=15,2025-06-13 21:11:17,15
https://www.foxtons.co.uk/properties-for-sale/n19/chpk2689558,https://www.foxtons.co.uk/flats-for-sale/london?page=44,2025-06-13 21:13:59,44
https://www.foxtons.co.uk/properties-for-sale/n19/chpk2696114,https://www.foxtons.co.uk/houses-for-sale/london?page=1,2025-06-13 21:05:14,1
https://www.foxtons.co.uk/properties-for-sale/n19/chpk2700009,https://www.foxtons.co.uk/houses-for-sale/london?page=2,2025-06-13 21:05:20,2
https://www.foxtons.co.uk/properties-for-sale/n19/chpk3386714,https://www.foxtons.co.uk/flats-for-sale/london?page=34,2025-06-13 21:13:02,34
https://www.foxtons.co.uk/properties-for-sale/n19/chpk4922936,https://www.foxtons.co.uk/flats-for-sale/london?page=13,2025-06-13 21:11:07,13
https://www.foxtons.co.uk/properties-for-sale/n1c/chpk4022334,https://www.foxtons.co.uk/flats-for-sale/london?page=3,2025-06-13 21:10:10,3
https://www.foxtons.co.uk/properties-for-sale/n1c/chpk4322706,https://www.foxtons.co.uk/flats-for-sale/london?page=5,2025-06-13 21:10:22,5
https://www.foxtons.co.uk/properties-for-sale/n1c/chpk4549941,https://www.foxtons.co.uk/flats-for-sale/london?page=3,2025-06-13 21:10:10,3
https://www.foxtons.co.uk/properties-for-sale/n1c/chpk4945874,https://www.foxtons.co.uk/flats-for-sale/london?page=16,2025-06-13 21:11:23,16
https://www.foxtons.co.uk/properties-for-sale/n2/chpk0297323,https://www.foxtons.co.uk/flats-for-sale/london?page=16,2025-06-13 21:11:23,16
https://www.foxtons.co.uk/properties-for-sale/n2/chpk0300132,https://www.foxtons.co.uk/houses-for-sale/london?page=11,2025-06-13 21:09:41,11
https://www.foxtons.co.uk/properties-for-sale/n2/chpk2668778,https://www.foxtons.co.uk/flats-for-sale/london?page=26,2025-06-13 21:12:18,26
https://www.foxtons.co.uk/properties-for-sale/n2/chpk2690837,https://www.foxtons.co.uk/flats-for-sale/london?page=52,2025-06-13 21:17:29,52
https://www.foxtons.co.uk/properties-for-sale/n2/nwhm4547307,https://www.foxtons.co.uk/flats-for-sale/london?page=8,2025-06-13 21:10:39,8
https://www.foxtons.co.uk/properties-for-sale/n2/nwhm4631376,https://www.foxtons.co.uk/flats-for-sale/london?page=45,2025-06-13 21:14:05,45
https://www.foxtons.co.uk/properties-for-sale/n20/chpk2679202,https://www.foxtons.co.uk/flats-for-sale/london?page=40,2025-06-13 21:13:37,40
https://www.foxtons.co.uk/properties-for-sale/n20/chpk5113817,https://www.foxtons.co.uk/flats-for-sale/london?page=42,2025-06-13 21:13:48,42
https://www.foxtons.co.uk/properties-for-sale/n22/chpk0217688,https://www.foxtons.co.uk/flats-for-sale/london?page=27,2025-06-13 21:12:24,27
https://www.foxtons.co.uk/properties-for-sale/n22/chpk0221228,https://www.foxtons.co.uk/flats-for-sale/london?page=24,2025-06-13 21:12:07,24
https://www.foxtons.co.uk/properties-for-sale/n22/chpk0371016,https://www.foxtons.co.uk/flats-for-sale/london?page=38,2025-06-13 21:13:26,38
https://www.foxtons.co.uk/properties-for-sale/n22/chpk2639157,https://www.foxtons.co.uk/houses-for-sale/london?page=5,2025-06-13 21:06:19,5
https://www.foxtons.co.uk/properties-for-sale/n22/chpk2644683,https://www.foxtons.co.uk/flats-for-sale/london?page=52,2025-06-13 21:17:29,52
https://www.foxtons.co.uk/properties-for-sale/n22/chpk2646152,https://www.foxtons.co.uk/flats-for-sale/london?page=29,2025-06-13 21:12:35,29
https://www.foxtons.co.uk/properties-for-sale/n22/chpk2646648,https://www.foxtons.co.uk/flats-for-sale/london?page=19,2025-06-13 21:11:39,19
https://www.foxtons.co.uk/properties-for-sale/n22/chpk2647993,https://www.foxtons.co.uk/flats-for-sale/london?page=40,2025-06-13 21:13:37,40
https://www.foxtons.co.uk/properties-for-sale/n22/chpk2652872,https://www.foxtons.co.uk/houses-for-sale/london?page=7,2025-06-13 21:06:42,7
https://www.foxtons.co.uk/properties-for-sale/n22/chpk2653553,https://www.foxtons.co.uk/houses-for-sale/london?page=9,2025-06-13 21:07:22,9
https://www.foxtons.co.uk/properties-for-sale/n22/chpk2656329,https://www.foxtons.co.uk/houses-for-sale/london?page=11,2025-06-13 21:09:41,11
https://www.foxtons.co.uk/properties-for-sale/n22/chpk2656476,https://www.foxtons.co.uk/flats-for-sale/london?page=48,2025-06-13 21:14:37,48
https://www.foxtons.co.uk/properties-for-sale/n22/chpk2657061,https://www.foxtons.co.uk/flats-for-sale/london?page=55,2025-06-13 21:17:48,55
https://www.foxtons.co.uk/properties-for-sale/n22/chpk2659634,https://www.foxtons.co.uk/flats-for-sale/london?page=37,2025-06-13 21:13:20,37
https://www.foxtons.co.uk/properties-for-sale/n22/chpk2659745,https://www.foxtons.co.uk/houses-for-sale/london?page=11,2025-06-13 21:09:41,11
https://www.foxtons.co.uk/properties-for-sale/n22/chpk2660032,https://www.foxtons.co.uk/flats-for-sale/london?page=40,2025-06-13 21:13:37,40
https://www.foxtons.co.uk/properties-for-sale/n22/chpk2666953,https://www.foxtons.co.uk/houses-for-sale/london?page=9,2025-06-13 21:07:22,9
https://www.foxtons.co.uk/properties-for-sale/n22/chpk4124398,https://www.foxtons.co.uk/flats-for-sale/london?page=50,2025-06-13 21:15:33,50
https://www.foxtons.co.uk/properties-for-sale/n22/mwhl0193782,https://www.foxtons.co.uk/flats-for-sale/london?page=30,2025-06-13 21:12:40,30
https://www.foxtons.co.uk/properties-for-sale/n22/nwca5249253,https://www.foxtons.co.uk/flats-for-sale/london?page=35,2025-06-13 21:13:07,35
https://www.foxtons.co.uk/properties-for-sale/n22/nwca5249265,https://www.foxtons.co.uk/flats-for-sale/london?page=18,2025-06-13 21:11:34,18
https://www.foxtons.co.uk/properties-for-sale/n22/nwca5262924,https://www.foxtons.co.uk/houses-for-sale/london?page=3,2025-06-13 21:05:38,3
https://www.foxtons.co.uk/properties-for-sale/n22/ptny5263902,https://www.foxtons.co.uk/properties-for-sale/london?page=9,2025-06-13 21:18:45,9
https://www.foxtons.co.uk/properties-for-sale/n3/chpk1106087,https://www.foxtons.co.uk/houses-for-sale/london?page=2,2025-06-13 21:05:20,2
https://www.foxtons.co.uk/properties-for-sale/n3/chpk1108804,https://www.foxtons.co.uk/houses-for-sale/london?page=2,2025-06-13 21:05:20,2
https://www.foxtons.co.uk/properties-for-sale/n3/chpk2647697,https://www.foxtons.co.uk/houses-for-sale/london?page=5,2025-06-13 21:06:19,5
https://www.foxtons.co.uk/properties-for-sale/n3/chpk2655437,https://www.foxtons.co.uk/flats-for-sale/london?page=28,2025-06-13 21:12:29,28
https://www.foxtons.co.uk/properties-for-sale/n3/chpk2660720,https://www.foxtons.co.uk/flats-for-sale/london?page=43,2025-06-13 21:13:54,43
https://www.foxtons.co.uk/properties-for-sale/n3/chpk4141421,https://www.foxtons.co.uk/flats-for-sale/london?page=29,2025-06-13 21:12:35,29
https://www.foxtons.co.uk/properties-for-sale/n3/chpk4996013,https://www.foxtons.co.uk/flats-for-sale/london?page=12,2025-06-13 21:11:01,12
https://www.foxtons.co.uk/properties-for-sale/n3/chpk5092414,https://www.foxtons.co.uk/houses-for-sale/london?page=3,2025-06-13 21:05:38,3
https://www.foxtons.co.uk/properties-for-sale/n3/chpk5250535,https://www.foxtons.co.uk/flats-for-sale/london?page=15,2025-06-13 21:11:17,15
https://www.foxtons.co.uk/properties-for-sale/n3/chpk5267750,https://www.foxtons.co.uk/flats-for-sale/london?page=18,2025-06-13 21:11:34,18
https://www.foxtons.co.uk/properties-for-sale/n4/chpk0253902,https://www.foxtons.co.uk/flats-for-sale/london?page=12,2025-06-13 21:11:01,12
https://www.foxtons.co.uk/properties-for-sale/n4/chpk0255454,https://www.foxtons.co.uk/flats-for-sale/london?page=23,2025-06-13 21:12:01,23
https://www.foxtons.co.uk/properties-for-sale/n4/chpk0279454,https://www.foxtons.co.uk/flats-for-sale/london?page=27,2025-06-13 21:12:24,27
https://www.foxtons.co.uk/properties-for-sale/n4/chpk0368023,https://www.foxtons.co.uk/flats-for-sale/london?page=38,2025-06-13 21:13:26,38
https://www.foxtons.co.uk/properties-for-sale/n4/chpk1080292,https://www.foxtons.co.uk/flats-for-sale/london?page=41,2025-06-13 21:13:43,41
https://www.foxtons.co.uk/properties-for-sale/n4/chpk1080293,https://www.foxtons.co.uk/flats-for-sale/london?page=52,2025-06-13 21:17:29,52
https://www.foxtons.co.uk/properties-for-sale/n4/chpk1083876,https://www.foxtons.co.uk/flats-for-sale/london?page=23,2025-06-13 21:12:01,23
https://www.foxtons.co.uk/properties-for-sale/n4/chpk1087269,https://www.foxtons.co.uk/flats-for-sale/london?page=23,2025-06-13 21:12:01,23
https://www.foxtons.co.uk/properties-for-sale/n4/chpk1092776,https://www.foxtons.co.uk/houses-for-sale/london?page=2,2025-06-13 21:05:20,2
https://www.foxtons.co.uk/properties-for-sale/n4/chpk1095496,https://www.foxtons.co.uk/flats-for-sale/london?page=50,2025-06-13 21:15:33,50
https://www.foxtons.co.uk/properties-for-sale/n4/chpk1102352,https://www.foxtons.co.uk/houses-for-sale/london?page=2,2025-06-13 21:05:20,2
https://www.foxtons.co.uk/properties-for-sale/n4/chpk1103689,https://www.foxtons.co.uk/flats-for-sale/london?page=46,2025-06-13 21:14:10,46
https://www.foxtons.co.uk/properties-for-sale/n4/chpk1103889,https://www.foxtons.co.uk/houses-for-sale/london?page=2,2025-06-13 21:05:20,2
https://www.foxtons.co.uk/properties-for-sale/n4/chpk1107313,https://www.foxtons.co.uk/houses-for-sale/london?page=5,2025-06-13 21:06:19,5
https://www.foxtons.co.uk/properties-for-sale/n4/chpk1162470,https://www.foxtons.co.uk/flats-for-sale/london?page=27,2025-06-13 21:12:24,27
https://www.foxtons.co.uk/properties-for-sale/n4/chpk1312579,https://www.foxtons.co.uk/flats-for-sale/london?page=44,2025-06-13 21:13:59,44
https://www.foxtons.co.uk/properties-for-sale/n4/chpk3713993,https://www.foxtons.co.uk/flats-for-sale/london?page=13,2025-06-13 21:11:07,13
https://www.foxtons.co.uk/properties-for-sale/n4/chpk3867320,https://www.foxtons.co.uk/flats-for-sale/london?page=22,2025-06-13 21:11:56,22
https://www.foxtons.co.uk/properties-for-sale/n4/chpk4091456,https://www.foxtons.co.uk/flats-for-sale/london?page=19,2025-06-13 21:11:39,19
https://www.foxtons.co.uk/properties-for-sale/n4/chpk4091463,https://www.foxtons.co.uk/flats-for-sale/london?page=43,2025-06-13 21:13:54,43
https://www.foxtons.co.uk/properties-for-sale/n4/chpk4091497,https://www.foxtons.co.uk/flats-for-sale/london?page=45,2025-06-13 21:14:05,45
https://www.foxtons.co.uk/properties-for-sale/n4/chpk4091513,https://www.foxtons.co.uk/flats-for-sale/london?page=43,2025-06-13 21:13:54,43
https://www.foxtons.co.uk/properties-for-sale/n4/chpk4351825,https://www.foxtons.co.uk/flats-for-sale/london?page=26,2025-06-13 21:12:18,26
https://www.foxtons.co.uk/properties-for-sale/n4/chpk4551251,https://www.foxtons.co.uk/flats-for-sale/london?page=53,2025-06-13 21:17:34,53
https://www.foxtons.co.uk/properties-for-sale/n4/chpk4558273,https://www.foxtons.co.uk/flats-for-sale/london?page=28,2025-06-13 21:12:29,28
https://www.foxtons.co.uk/properties-for-sale/n4/chpk4558274,https://www.foxtons.co.uk/flats-for-sale/london?page=15,2025-06-13 21:11:17,15
https://www.foxtons.co.uk/properties-for-sale/n4/chpk4585076,https://www.foxtons.co.uk/flats-for-sale/london?page=16,2025-06-13 21:11:23,16
https://www.foxtons.co.uk/properties-for-sale/n4/chpk4919995,https://www.foxtons.co.uk/flats-for-sale/london?page=16,2025-06-13 21:11:23,16
https://www.foxtons.co.uk/properties-for-sale/n4/chpk4920902,https://www.foxtons.co.uk/flats-for-sale/london?page=11,2025-06-13 21:10:56,11
https://www.foxtons.co.uk/properties-for-sale/n4/chpk4921446,https://www.foxtons.co.uk/flats-for-sale/london?page=22,2025-06-13 21:11:56,22
https://www.foxtons.co.uk/properties-for-sale/n4/chpk5044129,https://www.foxtons.co.uk/flats-for-sale/london?page=12,2025-06-13 21:11:01,12
https://www.foxtons.co.uk/properties-for-sale/n4/chpk5265363,https://www.foxtons.co.uk/flats-for-sale/london?page=39,2025-06-13 21:13:32,39
https://www.foxtons.co.uk/properties-for-sale/n4/isln0258430,https://www.foxtons.co.uk/flats-for-sale/london?page=24,2025-06-13 21:12:07,24
https://www.foxtons.co.uk/properties-for-sale/n4/mwhl0129565,https://www.foxtons.co.uk/flats-for-sale/london?page=42,2025-06-13 21:13:48,42
https://www.foxtons.co.uk/properties-for-sale/n4/mwhl0218475,https://www.foxtons.co.uk/flats-for-sale/london?page=25,2025-06-13 21:12:13,25
https://www.foxtons.co.uk/properties-for-sale/n4/nwca4123458,https://www.foxtons.co.uk/flats-for-sale/london?page=17,2025-06-13 21:11:29,17
https://www.foxtons.co.uk/properties-for-sale/n4/nwca4123460,https://www.foxtons.co.uk/flats-for-sale/london?page=4,2025-06-13 21:10:16,4
https://www.foxtons.co.uk/properties-for-sale/n5/chpk0110261,https://www.foxtons.co.uk/flats-for-sale/london?page=32,2025-06-13 21:12:51,32
https://www.foxtons.co.uk/properties-for-sale/n5/chpk0182890,https://www.foxtons.co.uk/flats-for-sale/london?page=10,2025-06-13 21:10:50,10
https://www.foxtons.co.uk/properties-for-sale/n5/chpk0355565,https://www.foxtons.co.uk/flats-for-sale/london?page=29,2025-06-13 21:12:35,29
https://www.foxtons.co.uk/properties-for-sale/n5/chpk0370745,https://www.foxtons.co.uk/flats-for-sale/london?page=7,2025-06-13 21:10:34,7
https://www.foxtons.co.uk/properties-for-sale/n5/chpk1107004,https://www.foxtons.co.uk/flats-for-sale/london?page=32,2025-06-13 21:12:51,32
https://www.foxtons.co.uk/properties-for-sale/n5/chpk3462484,https://www.foxtons.co.uk/flats-for-sale/london?page=22,2025-06-13 21:11:56,22
https://www.foxtons.co.uk/properties-for-sale/n5/chpk3469976,https://www.foxtons.co.uk/flats-for-sale/london?page=43,2025-06-13 21:13:54,43
https://www.foxtons.co.uk/properties-for-sale/n5/chpk3632886,https://www.foxtons.co.uk/properties-for-sale/london?page=21,2025-06-13 21:20:15,21
https://www.foxtons.co.uk/properties-for-sale/n5/chpk3859575,https://www.foxtons.co.uk/flats-for-sale/london?page=16,2025-06-13 21:11:23,16
https://www.foxtons.co.uk/properties-for-sale/n5/chpk4312411,https://www.foxtons.co.uk/flats-for-sale/london?page=21,2025-06-13 21:11:50,21
https://www.foxtons.co.uk/properties-for-sale/n5/isln0086079,https://www.foxtons.co.uk/flats-for-sale/london?page=13,2025-06-13 21:11:07,13
https://www.foxtons.co.uk/properties-for-sale/n5/isln0209264,https://www.foxtons.co.uk/flats-for-sale/london?page=5,2025-06-13 21:10:22,5
https://www.foxtons.co.uk/properties-for-sale/n5/isln3715154,https://www.foxtons.co.uk/flats-for-sale/london?page=18,2025-06-13 21:11:34,18
https://www.foxtons.co.uk/properties-for-sale/n6/chpk1074238,https://www.foxtons.co.uk/houses-for-sale/london?page=3,2025-06-13 21:05:38,3
https://www.foxtons.co.uk/properties-for-sale/n6/chpk1077843,https://www.foxtons.co.uk/flats-for-sale/london?page=27,2025-06-13 21:12:24,27
https://www.foxtons.co.uk/properties-for-sale/n6/chpk4924681,https://www.foxtons.co.uk/houses-for-sale/london?page=1,2025-06-13 21:05:14,1
https://www.foxtons.co.uk/properties-for-sale/n6/chpk4946830,https://www.foxtons.co.uk/flats-for-sale/london?page=10,2025-06-13 21:10:50,10
https://www.foxtons.co.uk/properties-for-sale/n6/mwhl0155792,https://www.foxtons.co.uk/flats-for-sale/london?page=30,2025-06-13 21:12:40,30
https://www.foxtons.co.uk/properties-for-sale/n7/chpk0007356,https://www.foxtons.co.uk/flats-for-sale/london?page=21,2025-06-13 21:11:50,21
https://www.foxtons.co.uk/properties-for-sale/n7/chpk0119446,https://www.foxtons.co.uk/flats-for-sale/london?page=38,2025-06-13 21:13:26,38
https://www.foxtons.co.uk/properties-for-sale/n7/chpk0123928,https://www.foxtons.co.uk/flats-for-sale/london?page=27,2025-06-13 21:12:24,27
https://www.foxtons.co.uk/properties-for-sale/n7/chpk0126182,https://www.foxtons.co.uk/properties-for-sale/london?page=22,2025-06-13 21:20:21,22
https://www.foxtons.co.uk/properties-for-sale/n7/chpk0146813,https://www.foxtons.co.uk/properties-for-sale/camden?page=2,2025-06-13 22:49:12,2
https://www.foxtons.co.uk/properties-for-sale/n7/chpk0270906,https://www.foxtons.co.uk/flats-for-sale/london?page=44,2025-06-13 21:13:59,44
https://www.foxtons.co.uk/properties-for-sale/n7/chpk0275146,https://www.foxtons.co.uk/flats-for-sale/london?page=27,2025-06-13 21:12:24,27
https://www.foxtons.co.uk/properties-for-sale/n7/chpk0288834,https://www.foxtons.co.uk/flats-for-sale/london?page=46,2025-06-13 21:14:10,46
https://www.foxtons.co.uk/properties-for-sale/n7/chpk0296014,https://www.foxtons.co.uk/flats-for-sale/london?page=11,2025-06-13 21:10:56,11
https://www.foxtons.co.uk/properties-for-sale/n7/chpk0316139,https://www.foxtons.co.uk/flats-for-sale/london?page=27,2025-06-13 21:12:24,27
https://www.foxtons.co.uk/properties-for-sale/n7/chpk1048390,https://www.foxtons.co.uk/flats-for-sale/london?page=32,2025-06-13 21:12:51,32
https://www.foxtons.co.uk/properties-for-sale/n7/chpk1051907,https://www.foxtons.co.uk/flats-for-sale/london?page=46,2025-06-13 21:14:10,46
https://www.foxtons.co.uk/properties-for-sale/n7/chpk1059955,https://www.foxtons.co.uk/flats-for-sale/london?page=27,2025-06-13 21:12:24,27
https://www.foxtons.co.uk/properties-for-sale/n7/chpk1062930,https://www.foxtons.co.uk/houses-for-sale/london?page=3,2025-06-13 21:05:38,3
https://www.foxtons.co.uk/properties-for-sale/n7/chpk1065291,https://www.foxtons.co.uk/flats-for-sale/london?page=53,2025-06-13 21:17:34,53
https://www.foxtons.co.uk/properties-for-sale/n7/chpk1065607,https://www.foxtons.co.uk/flats-for-sale/london?page=23,2025-06-13 21:12:01,23
https://www.foxtons.co.uk/properties-for-sale/n7/chpk1065662,https://www.foxtons.co.uk/flats-for-sale/london?page=27,2025-06-13 21:12:24,27
https://www.foxtons.co.uk/properties-for-sale/n7/chpk1065666,https://www.foxtons.co.uk/flats-for-sale/london?page=19,2025-06-13 21:11:39,19
https://www.foxtons.co.uk/properties-for-sale/n7/chpk1065717,https://www.foxtons.co.uk/houses-for-sale/london?page=3,2025-06-13 21:05:38,3
https://www.foxtons.co.uk/properties-for-sale/n7/chpk1072621,https://www.foxtons.co.uk/flats-for-sale/london?page=32,2025-06-13 21:12:51,32
https://www.foxtons.co.uk/properties-for-sale/n7/chpk1075441,https://www.foxtons.co.uk/flats-for-sale/london?page=41,2025-06-13 21:13:43,41
https://www.foxtons.co.uk/properties-for-sale/n7/chpk1076089,https://www.foxtons.co.uk/flats-for-sale/london?page=45,2025-06-13 21:14:05,45
https://www.foxtons.co.uk/properties-for-sale/n7/chpk3402891,https://www.foxtons.co.uk/flats-for-sale/london?page=19,2025-06-13 21:11:39,19
https://www.foxtons.co.uk/properties-for-sale/n7/chpk3630693,https://www.foxtons.co.uk/flats-for-sale/london?page=10,2025-06-13 21:10:50,10
https://www.foxtons.co.uk/properties-for-sale/n7/chpk3696401,https://www.foxtons.co.uk/flats-for-sale/london?page=26,2025-06-13 21:12:18,26
https://www.foxtons.co.uk/properties-for-sale/n7/chpk3825371,https://www.foxtons.co.uk/flats-for-sale/london?page=28,2025-06-13 21:12:29,28
https://www.foxtons.co.uk/properties-for-sale/n7/chpk3854358,https://www.foxtons.co.uk/flats-for-sale/london?page=52,2025-06-13 21:17:29,52
https://www.foxtons.co.uk/properties-for-sale/n7/chpk3856716,https://www.foxtons.co.uk/flats-for-sale/london?page=43,2025-06-13 21:13:54,43
https://www.foxtons.co.uk/properties-for-sale/n7/chpk3881705,https://www.foxtons.co.uk/flats-for-sale/london?page=31,2025-06-13 21:12:46,31
https://www.foxtons.co.uk/properties-for-sale/n7/chpk4061132,https://www.foxtons.co.uk/flats-for-sale/london?page=40,2025-06-13 21:13:37,40
https://www.foxtons.co.uk/properties-for-sale/n7/chpk4061361,https://www.foxtons.co.uk/flats-for-sale/london?page=45,2025-06-13 21:14:05,45
https://www.foxtons.co.uk/properties-for-sale/n7/chpk4123309,https://www.foxtons.co.uk/flats-for-sale/london?page=35,2025-06-13 21:13:07,35
https://www.foxtons.co.uk/properties-for-sale/n7/chpk5109513,https://www.foxtons.co.uk/flats-for-sale/london?page=30,2025-06-13 21:12:40,30
https://www.foxtons.co.uk/properties-for-sale/n7/chpk5110065,https://www.foxtons.co.uk/flats-for-sale/london?page=13,2025-06-13 21:11:07,13
https://www.foxtons.co.uk/properties-for-sale/n7/chpk5212275,https://www.foxtons.co.uk/flats-for-sale/london?page=50,2025-06-13 21:15:33,50
https://www.foxtons.co.uk/properties-for-sale/n7/chpk5272920,https://www.foxtons.co.uk/flats-for-sale/london?page=22,2025-06-13 21:11:56,22
https://www.foxtons.co.uk/properties-for-sale/n7/chpk5513554,https://www.foxtons.co.uk/flats-for-sale/london?page=26,2025-06-13 21:12:18,26
https://www.foxtons.co.uk/properties-for-sale/n7/chpk5514795,https://www.foxtons.co.uk/flats-for-sale/london?page=28,2025-06-13 21:12:29,28
https://www.foxtons.co.uk/properties-for-sale/n7/mwhl0139618,https://www.foxtons.co.uk/flats-for-sale/london?page=21,2025-06-13 21:11:50,21
https://www.foxtons.co.uk/properties-for-sale/n7/nwhm3858791,https://www.foxtons.co.uk/flats-for-sale/london?page=30,2025-06-13 21:12:40,30
https://www.foxtons.co.uk/properties-for-sale/n7/nwhm3869843,https://www.foxtons.co.uk/flats-for-sale/london?page=23,2025-06-13 21:12:01,23
https://www.foxtons.co.uk/properties-for-sale/n8/cend5264312,https://www.foxtons.co.uk/properties-for-sale/wood-green?page=1,2025-06-14 00:28:53,1
https://www.foxtons.co.uk/properties-for-sale/n8/chpk0244695,https://www.foxtons.co.uk/flats-for-sale/london?page=53,2025-06-13 21:17:34,53
https://www.foxtons.co.uk/properties-for-sale/n8/chpk0275405,https://www.foxtons.co.uk/flats-for-sale/london?page=17,2025-06-13 21:11:29,17
https://www.foxtons.co.uk/properties-for-sale/n8/chpk0287750,https://www.foxtons.co.uk/flats-for-sale/london?page=47,2025-06-13 21:14:29,47
https://www.foxtons.co.uk/properties-for-sale/n8/chpk0324294,https://www.foxtons.co.uk/flats-for-sale/london?page=23,2025-06-13 21:12:01,23
https://www.foxtons.co.uk/properties-for-sale/n8/chpk0334183,https://www.foxtons.co.uk/flats-for-sale/london?page=55,2025-06-13 21:17:48,55
https://www.foxtons.co.uk/properties-for-sale/n8/chpk1059463,https://www.foxtons.co.uk/houses-for-sale/london?page=5,2025-06-13 21:06:19,5
https://www.foxtons.co.uk/properties-for-sale/n8/chpk1061421,https://www.foxtons.co.uk/properties-for-sale/crouch-end?page=1,2025-06-13 22:55:57,1
https://www.foxtons.co.uk/properties-for-sale/n8/chpk1061512,https://www.foxtons.co.uk/flats-for-sale/london?page=30,2025-06-13 21:12:40,30
https://www.foxtons.co.uk/properties-for-sale/n8/chpk1066971,https://www.foxtons.co.uk/flats-for-sale/london?page=34,2025-06-13 21:13:02,34
https://www.foxtons.co.uk/properties-for-sale/n8/chpk1066977,https://www.foxtons.co.uk/flats-for-sale/london?page=55,2025-06-13 21:17:48,55
https://www.foxtons.co.uk/properties-for-sale/n8/chpk3374897,https://www.foxtons.co.uk/flats-for-sale/london?page=8,2025-06-13 21:10:39,8
https://www.foxtons.co.uk/properties-for-sale/n8/chpk4338645,https://www.foxtons.co.uk/flats-for-sale/london?page=22,2025-06-13 21:11:56,22
https://www.foxtons.co.uk/properties-for-sale/n8/chpk4557764,https://www.foxtons.co.uk/flats-for-sale/london?page=18,2025-06-13 21:11:34,18
https://www.foxtons.co.uk/properties-for-sale/n8/chpk4561592,https://www.foxtons.co.uk/flats-for-sale/london?page=24,2025-06-13 21:12:07,24
https://www.foxtons.co.uk/properties-for-sale/n8/chpk4561618,https://www.foxtons.co.uk/flats-for-sale/london?page=20,2025-06-13 21:11:45,20
https://www.foxtons.co.uk/properties-for-sale/n8/chpk5150699,https://www.foxtons.co.uk/flats-for-sale/london?page=21,2025-06-13 21:11:50,21
https://www.foxtons.co.uk/properties-for-sale/n8/chpk5265726,https://www.foxtons.co.uk/flats-for-sale/london?page=15,2025-06-13 21:11:17,15
https://www.foxtons.co.uk/properties-for-sale/n8/nwca4624130,https://www.foxtons.co.uk/flats-for-sale/london?page=29,2025-06-13 21:12:35,29
https://www.foxtons.co.uk/properties-for-sale/n8/nwca4628917,https://www.foxtons.co.uk/flats-for-sale/london?page=15,2025-06-13 21:11:17,15
https://www.foxtons.co.uk/properties-for-sale/nw1/chpk0100521,https://www.foxtons.co.uk/flats-for-sale/london?page=3,2025-06-13 21:10:10,3
https://www.foxtons.co.uk/properties-for-sale/nw1/chpk0140112,https://www.foxtons.co.uk/flats-for-sale/london?page=18,2025-06-13 21:11:34,18
https://www.foxtons.co.uk/properties-for-sale/nw1/chpk0168448,https://www.foxtons.co.uk/flats-for-sale/london?page=35,2025-06-13 21:13:07,35
https://www.foxtons.co.uk/properties-for-sale/nw1/chpk0210050,https://www.foxtons.co.uk/flats-for-sale/london?page=8,2025-06-13 21:10:39,8
https://www.foxtons.co.uk/properties-for-sale/nw1/chpk0244766,https://www.foxtons.co.uk/flats-for-sale/london?page=3,2025-06-13 21:10:10,3
https://www.foxtons.co.uk/properties-for-sale/nw1/chpk0308261,https://www.foxtons.co.uk/flats-for-sale/london?page=3,2025-06-13 21:10:10,3
https://www.foxtons.co.uk/properties-for-sale/nw1/chpk0313130,https://www.foxtons.co.uk/flats-for-sale/london?page=19,2025-06-13 21:11:39,19
https://www.foxtons.co.uk/properties-for-sale/nw1/chpk0320360,https://www.foxtons.co.uk/flats-for-sale/london?page=16,2025-06-13 21:11:23,16
https://www.foxtons.co.uk/properties-for-sale/nw1/chpk0322867,https://www.foxtons.co.uk/flats-for-sale/london?page=52,2025-06-13 21:17:29,52
https://www.foxtons.co.uk/properties-for-sale/nw1/chpk0359682,https://www.foxtons.co.uk/flats-for-sale/london?page=3,2025-06-13 21:10:10,3
https://www.foxtons.co.uk/properties-for-sale/nw1/chpk1018663,https://www.foxtons.co.uk/flats-for-sale/london?page=23,2025-06-13 21:12:01,23
https://www.foxtons.co.uk/properties-for-sale/nw1/chpk1019349,https://www.foxtons.co.uk/flats-for-sale/london?page=35,2025-06-13 21:13:07,35
https://www.foxtons.co.uk/properties-for-sale/nw1/chpk1019710,https://www.foxtons.co.uk/flats-for-sale/london?page=27,2025-06-13 21:12:24,27
https://www.foxtons.co.uk/properties-for-sale/nw1/chpk1021684,https://www.foxtons.co.uk/flats-for-sale/london?page=29,2025-06-13 21:12:35,29
https://www.foxtons.co.uk/properties-for-sale/nw1/chpk1021793,https://www.foxtons.co.uk/flats-for-sale/london?page=37,2025-06-13 21:13:20,37
https://www.foxtons.co.uk/properties-for-sale/nw1/chpk1023519,https://www.foxtons.co.uk/flats-for-sale/london?page=5,2025-06-13 21:10:22,5
https://www.foxtons.co.uk/properties-for-sale/nw1/chpk1026192,https://www.foxtons.co.uk/flats-for-sale/london?page=7,2025-06-13 21:10:34,7
https://www.foxtons.co.uk/properties-for-sale/nw1/chpk1026406,https://www.foxtons.co.uk/flats-for-sale/london?page=19,2025-06-13 21:11:39,19
https://www.foxtons.co.uk/properties-for-sale/nw1/chpk1028050,https://www.foxtons.co.uk/flats-for-sale/london?page=29,2025-06-13 21:12:35,29
https://www.foxtons.co.uk/properties-for-sale/nw1/chpk1028192,https://www.foxtons.co.uk/flats-for-sale/london?page=15,2025-06-13 21:11:17,15
https://www.foxtons.co.uk/properties-for-sale/nw1/chpk1028615,https://www.foxtons.co.uk/flats-for-sale/london?page=5,2025-06-13 21:10:22,5
https://www.foxtons.co.uk/properties-for-sale/nw1/chpk1028638,https://www.foxtons.co.uk/flats-for-sale/london?page=11,2025-06-13 21:10:56,11
https://www.foxtons.co.uk/properties-for-sale/nw1/chpk1028665,https://www.foxtons.co.uk/flats-for-sale/london?page=14,2025-06-13 21:11:12,14
https://www.foxtons.co.uk/properties-for-sale/nw1/chpk1028715,https://www.foxtons.co.uk/flats-for-sale/london?page=4,2025-06-13 21:10:16,4
https://www.foxtons.co.uk/properties-for-sale/nw1/chpk1028852,https://www.foxtons.co.uk/flats-for-sale/london?page=29,2025-06-13 21:12:35,29
https://www.foxtons.co.uk/properties-for-sale/nw1/chpk1028914,https://www.foxtons.co.uk/flats-for-sale/london?page=6,2025-06-13 21:10:28,6
https://www.foxtons.co.uk/properties-for-sale/nw1/chpk1028941,https://www.foxtons.co.uk/flats-for-sale/london?page=16,2025-06-13 21:11:23,16
https://www.foxtons.co.uk/properties-for-sale/nw1/chpk1031283,https://www.foxtons.co.uk/flats-for-sale/london?page=19,2025-06-13 21:11:39,19
https://www.foxtons.co.uk/properties-for-sale/nw1/chpk1031836,https://www.foxtons.co.uk/flats-for-sale/london?page=27,2025-06-13 21:12:24,27
https://www.foxtons.co.uk/properties-for-sale/nw1/chpk1032515,https://www.foxtons.co.uk/flats-for-sale/london?page=29,2025-06-13 21:12:35,29
https://www.foxtons.co.uk/properties-for-sale/nw1/chpk1034363,https://www.foxtons.co.uk/flats-for-sale/london?page=3,2025-06-13 21:10:10,3
https://www.foxtons.co.uk/properties-for-sale/nw1/chpk1035960,https://www.foxtons.co.uk/flats-for-sale/london?page=19,2025-06-13 21:11:39,19
https://www.foxtons.co.uk/properties-for-sale/nw1/chpk1036070,https://www.foxtons.co.uk/flats-for-sale/london?page=19,2025-06-13 21:11:39,19
https://www.foxtons.co.uk/properties-for-sale/nw1/chpk1036165,https://www.foxtons.co.uk/flats-for-sale/london?page=45,2025-06-13 21:14:05,45
https://www.foxtons.co.uk/properties-for-sale/nw1/chpk1036480,https://www.foxtons.co.uk/flats-for-sale/london?page=23,2025-06-13 21:12:01,23
https://www.foxtons.co.uk/properties-for-sale/nw1/chpk1039853,https://www.foxtons.co.uk/flats-for-sale/london?page=35,2025-06-13 21:13:07,35
https://www.foxtons.co.uk/properties-for-sale/nw1/chpk1040539,https://www.foxtons.co.uk/flats-for-sale/london?page=34,2025-06-13 21:13:02,34
https://www.foxtons.co.uk/properties-for-sale/nw1/chpk1042325,https://www.foxtons.co.uk/flats-for-sale/london?page=8,2025-06-13 21:10:39,8
https://www.foxtons.co.uk/properties-for-sale/nw1/chpk1043317,https://www.foxtons.co.uk/flats-for-sale/london?page=15,2025-06-13 21:11:17,15
https://www.foxtons.co.uk/properties-for-sale/nw1/chpk1043327,https://www.foxtons.co.uk/flats-for-sale/london?page=14,2025-06-13 21:11:12,14
https://www.foxtons.co.uk/properties-for-sale/nw1/chpk1043397,https://www.foxtons.co.uk/flats-for-sale/london?page=23,2025-06-13 21:12:01,23
https://www.foxtons.co.uk/properties-for-sale/nw1/chpk1044207,https://www.foxtons.co.uk/houses-for-sale/london?page=1,2025-06-13 21:05:14,1
https://www.foxtons.co.uk/properties-for-sale/nw1/chpk1044398,https://www.foxtons.co.uk/flats-for-sale/london?page=27,2025-06-13 21:12:24,27
https://www.foxtons.co.uk/properties-for-sale/nw1/chpk1045940,https://www.foxtons.co.uk/flats-for-sale/london?page=32,2025-06-13 21:12:51,32
https://www.foxtons.co.uk/properties-for-sale/nw1/chpk1046070,https://www.foxtons.co.uk/houses-for-sale/london?page=1,2025-06-13 21:05:14,1
https://www.foxtons.co.uk/properties-for-sale/nw1/chpk1046121,https://www.foxtons.co.uk/houses-for-sale/london?page=1,2025-06-13 21:05:14,1
https://www.foxtons.co.uk/properties-for-sale/nw1/chpk1046381,https://www.foxtons.co.uk/flats-for-sale/london?page=16,2025-06-13 21:11:23,16
https://www.foxtons.co.uk/properties-for-sale/nw1/chpk1048596,https://www.foxtons.co.uk/flats-for-sale/london?page=32,2025-06-13 21:12:51,32
https://www.foxtons.co.uk/properties-for-sale/nw1/chpk1049063,https://www.foxtons.co.uk/flats-for-sale/london?page=25,2025-06-13 21:12:13,25
https://www.foxtons.co.uk/properties-for-sale/nw1/chpk1049072,https://www.foxtons.co.uk/flats-for-sale/london?page=3,2025-06-13 21:10:10,3
https://www.foxtons.co.uk/properties-for-sale/nw1/chpk1049160,https://www.foxtons.co.uk/flats-for-sale/london?page=15,2025-06-13 21:11:17,15
https://www.foxtons.co.uk/properties-for-sale/nw1/chpk1049220,https://www.foxtons.co.uk/flats-for-sale/london?page=10,2025-06-13 21:10:50,10
https://www.foxtons.co.uk/properties-for-sale/nw1/chpk1063973,https://www.foxtons.co.uk/flats-for-sale/london?page=41,2025-06-13 21:13:43,41
https://www.foxtons.co.uk/properties-for-sale/nw1/chpk1158292,https://www.foxtons.co.uk/flats-for-sale/london?page=34,2025-06-13 21:13:02,34
https://www.foxtons.co.uk/properties-for-sale/nw1/chpk1169130,https://www.foxtons.co.uk/flats-for-sale/london?page=37,2025-06-13 21:13:20,37
https://www.foxtons.co.uk/properties-for-sale/nw1/chpk1171670,https://www.foxtons.co.uk/flats-for-sale/london?page=14,2025-06-13 21:11:12,14
https://www.foxtons.co.uk/properties-for-sale/nw1/chpk1180299,https://www.foxtons.co.uk/flats-for-sale/london?page=11,2025-06-13 21:10:56,11
https://www.foxtons.co.uk/properties-for-sale/nw1/chpk1183655,https://www.foxtons.co.uk/flats-for-sale/london?page=5,2025-06-13 21:10:22,5
https://www.foxtons.co.uk/properties-for-sale/nw1/chpk1220462,https://www.foxtons.co.uk/flats-for-sale/london?page=32,2025-06-13 21:12:51,32
https://www.foxtons.co.uk/properties-for-sale/nw1/chpk1297667,https://www.foxtons.co.uk/flats-for-sale/london?page=12,2025-06-13 21:11:01,12
https://www.foxtons.co.uk/properties-for-sale/nw1/chpk1298231,https://www.foxtons.co.uk/flats-for-sale/london?page=17,2025-06-13 21:11:29,17
https://www.foxtons.co.uk/properties-for-sale/nw1/chpk1320517,https://www.foxtons.co.uk/flats-for-sale/london?page=44,2025-06-13 21:13:59,44
https://www.foxtons.co.uk/properties-for-sale/nw1/chpk1321927,https://www.foxtons.co.uk/flats-for-sale/london?page=11,2025-06-13 21:10:56,11
https://www.foxtons.co.uk/properties-for-sale/nw1/chpk1722559,https://www.foxtons.co.uk/flats-for-sale/london?page=25,2025-06-13 21:12:13,25
https://www.foxtons.co.uk/properties-for-sale/nw1/chpk1769390,https://www.foxtons.co.uk/flats-for-sale/london?page=40,2025-06-13 21:13:37,40
https://www.foxtons.co.uk/properties-for-sale/nw1/chpk2092054,https://www.foxtons.co.uk/flats-for-sale/london?page=34,2025-06-13 21:13:02,34
https://www.foxtons.co.uk/properties-for-sale/nw1/chpk2097592,https://www.foxtons.co.uk/flats-for-sale/london?page=16,2025-06-13 21:11:23,16
https://www.foxtons.co.uk/properties-for-sale/nw1/chpk3387749,https://www.foxtons.co.uk/flats-for-sale/london?page=26,2025-06-13 21:12:18,26
https://www.foxtons.co.uk/properties-for-sale/nw1/chpk3465347,https://www.foxtons.co.uk/flats-for-sale/london?page=26,2025-06-13 21:12:18,26
https://www.foxtons.co.uk/properties-for-sale/nw1/chpk3631325,https://www.foxtons.co.uk/flats-for-sale/london?page=13,2025-06-13 21:11:07,13
https://www.foxtons.co.uk/properties-for-sale/nw1/chpk3641311,https://www.foxtons.co.uk/flats-for-sale/london?page=13,2025-06-13 21:11:07,13
https://www.foxtons.co.uk/properties-for-sale/nw1/chpk3657007,https://www.foxtons.co.uk/flats-for-sale/london?page=16,2025-06-13 21:11:23,16
https://www.foxtons.co.uk/properties-for-sale/nw1/chpk3659337,https://www.foxtons.co.uk/flats-for-sale/london?page=12,2025-06-13 21:11:01,12
https://www.foxtons.co.uk/properties-for-sale/nw1/chpk3667911,https://www.foxtons.co.uk/flats-for-sale/london?page=10,2025-06-13 21:10:50,10
https://www.foxtons.co.uk/properties-for-sale/nw1/chpk3680633,https://www.foxtons.co.uk/flats-for-sale/london?page=11,2025-06-13 21:10:56,11
https://www.foxtons.co.uk/properties-for-sale/nw1/chpk3698147,https://www.foxtons.co.uk/flats-for-sale/london?page=36,2025-06-13 21:13:15,36
https://www.foxtons.co.uk/properties-for-sale/nw1/chpk3698159,https://www.foxtons.co.uk/flats-for-sale/london?page=10,2025-06-13 21:10:50,10
https://www.foxtons.co.uk/properties-for-sale/nw1/chpk3864613,https://www.foxtons.co.uk/flats-for-sale/london?page=16,2025-06-13 21:11:23,16
https://www.foxtons.co.uk/properties-for-sale/nw1/chpk4097877,https://www.foxtons.co.uk/flats-for-sale/london?page=26,2025-06-13 21:12:18,26
https://www.foxtons.co.uk/properties-for-sale/nw1/chpk4116447,https://www.foxtons.co.uk/flats-for-sale/london?page=36,2025-06-13 21:13:15,36
https://www.foxtons.co.uk/properties-for-sale/nw1/chpk4149787,https://www.foxtons.co.uk/houses-for-sale/london?page=11,2025-06-13 21:09:41,11
https://www.foxtons.co.uk/properties-for-sale/nw1/chpk4371337,https://www.foxtons.co.uk/flats-for-sale/london?page=22,2025-06-13 21:11:56,22
https://www.foxtons.co.uk/properties-for-sale/nw1/chpk4371339,https://www.foxtons.co.uk/flats-for-sale/london?page=36,2025-06-13 21:13:15,36
https://www.foxtons.co.uk/properties-for-sale/nw1/chpk4371361,https://www.foxtons.co.uk/flats-for-sale/london?page=18,2025-06-13 21:11:34,18
https://www.foxtons.co.uk/properties-for-sale/nw1/chpk4422256,https://www.foxtons.co.uk/flats-for-sale/london?page=28,2025-06-13 21:12:29,28
https://www.foxtons.co.uk/properties-for-sale/nw1/chpk4665208,https://www.foxtons.co.uk/houses-for-sale/london?page=1,2025-06-13 21:05:14,1
https://www.foxtons.co.uk/properties-for-sale/nw1/chpk5068379,https://www.foxtons.co.uk/flats-for-sale/london?page=7,2025-06-13 21:10:34,7
https://www.foxtons.co.uk/properties-for-sale/nw1/chpk5282948,https://www.foxtons.co.uk/flats-for-sale/london?page=47,2025-06-13 21:14:29,47
https://www.foxtons.co.uk/properties-for-sale/nw1/chpk5289571,https://www.foxtons.co.uk/flats-for-sale/london?page=38,2025-06-13 21:13:26,38
https://www.foxtons.co.uk/properties-for-sale/nw1/chpk5299093,https://www.foxtons.co.uk/flats-for-sale/london?page=22,2025-06-13 21:11:56,22
https://www.foxtons.co.uk/properties-for-sale/nw1/chpk5310450,https://www.foxtons.co.uk/flats-for-sale/london?page=7,2025-06-13 21:10:34,7
https://www.foxtons.co.uk/properties-for-sale/nw1/chpk5313074,https://www.foxtons.co.uk/flats-for-sale/london?page=3,2025-06-13 21:10:10,3
https://www.foxtons.co.uk/properties-for-sale/nw1/isln0218636,https://www.foxtons.co.uk/flats-for-sale/london?page=18,2025-06-13 21:11:34,18
https://www.foxtons.co.uk/properties-for-sale/nw1/isln3390766,https://www.foxtons.co.uk/flats-for-sale/london?page=12,2025-06-13 21:11:01,12
https://www.foxtons.co.uk/properties-for-sale/nw1/myfr0059727,https://www.foxtons.co.uk/flats-for-sale/london?page=20,2025-06-13 21:11:45,20
https://www.foxtons.co.uk/properties-for-sale/nw1/nwca5244759,https://www.foxtons.co.uk/flats-for-sale/london?page=10,2025-06-13 21:10:50,10
https://www.foxtons.co.uk/properties-for-sale/nw1/nwca5244760,https://www.foxtons.co.uk/flats-for-sale/london?page=3,2025-06-13 21:10:10,3
https://www.foxtons.co.uk/properties-for-sale/nw1/nwca5244761,https://www.foxtons.co.uk/flats-for-sale/london?page=3,2025-06-13 21:10:10,3
https://www.foxtons.co.uk/properties-for-sale/nw1/nwca5244762,https://www.foxtons.co.uk/flats-for-sale/london?page=11,2025-06-13 21:10:56,11
https://www.foxtons.co.uk/properties-for-sale/nw1/nwca5265366,https://www.foxtons.co.uk/flats-for-sale/london?page=25,2025-06-13 21:12:13,25
https://www.foxtons.co.uk/properties-for-sale/nw1/nwca5265386,https://www.foxtons.co.uk/flats-for-sale/london?page=18,2025-06-13 21:11:34,18
https://www.foxtons.co.uk/properties-for-sale/nw1/nwca5265413,https://www.foxtons.co.uk/flats-for-sale/london?page=9,2025-06-13 21:10:45,9
https://www.foxtons.co.uk/properties-for-sale/nw1/nwhm4147728,https://www.foxtons.co.uk/flats-for-sale/london?page=5,2025-06-13 21:10:22,5
https://www.foxtons.co.uk/properties-for-sale/nw1/nwhm4412159,https://www.foxtons.co.uk/flats-for-sale/london?page=28,2025-06-13 21:12:29,28
https://www.foxtons.co.uk/properties-for-sale/nw1/sjwd0223407,https://www.foxtons.co.uk/flats-for-sale/london?page=21,2025-06-13 21:11:50,21
https://www.foxtons.co.uk/properties-for-sale/nw10/chpk0197251,https://www.foxtons.co.uk/houses-for-sale/london?page=1,2025-06-13 21:05:14,1
https://www.foxtons.co.uk/properties-for-sale/nw10/chpk0325276,https://www.foxtons.co.uk/houses-for-sale/london?page=2,2025-06-13 21:05:20,2
https://www.foxtons.co.uk/properties-for-sale/nw10/chpk0336530,https://www.foxtons.co.uk/houses-for-sale/london?page=3,2025-06-13 21:05:38,3
https://www.foxtons.co.uk/properties-for-sale/nw10/chpk0343384,https://www.foxtons.co.uk/flats-for-sale/london?page=14,2025-06-13 21:11:12,14
https://www.foxtons.co.uk/properties-for-sale/nw10/chpk0346815,https://www.foxtons.co.uk/flats-for-sale/london?page=50,2025-06-13 21:15:33,50
https://www.foxtons.co.uk/properties-for-sale/nw10/chpk0993172,https://www.foxtons.co.uk/flats-for-sale/london?page=46,2025-06-13 21:14:10,46
https://www.foxtons.co.uk/properties-for-sale/nw10/chpk0998915,https://www.foxtons.co.uk/flats-for-sale/london?page=9,2025-06-13 21:10:45,9
https://www.foxtons.co.uk/properties-for-sale/nw10/chpk1001165,https://www.foxtons.co.uk/houses-for-sale/london?page=7,2025-06-13 21:06:42,7
https://www.foxtons.co.uk/properties-for-sale/nw10/chpk1001191,https://www.foxtons.co.uk/flats-for-sale/london?page=32,2025-06-13 21:12:51,32
https://www.foxtons.co.uk/properties-for-sale/nw10/chpk1001193,https://www.foxtons.co.uk/flats-for-sale/london?page=44,2025-06-13 21:13:59,44
https://www.foxtons.co.uk/properties-for-sale/nw10/chpk1001341,https://www.foxtons.co.uk/houses-for-sale/london?page=11,2025-06-13 21:09:41,11
https://www.foxtons.co.uk/properties-for-sale/nw10/chpk1004989,https://www.foxtons.co.uk/flats-for-sale/london?page=47,2025-06-13 21:14:29,47
https://www.foxtons.co.uk/properties-for-sale/nw10/chpk1006542,https://www.foxtons.co.uk/houses-for-sale/london?page=5,2025-06-13 21:06:19,5
https://www.foxtons.co.uk/properties-for-sale/nw10/chpk1006982,https://www.foxtons.co.uk/properties-for-sale/london?page=20,2025-06-13 21:20:09,20
https://www.foxtons.co.uk/properties-for-sale/nw10/chpk1007636,https://www.foxtons.co.uk/flats-for-sale/london?page=41,2025-06-13 21:13:43,41
https://www.foxtons.co.uk/properties-for-sale/nw10/chpk1007827,https://www.foxtons.co.uk/flats-for-sale/london?page=41,2025-06-13 21:13:43,41
https://www.foxtons.co.uk/properties-for-sale/nw10/chpk1007848,https://www.foxtons.co.uk/houses-for-sale/london?page=7,2025-06-13 21:06:42,7
https://www.foxtons.co.uk/properties-for-sale/nw10/chpk1008450,https://www.foxtons.co.uk/houses-for-sale/london?page=11,2025-06-13 21:09:41,11
https://www.foxtons.co.uk/properties-for-sale/nw10/chpk1009739,https://www.foxtons.co.uk/flats-for-sale/london?page=39,2025-06-13 21:13:32,39
https://www.foxtons.co.uk/properties-for-sale/nw10/chpk1009812,https://www.foxtons.co.uk/flats-for-sale/london?page=38,2025-06-13 21:13:26,38
https://www.foxtons.co.uk/properties-for-sale/nw10/chpk1009891,https://www.foxtons.co.uk/houses-for-sale/london?page=11,2025-06-13 21:09:41,11
https://www.foxtons.co.uk/properties-for-sale/nw10/chpk1010901,https://www.foxtons.co.uk/houses-for-sale/london?page=3,2025-06-13 21:05:38,3
https://www.foxtons.co.uk/properties-for-sale/nw10/chpk1011321,https://www.foxtons.co.uk/houses-for-sale/london?page=7,2025-06-13 21:06:42,7
https://www.foxtons.co.uk/properties-for-sale/nw10/chpk1012070,https://www.foxtons.co.uk/flats-for-sale/london?page=41,2025-06-13 21:13:43,41
https://www.foxtons.co.uk/properties-for-sale/nw10/chpk1012440,https://www.foxtons.co.uk/houses-for-sale/london?page=11,2025-06-13 21:09:41,11
https://www.foxtons.co.uk/properties-for-sale/nw10/chpk1012522,https://www.foxtons.co.uk/houses-for-sale/london?page=11,2025-06-13 21:09:41,11
https://www.foxtons.co.uk/properties-for-sale/nw10/chpk1012973,https://www.foxtons.co.uk/flats-for-sale/london?page=30,2025-06-13 21:12:40,30
https://www.foxtons.co.uk/properties-for-sale/nw10/chpk1013178,https://www.foxtons.co.uk/houses-for-sale/london?page=6,2025-06-13 21:06:25,6
https://www.foxtons.co.uk/properties-for-sale/nw10/chpk1013316,https://www.foxtons.co.uk/houses-for-sale/london?page=3,2025-06-13 21:05:38,3
https://www.foxtons.co.uk/properties-for-sale/nw10/chpk1014644,https://www.foxtons.co.uk/houses-for-sale/london?page=12,2025-06-13 21:09:46,12
https://www.foxtons.co.uk/properties-for-sale/nw10/chpk1014855,https://www.foxtons.co.uk/properties-for-sale/london?page=21,2025-06-13 21:20:15,21
https://www.foxtons.co.uk/properties-for-sale/nw10/chpk1015128,https://www.foxtons.co.uk/flats-for-sale/london?page=53,2025-06-13 21:17:34,53
https://www.foxtons.co.uk/properties-for-sale/nw10/chpk1015615,https://www.foxtons.co.uk/properties-for-sale/london?page=9,2025-06-13 21:18:45,9
https://www.foxtons.co.uk/properties-for-sale/nw10/chpk1016583,https://www.foxtons.co.uk/houses-for-sale/london?page=2,2025-06-13 21:05:20,2
https://www.foxtons.co.uk/properties-for-sale/nw10/chpk1016845,https://www.foxtons.co.uk/houses-for-sale/london?page=5,2025-06-13 21:06:19,5
https://www.foxtons.co.uk/properties-for-sale/nw10/chpk1016968,https://www.foxtons.co.uk/flats-for-sale/london?page=16,2025-06-13 21:11:23,16
https://www.foxtons.co.uk/properties-for-sale/nw10/chpk1017223,https://www.foxtons.co.uk/flats-for-sale/london?page=41,2025-06-13 21:13:43,41
https://www.foxtons.co.uk/properties-for-sale/nw10/chpk1017456,https://www.foxtons.co.uk/flats-for-sale/london?page=19,2025-06-13 21:11:39,19
https://www.foxtons.co.uk/properties-for-sale/nw10/chpk1018309,https://www.foxtons.co.uk/properties-for-sale/wembley?page=2,2025-06-14 00:18:44,2
https://www.foxtons.co.uk/properties-for-sale/nw10/chpk1018353,https://www.foxtons.co.uk/properties-for-sale/wembley?page=1,2025-06-14 00:18:39,1
https://www.foxtons.co.uk/properties-for-sale/nw10/chpk1019212,https://www.foxtons.co.uk/houses-for-sale/london?page=7,2025-06-13 21:06:42,7
https://www.foxtons.co.uk/properties-for-sale/nw10/chpk1020959,https://www.foxtons.co.uk/properties-for-sale/london?page=20,2025-06-13 21:20:09,20
https://www.foxtons.co.uk/properties-for-sale/nw10/chpk1022436,https://www.foxtons.co.uk/flats-for-sale/london?page=32,2025-06-13 21:12:51,32
https://www.foxtons.co.uk/properties-for-sale/nw10/chpk1024272,https://www.foxtons.co.uk/flats-for-sale/london?page=35,2025-06-13 21:13:07,35
https://www.foxtons.co.uk/properties-for-sale/nw10/chpk1025810,https://www.foxtons.co.uk/properties-for-sale/wembley?page=1,2025-06-14 00:18:39,1
https://www.foxtons.co.uk/properties-for-sale/nw10/chpk1026703,https://www.foxtons.co.uk/flats-for-sale/london?page=25,2025-06-13 21:12:13,25
https://www.foxtons.co.uk/properties-for-sale/nw10/chpk1027156,https://www.foxtons.co.uk/properties-for-sale/london?page=20,2025-06-13 21:20:09,20
https://www.foxtons.co.uk/properties-for-sale/nw10/chpk1029538,https://www.foxtons.co.uk/flats-for-sale/london?page=23,2025-06-13 21:12:01,23
https://www.foxtons.co.uk/properties-for-sale/nw10/chpk1030713,https://www.foxtons.co.uk/houses-for-sale/london?page=1,2025-06-13 21:05:14,1
https://www.foxtons.co.uk/properties-for-sale/nw10/chpk1030915,https://www.foxtons.co.uk/flats-for-sale/london?page=50,2025-06-13 21:15:33,50
https://www.foxtons.co.uk/properties-for-sale/nw10/chpk1033558,https://www.foxtons.co.uk/houses-for-sale/london?page=2,2025-06-13 21:05:20,2
https://www.foxtons.co.uk/properties-for-sale/nw10/chpk1033914,https://www.foxtons.co.uk/properties-for-sale/wembley?page=1,2025-06-14 00:18:39,1
https://www.foxtons.co.uk/properties-for-sale/nw10/chpk1034011,https://www.foxtons.co.uk/houses-for-sale/london?page=9,2025-06-13 21:07:22,9
https://www.foxtons.co.uk/properties-for-sale/nw10/chpk1034673,https://www.foxtons.co.uk/flats-for-sale/london?page=44,2025-06-13 21:13:59,44
https://www.foxtons.co.uk/properties-for-sale/nw10/chpk1034772,https://www.foxtons.co.uk/flats-for-sale/london?page=39,2025-06-13 21:13:32,39
https://www.foxtons.co.uk/properties-for-sale/nw10/chpk1036862,https://www.foxtons.co.uk/flats-for-sale/london?page=9,2025-06-13 21:10:45,9
https://www.foxtons.co.uk/properties-for-sale/nw10/chpk1036925,https://www.foxtons.co.uk/houses-for-sale/london?page=2,2025-06-13 21:05:20,2
https://www.foxtons.co.uk/properties-for-sale/nw10/chpk1036974,https://www.foxtons.co.uk/houses-for-sale/london?page=2,2025-06-13 21:05:20,2
https://www.foxtons.co.uk/properties-for-sale/nw10/chpk1037962,https://www.foxtons.co.uk/properties-for-sale/willesden-green?page=1,2025-06-14 00:23:24,1
https://www.foxtons.co.uk/properties-for-sale/nw10/chpk1038204,https://www.foxtons.co.uk/houses-for-sale/london?page=12,2025-06-13 21:09:46,12
https://www.foxtons.co.uk/properties-for-sale/nw10/chpk1041501,https://www.foxtons.co.uk/properties-for-sale/willesden-green?page=1,2025-06-14 00:23:24,1
https://www.foxtons.co.uk/properties-for-sale/nw10/chpk1041893,https://www.foxtons.co.uk/houses-for-sale/london?page=2,2025-06-13 21:05:20,2
https://www.foxtons.co.uk/properties-for-sale/nw10/chpk1046914,https://www.foxtons.co.uk/flats-for-sale/london?page=39,2025-06-13 21:13:32,39
https://www.foxtons.co.uk/properties-for-sale/nw10/chpk1047206,https://www.foxtons.co.uk/flats-for-sale/london?page=53,2025-06-13 21:17:34,53
https://www.foxtons.co.uk/properties-for-sale/nw10/chpk1373631,https://www.foxtons.co.uk/flats-for-sale/london?page=23,2025-06-13 21:12:01,23
https://www.foxtons.co.uk/properties-for-sale/nw10/chpk1399667,https://www.foxtons.co.uk/flats-for-sale/london?page=44,2025-06-13 21:13:59,44
https://www.foxtons.co.uk/properties-for-sale/nw10/chpk1452826,https://www.foxtons.co.uk/flats-for-sale/london?page=39,2025-06-13 21:13:32,39
https://www.foxtons.co.uk/properties-for-sale/nw10/chpk1543327,https://www.foxtons.co.uk/flats-for-sale/london?page=37,2025-06-13 21:13:20,37
https://www.foxtons.co.uk/properties-for-sale/nw10/chpk1583850,https://www.foxtons.co.uk/flats-for-sale/london?page=33,2025-06-13 21:12:57,33
https://www.foxtons.co.uk/properties-for-sale/nw10/chpk1606602,https://www.foxtons.co.uk/flats-for-sale/london?page=33,2025-06-13 21:12:57,33
https://www.foxtons.co.uk/properties-for-sale/nw10/chpk1701182,https://www.foxtons.co.uk/flats-for-sale/london?page=43,2025-06-13 21:13:54,43
https://www.foxtons.co.uk/properties-for-sale/nw10/chpk1868361,https://www.foxtons.co.uk/flats-for-sale/london?page=14,2025-06-13 21:11:12,14
https://www.foxtons.co.uk/properties-for-sale/nw10/chpk2060468,https://www.foxtons.co.uk/flats-for-sale/london?page=40,2025-06-13 21:13:37,40
https://www.foxtons.co.uk/properties-for-sale/nw10/chpk3397411,https://www.foxtons.co.uk/flats-for-sale/london?page=16,2025-06-13 21:11:23,16
https://www.foxtons.co.uk/properties-for-sale/nw10/chpk3642632,https://www.foxtons.co.uk/flats-for-sale/london?page=43,2025-06-13 21:13:54,43
https://www.foxtons.co.uk/properties-for-sale/nw10/chpk3870155,https://www.foxtons.co.uk/flats-for-sale/london?page=47,2025-06-13 21:14:29,47
https://www.foxtons.co.uk/properties-for-sale/nw10/chpk4079639,https://www.foxtons.co.uk/flats-for-sale/london?page=36,2025-06-13 21:13:15,36
https://www.foxtons.co.uk/properties-for-sale/nw10/chpk4079655,https://www.foxtons.co.uk/flats-for-sale/london?page=19,2025-06-13 21:11:39,19
https://www.foxtons.co.uk/properties-for-sale/nw10/chpk4138030,https://www.foxtons.co.uk/flats-for-sale/london?page=22,2025-06-13 21:11:56,22
https://www.foxtons.co.uk/properties-for-sale/nw10/chpk4138081,https://www.foxtons.co.uk/flats-for-sale/london?page=28,2025-06-13 21:12:29,28
https://www.foxtons.co.uk/properties-for-sale/nw10/chpk4321536,https://www.foxtons.co.uk/flats-for-sale/london?page=33,2025-06-13 21:12:57,33
https://www.foxtons.co.uk/properties-for-sale/nw10/chpk4343989,https://www.foxtons.co.uk/flats-for-sale/london?page=34,2025-06-13 21:13:02,34
https://www.foxtons.co.uk/properties-for-sale/nw10/chpk4344018,https://www.foxtons.co.uk/flats-for-sale/london?page=22,2025-06-13 21:11:56,22
https://www.foxtons.co.uk/properties-for-sale/nw10/chpk4357971,https://www.foxtons.co.uk/flats-for-sale/london?page=24,2025-06-13 21:12:07,24
https://www.foxtons.co.uk/properties-for-sale/nw10/chpk4548728,https://www.foxtons.co.uk/flats-for-sale/london?page=16,2025-06-13 21:11:23,16
https://www.foxtons.co.uk/properties-for-sale/nw10/chpk4560154,https://www.foxtons.co.uk/flats-for-sale/london?page=26,2025-06-13 21:12:18,26
https://www.foxtons.co.uk/properties-for-sale/nw10/chpk5007152,https://www.foxtons.co.uk/flats-for-sale/london?page=22,2025-06-13 21:11:56,22
https://www.foxtons.co.uk/properties-for-sale/nw10/chpk5007215,https://www.foxtons.co.uk/flats-for-sale/london?page=45,2025-06-13 21:14:05,45
https://www.foxtons.co.uk/properties-for-sale/nw10/chpk5249187,https://www.foxtons.co.uk/flats-for-sale/london?page=20,2025-06-13 21:11:45,20
https://www.foxtons.co.uk/properties-for-sale/nw10/chpk5263829,https://www.foxtons.co.uk/flats-for-sale/london?page=26,2025-06-13 21:12:18,26
https://www.foxtons.co.uk/properties-for-sale/nw10/chpk5264223,https://www.foxtons.co.uk/flats-for-sale/london?page=18,2025-06-13 21:11:34,18
https://www.foxtons.co.uk/properties-for-sale/nw10/chpk5269894,https://www.foxtons.co.uk/flats-for-sale/london?page=55,2025-06-13 21:17:48,55
https://www.foxtons.co.uk/properties-for-sale/nw10/chpk5271015,https://www.foxtons.co.uk/flats-for-sale/london?page=20,2025-06-13 21:11:45,20
https://www.foxtons.co.uk/properties-for-sale/nw10/chpk5462295,https://www.foxtons.co.uk/flats-for-sale/london?page=24,2025-06-13 21:12:07,24
https://www.foxtons.co.uk/properties-for-sale/nw10/chpk5462503,https://www.foxtons.co.uk/flats-for-sale/london?page=13,2025-06-13 21:11:07,13
https://www.foxtons.co.uk/properties-for-sale/nw10/chpk5462516,https://www.foxtons.co.uk/flats-for-sale/london?page=21,2025-06-13 21:11:50,21
https://www.foxtons.co.uk/properties-for-sale/nw10/ealg0166380,https://www.foxtons.co.uk/flats-for-sale/london?page=45,2025-06-13 21:14:05,45
https://www.foxtons.co.uk/properties-for-sale/nw10/hmpd0105504,https://www.foxtons.co.uk/houses-for-sale/london?page=6,2025-06-13 21:06:25,6
https://www.foxtons.co.uk/properties-for-sale/nw10/isln0145277,https://www.foxtons.co.uk/apartments-for-sale/wembley?page=1,2025-06-14 00:19:04,1
https://www.foxtons.co.uk/properties-for-sale/nw10/wilg5264526,https://www.foxtons.co.uk/flats-for-sale/london?page=39,2025-06-13 21:13:32,39
https://www.foxtons.co.uk/properties-for-sale/nw11/chpk0105821,https://www.foxtons.co.uk/flats-for-sale/london?page=35,2025-06-13 21:13:07,35
https://www.foxtons.co.uk/properties-for-sale/nw11/chpk0139155,https://www.foxtons.co.uk/flats-for-sale/london?page=28,2025-06-13 21:12:29,28
https://www.foxtons.co.uk/properties-for-sale/nw11/chpk0265220,https://www.foxtons.co.uk/flats-for-sale/london?page=14,2025-06-13 21:11:12,14
https://www.foxtons.co.uk/properties-for-sale/nw11/chpk0987195,https://www.foxtons.co.uk/flats-for-sale/london?page=29,2025-06-13 21:12:35,29
https://www.foxtons.co.uk/properties-for-sale/nw11/chpk0987333,https://www.foxtons.co.uk/flats-for-sale/london?page=54,2025-06-13 21:17:43,54
https://www.foxtons.co.uk/properties-for-sale/nw11/chpk0996272,https://www.foxtons.co.uk/properties-for-sale/london?page=9,2025-06-13 21:18:45,9
https://www.foxtons.co.uk/properties-for-sale/nw11/chpk0998808,https://www.foxtons.co.uk/flats-for-sale/london?page=24,2025-06-13 21:12:07,24
https://www.foxtons.co.uk/properties-for-sale/nw11/chpk1006206,https://www.foxtons.co.uk/houses-for-sale/london?page=3,2025-06-13 21:05:38,3
https://www.foxtons.co.uk/properties-for-sale/nw11/chpk1006432,https://www.foxtons.co.uk/houses-for-sale/london?page=2,2025-06-13 21:05:20,2
https://www.foxtons.co.uk/properties-for-sale/nw11/chpk1006520,https://www.foxtons.co.uk/flats-for-sale/london?page=37,2025-06-13 21:13:20,37
https://www.foxtons.co.uk/properties-for-sale/nw11/chpk1008761,https://www.foxtons.co.uk/houses-for-sale/london?page=3,2025-06-13 21:05:38,3
https://www.foxtons.co.uk/properties-for-sale/nw11/chpk2060644,https://www.foxtons.co.uk/flats-for-sale/london?page=11,2025-06-13 21:10:56,11
https://www.foxtons.co.uk/properties-for-sale/nw11/chpk4146614,https://www.foxtons.co.uk/flats-for-sale/london?page=17,2025-06-13 21:11:29,17
https://www.foxtons.co.uk/properties-for-sale/nw11/hmpd0083766,https://www.foxtons.co.uk/flats-for-sale/london?page=27,2025-06-13 21:12:24,27
https://www.foxtons.co.uk/properties-for-sale/nw11/nwca5264752,https://www.foxtons.co.uk/flats-for-sale/london?page=33,2025-06-13 21:12:57,33
https://www.foxtons.co.uk/properties-for-sale/nw11/nwca5264755,https://www.foxtons.co.uk/flats-for-sale/london?page=9,2025-06-13 21:10:45,9
https://www.foxtons.co.uk/properties-for-sale/nw11/rich0221554,https://www.foxtons.co.uk/flats-for-sale/london?page=28,2025-06-13 21:12:29,28
https://www.foxtons.co.uk/properties-for-sale/nw11/rich0224442,https://www.foxtons.co.uk/flats-for-sale/london?page=18,2025-06-13 21:11:34,18
https://www.foxtons.co.uk/properties-for-sale/nw2/chpk0035912,https://www.foxtons.co.uk/houses-for-sale/london?page=1,2025-06-13 21:05:14,1
https://www.foxtons.co.uk/properties-for-sale/nw2/chpk0044523,https://www.foxtons.co.uk/flats-for-sale/london?page=17,2025-06-13 21:11:29,17
https://www.foxtons.co.uk/properties-for-sale/nw2/chpk0049427,https://www.foxtons.co.uk/flats-for-sale/london?page=12,2025-06-13 21:11:01,12
https://www.foxtons.co.uk/properties-for-sale/nw2/chpk0060667,https://www.foxtons.co.uk/flats-for-sale/london?page=8,2025-06-13 21:10:39,8
https://www.foxtons.co.uk/properties-for-sale/nw2/chpk0157898,https://www.foxtons.co.uk/flats-for-sale/london?page=8,2025-06-13 21:10:39,8
https://www.foxtons.co.uk/properties-for-sale/nw2/chpk0203222,https://www.foxtons.co.uk/flats-for-sale/london?page=32,2025-06-13 21:12:51,32
https://www.foxtons.co.uk/properties-for-sale/nw2/chpk0225662,https://www.foxtons.co.uk/flats-for-sale/london?page=18,2025-06-13 21:11:34,18
https://www.foxtons.co.uk/properties-for-sale/nw2/chpk0250538,https://www.foxtons.co.uk/properties-for-sale/london?page=8,2025-06-13 21:18:39,8
https://www.foxtons.co.uk/properties-for-sale/nw2/chpk0267349,https://www.foxtons.co.uk/flats-for-sale/london?page=24,2025-06-13 21:12:07,24
https://www.foxtons.co.uk/properties-for-sale/nw2/chpk0279089,https://www.foxtons.co.uk/flats-for-sale/london?page=25,2025-06-13 21:12:13,25
https://www.foxtons.co.uk/properties-for-sale/nw2/chpk0287088,https://www.foxtons.co.uk/flats-for-sale/london?page=17,2025-06-13 21:11:29,17
https://www.foxtons.co.uk/properties-for-sale/nw2/chpk0951544,https://www.foxtons.co.uk/houses-for-sale/london?page=7,2025-06-13 21:06:42,7
https://www.foxtons.co.uk/properties-for-sale/nw2/chpk0956454,https://www.foxtons.co.uk/flats-for-sale/london?page=32,2025-06-13 21:12:51,32
https://www.foxtons.co.uk/properties-for-sale/nw2/chpk0960333,https://www.foxtons.co.uk/houses-for-sale/london?page=11,2025-06-13 21:09:41,11
https://www.foxtons.co.uk/properties-for-sale/nw2/chpk0964127,https://www.foxtons.co.uk/flats-for-sale/london?page=27,2025-06-13 21:12:24,27
https://www.foxtons.co.uk/properties-for-sale/nw2/chpk0966092,https://www.foxtons.co.uk/flats-for-sale/london?page=25,2025-06-13 21:12:13,25
https://www.foxtons.co.uk/properties-for-sale/nw2/chpk0966131,https://www.foxtons.co.uk/properties-for-sale/london?page=21,2025-06-13 21:20:15,21
https://www.foxtons.co.uk/properties-for-sale/nw2/chpk0967766,https://www.foxtons.co.uk/flats-for-sale/london?page=27,2025-06-13 21:12:24,27
https://www.foxtons.co.uk/properties-for-sale/nw2/chpk0967775,https://www.foxtons.co.uk/flats-for-sale/london?page=54,2025-06-13 21:17:43,54
https://www.foxtons.co.uk/properties-for-sale/nw2/chpk0967932,https://www.foxtons.co.uk/houses-for-sale/london?page=2,2025-06-13 21:05:20,2
https://www.foxtons.co.uk/properties-for-sale/nw2/chpk0968026,https://www.foxtons.co.uk/flats-for-sale/london?page=21,2025-06-13 21:11:50,21
https://www.foxtons.co.uk/properties-for-sale/nw2/chpk0972230,https://www.foxtons.co.uk/properties-for-sale/willesden-green?page=1,2025-06-14 00:23:24,1
https://www.foxtons.co.uk/properties-for-sale/nw2/chpk0972738,https://www.foxtons.co.uk/houses-for-sale/london?page=3,2025-06-13 21:05:38,3
https://www.foxtons.co.uk/properties-for-sale/nw2/chpk0975498,https://www.foxtons.co.uk/properties-for-sale/willesden-green?page=1,2025-06-14 00:23:24,1
https://www.foxtons.co.uk/properties-for-sale/nw2/chpk0975703,https://www.foxtons.co.uk/flats-for-sale/london?page=19,2025-06-13 21:11:39,19
https://www.foxtons.co.uk/properties-for-sale/nw2/chpk0976069,https://www.foxtons.co.uk/flats-for-sale/london?page=47,2025-06-13 21:14:29,47
https://www.foxtons.co.uk/properties-for-sale/nw2/chpk0978431,https://www.foxtons.co.uk/flats-for-sale/london?page=16,2025-06-13 21:11:23,16
https://www.foxtons.co.uk/properties-for-sale/nw2/chpk0979836,https://www.foxtons.co.uk/flats-for-sale/london?page=36,2025-06-13 21:13:15,36
https://www.foxtons.co.uk/properties-for-sale/nw2/chpk0980118,https://www.foxtons.co.uk/properties-for-sale/willesden-green?page=1,2025-06-14 00:23:24,1
https://www.foxtons.co.uk/properties-for-sale/nw2/chpk0982433,https://www.foxtons.co.uk/flats-for-sale/london?page=41,2025-06-13 21:13:43,41
https://www.foxtons.co.uk/properties-for-sale/nw2/chpk0982811,https://www.foxtons.co.uk/flats-for-sale/london?page=42,2025-06-13 21:13:48,42
https://www.foxtons.co.uk/properties-for-sale/nw2/chpk0983139,https://www.foxtons.co.uk/houses-for-sale/london?page=13,2025-06-13 21:09:51,13
https://www.foxtons.co.uk/properties-for-sale/nw2/chpk0983683,https://www.foxtons.co.uk/flats-for-sale/london?page=25,2025-06-13 21:12:13,25
https://www.foxtons.co.uk/properties-for-sale/nw2/chpk0984403,https://www.foxtons.co.uk/flats-for-sale/london?page=17,2025-06-13 21:11:29,17
https://www.foxtons.co.uk/properties-for-sale/nw2/chpk0984475,https://www.foxtons.co.uk/flats-for-sale/london?page=35,2025-06-13 21:13:07,35
https://www.foxtons.co.uk/properties-for-sale/nw2/chpk0986267,https://www.foxtons.co.uk/flats-for-sale/london?page=46,2025-06-13 21:14:10,46
https://www.foxtons.co.uk/properties-for-sale/nw2/chpk0986673,https://www.foxtons.co.uk/flats-for-sale/london?page=11,2025-06-13 21:10:56,11
https://www.foxtons.co.uk/properties-for-sale/nw2/chpk0986760,https://www.foxtons.co.uk/houses-for-sale/london?page=2,2025-06-13 21:05:20,2
https://www.foxtons.co.uk/properties-for-sale/nw2/chpk0987061,https://www.foxtons.co.uk/flats-for-sale/london?page=35,2025-06-13 21:13:07,35
https://www.foxtons.co.uk/properties-for-sale/nw2/chpk0990242,https://www.foxtons.co.uk/flats-for-sale/london?page=21,2025-06-13 21:11:50,21
https://www.foxtons.co.uk/properties-for-sale/nw2/chpk0991575,https://www.foxtons.co.uk/houses-for-sale/london?page=7,2025-06-13 21:06:42,7
https://www.foxtons.co.uk/properties-for-sale/nw2/chpk0991855,https://www.foxtons.co.uk/flats-for-sale/london?page=41,2025-06-13 21:13:43,41
https://www.foxtons.co.uk/properties-for-sale/nw2/chpk0991923,https://www.foxtons.co.uk/flats-for-sale/london?page=19,2025-06-13 21:11:39,19
https://www.foxtons.co.uk/properties-for-sale/nw2/chpk0991945,https://www.foxtons.co.uk/flats-for-sale/london?page=35,2025-06-13 21:13:07,35
https://www.foxtons.co.uk/properties-for-sale/nw2/chpk0991985,https://www.foxtons.co.uk/flats-for-sale/london?page=23,2025-06-13 21:12:01,23
https://www.foxtons.co.uk/properties-for-sale/nw2/chpk0994871,https://www.foxtons.co.uk/flats-for-sale/london?page=35,2025-06-13 21:13:07,35
https://www.foxtons.co.uk/properties-for-sale/nw2/chpk0995458,https://www.foxtons.co.uk/flats-for-sale/london?page=16,2025-06-13 21:11:23,16
https://www.foxtons.co.uk/properties-for-sale/nw2/chpk0995470,https://www.foxtons.co.uk/houses-for-sale/london?page=5,2025-06-13 21:06:19,5
https://www.foxtons.co.uk/properties-for-sale/nw2/chpk0995472,https://www.foxtons.co.uk/houses-for-sale/london?page=3,2025-06-13 21:05:38,3
https://www.foxtons.co.uk/properties-for-sale/nw2/chpk1005173,https://www.foxtons.co.uk/houses-for-sale/london?page=6,2025-06-13 21:06:25,6
https://www.foxtons.co.uk/properties-for-sale/nw2/chpk1005227,https://www.foxtons.co.uk/houses-for-sale/london?page=3,2025-06-13 21:05:38,3
https://www.foxtons.co.uk/properties-for-sale/nw2/chpk1150762,https://www.foxtons.co.uk/flats-for-sale/london?page=27,2025-06-13 21:12:24,27
https://www.foxtons.co.uk/properties-for-sale/nw2/chpk1239599,https://www.foxtons.co.uk/flats-for-sale/london?page=16,2025-06-13 21:11:23,16
https://www.foxtons.co.uk/properties-for-sale/nw2/chpk1282493,https://www.foxtons.co.uk/flats-for-sale/london?page=34,2025-06-13 21:13:02,34
https://www.foxtons.co.uk/properties-for-sale/nw2/chpk1293405,https://www.foxtons.co.uk/flats-for-sale/london?page=19,2025-06-13 21:11:39,19
https://www.foxtons.co.uk/properties-for-sale/nw2/chpk1345886,https://www.foxtons.co.uk/flats-for-sale/london?page=6,2025-06-13 21:10:28,6
https://www.foxtons.co.uk/properties-for-sale/nw2/chpk1347481,https://www.foxtons.co.uk/flats-for-sale/london?page=23,2025-06-13 21:12:01,23
https://www.foxtons.co.uk/properties-for-sale/nw2/chpk1418136,https://www.foxtons.co.uk/houses-for-sale/london?page=1,2025-06-13 21:05:14,1
https://www.foxtons.co.uk/properties-for-sale/nw2/chpk1441067,https://www.foxtons.co.uk/flats-for-sale/london?page=14,2025-06-13 21:11:12,14
https://www.foxtons.co.uk/properties-for-sale/nw2/chpk1689034,https://www.foxtons.co.uk/flats-for-sale/london?page=16,2025-06-13 21:11:23,16
https://www.foxtons.co.uk/properties-for-sale/nw2/chpk1729993,https://www.foxtons.co.uk/flats-for-sale/london?page=29,2025-06-13 21:12:35,29
https://www.foxtons.co.uk/properties-for-sale/nw2/chpk1818259,https://www.foxtons.co.uk/flats-for-sale/london?page=17,2025-06-13 21:11:29,17
https://www.foxtons.co.uk/properties-for-sale/nw2/chpk1960078,https://www.foxtons.co.uk/flats-for-sale/london?page=37,2025-06-13 21:13:20,37
https://www.foxtons.co.uk/properties-for-sale/nw2/chpk2018977,https://www.foxtons.co.uk/flats-for-sale/london?page=20,2025-06-13 21:11:45,20
https://www.foxtons.co.uk/properties-for-sale/nw2/chpk2160184,https://www.foxtons.co.uk/flats-for-sale/london?page=20,2025-06-13 21:11:45,20
https://www.foxtons.co.uk/properties-for-sale/nw2/chpk3379070,https://www.foxtons.co.uk/flats-for-sale/london?page=20,2025-06-13 21:11:45,20
https://www.foxtons.co.uk/properties-for-sale/nw2/chpk4347243,https://www.foxtons.co.uk/flats-for-sale/london?page=20,2025-06-13 21:11:45,20
https://www.foxtons.co.uk/properties-for-sale/nw2/chpk4625880,https://www.foxtons.co.uk/flats-for-sale/london?page=16,2025-06-13 21:11:23,16
https://www.foxtons.co.uk/properties-for-sale/nw2/chpk4633473,https://www.foxtons.co.uk/flats-for-sale/london?page=12,2025-06-13 21:11:01,12
https://www.foxtons.co.uk/properties-for-sale/nw2/chpk5002925,https://www.foxtons.co.uk/flats-for-sale/london?page=15,2025-06-13 21:11:17,15
https://www.foxtons.co.uk/properties-for-sale/nw2/chpk5229801,https://www.foxtons.co.uk/flats-for-sale/london?page=28,2025-06-13 21:12:29,28
https://www.foxtons.co.uk/properties-for-sale/nw2/chpk5265119,https://www.foxtons.co.uk/flats-for-sale/london?page=13,2025-06-13 21:11:07,13
https://www.foxtons.co.uk/properties-for-sale/nw2/hmpd0048356,https://www.foxtons.co.uk/flats-for-sale/london?page=30,2025-06-13 21:12:40,30
https://www.foxtons.co.uk/properties-for-sale/nw2/hmpd0072094,https://www.foxtons.co.uk/flats-for-sale/london?page=9,2025-06-13 21:10:45,9
https://www.foxtons.co.uk/properties-for-sale/nw2/hmpd0165374,https://www.foxtons.co.uk/flats-for-sale/london?page=28,2025-06-13 21:12:29,28
https://www.foxtons.co.uk/properties-for-sale/nw2/hmpd0165390,https://www.foxtons.co.uk/flats-for-sale/london?page=30,2025-06-13 21:12:40,30
https://www.foxtons.co.uk/properties-for-sale/nw2/hmpd0241307,https://www.foxtons.co.uk/houses-for-sale/london?page=1,2025-06-13 21:05:14,1
https://www.foxtons.co.uk/properties-for-sale/nw2/nwca5261594,https://www.foxtons.co.uk/flats-for-sale/london?page=23,2025-06-13 21:12:01,23
https://www.foxtons.co.uk/properties-for-sale/nw2/nwhm4331580,https://www.foxtons.co.uk/flats-for-sale/london?page=28,2025-06-13 21:12:29,28
https://www.foxtons.co.uk/properties-for-sale/nw2/wend4117789,https://www.foxtons.co.uk/flats-for-sale/london?page=18,2025-06-13 21:11:34,18
https://www.foxtons.co.uk/properties-for-sale/nw2/wend4118929,https://www.foxtons.co.uk/flats-for-sale/london?page=24,2025-06-13 21:12:07,24
https://www.foxtons.co.uk/properties-for-sale/nw2/wilg5267612,https://www.foxtons.co.uk/flats-for-sale/london?page=44,2025-06-13 21:13:59,44
https://www.foxtons.co.uk/properties-for-sale/nw3/chpk0036322,https://www.foxtons.co.uk/flats-for-sale/london?page=13,2025-06-13 21:11:07,13
https://www.foxtons.co.uk/properties-for-sale/nw3/chpk0065088,https://www.foxtons.co.uk/flats-for-sale/london?page=4,2025-06-13 21:10:16,4
https://www.foxtons.co.uk/properties-for-sale/nw3/chpk0075494,https://www.foxtons.co.uk/flats-for-sale/london?page=14,2025-06-13 21:11:12,14
https://www.foxtons.co.uk/properties-for-sale/nw3/chpk0109204,https://www.foxtons.co.uk/flats-for-sale/london?page=5,2025-06-13 21:10:22,5
https://www.foxtons.co.uk/properties-for-sale/nw3/chpk0111113,https://www.foxtons.co.uk/flats-for-sale/london?page=5,2025-06-13 21:10:22,5
https://www.foxtons.co.uk/properties-for-sale/nw3/chpk0114180,https://www.foxtons.co.uk/houses-for-sale/london?page=1,2025-06-13 21:05:14,1
https://www.foxtons.co.uk/properties-for-sale/nw3/chpk0143055,https://www.foxtons.co.uk/flats-for-sale/london?page=23,2025-06-13 21:12:01,23
https://www.foxtons.co.uk/properties-for-sale/nw3/chpk0162300,https://www.foxtons.co.uk/flats-for-sale/london?page=7,2025-06-13 21:10:34,7
https://www.foxtons.co.uk/properties-for-sale/nw3/chpk0164197,https://www.foxtons.co.uk/flats-for-sale/london?page=3,2025-06-13 21:10:10,3
https://www.foxtons.co.uk/properties-for-sale/nw3/chpk0167273,https://www.foxtons.co.uk/flats-for-sale/london?page=21,2025-06-13 21:11:50,21
https://www.foxtons.co.uk/properties-for-sale/nw3/chpk0197117,https://www.foxtons.co.uk/flats-for-sale/london?page=17,2025-06-13 21:11:29,17
https://www.foxtons.co.uk/properties-for-sale/nw3/chpk0254588,https://www.foxtons.co.uk/flats-for-sale/london?page=3,2025-06-13 21:10:10,3
https://www.foxtons.co.uk/properties-for-sale/nw3/chpk0264097,https://www.foxtons.co.uk/houses-for-sale/london?page=1,2025-06-13 21:05:14,1
https://www.foxtons.co.uk/properties-for-sale/nw3/chpk0264410,https://www.foxtons.co.uk/flats-for-sale/london?page=7,2025-06-13 21:10:34,7
https://www.foxtons.co.uk/properties-for-sale/nw3/chpk0295331,https://www.foxtons.co.uk/flats-for-sale/london?page=3,2025-06-13 21:10:10,3
https://www.foxtons.co.uk/properties-for-sale/nw3/chpk0313092,https://www.foxtons.co.uk/properties-for-sale/london?page=8,2025-06-13 21:18:39,8
https://www.foxtons.co.uk/properties-for-sale/nw3/chpk0318730,https://www.foxtons.co.uk/flats-for-sale/london?page=9,2025-06-13 21:10:45,9
https://www.foxtons.co.uk/properties-for-sale/nw3/chpk0366059,https://www.foxtons.co.uk/flats-for-sale/london?page=8,2025-06-13 21:10:39,8
https://www.foxtons.co.uk/properties-for-sale/nw3/chpk0949235,https://www.foxtons.co.uk/houses-for-sale/london?page=1,2025-06-13 21:05:14,1
https://www.foxtons.co.uk/properties-for-sale/nw3/chpk0949778,https://www.foxtons.co.uk/houses-for-sale/london?page=5,2025-06-13 21:06:19,5
https://www.foxtons.co.uk/properties-for-sale/nw3/chpk0952143,https://www.foxtons.co.uk/flats-for-sale/london?page=27,2025-06-13 21:12:24,27
https://www.foxtons.co.uk/properties-for-sale/nw3/chpk0953848,https://www.foxtons.co.uk/properties-for-sale/hampstead?page=1,2025-06-13 23:19:43,1
https://www.foxtons.co.uk/properties-for-sale/nw3/chpk0957134,https://www.foxtons.co.uk/flats-for-sale/london?page=35,2025-06-13 21:13:07,35
https://www.foxtons.co.uk/properties-for-sale/nw3/chpk0959214,https://www.foxtons.co.uk/flats-for-sale/london?page=44,2025-06-13 21:13:59,44
https://www.foxtons.co.uk/properties-for-sale/nw3/chpk0971286,https://www.foxtons.co.uk/flats-for-sale/london?page=12,2025-06-13 21:11:01,12
https://www.foxtons.co.uk/properties-for-sale/nw3/chpk0973165,https://www.foxtons.co.uk/houses-for-sale/london?page=3,2025-06-13 21:05:38,3
https://www.foxtons.co.uk/properties-for-sale/nw3/chpk0973913,https://www.foxtons.co.uk/flats-for-sale/london?page=4,2025-06-13 21:10:16,4
https://www.foxtons.co.uk/properties-for-sale/nw3/chpk0977107,https://www.foxtons.co.uk/flats-for-sale/london?page=8,2025-06-13 21:10:39,8
https://www.foxtons.co.uk/properties-for-sale/nw3/chpk0979029,https://www.foxtons.co.uk/houses-for-sale/london?page=3,2025-06-13 21:05:38,3
https://www.foxtons.co.uk/properties-for-sale/nw3/chpk0979089,https://www.foxtons.co.uk/flats-for-sale/london?page=4,2025-06-13 21:10:16,4
https://www.foxtons.co.uk/properties-for-sale/nw3/chpk0979120,https://www.foxtons.co.uk/houses-for-sale/london?page=2,2025-06-13 21:05:20,2
https://www.foxtons.co.uk/properties-for-sale/nw3/chpk0980616,https://www.foxtons.co.uk/flats-for-sale/london?page=12,2025-06-13 21:11:01,12
https://www.foxtons.co.uk/properties-for-sale/nw3/chpk1171675,https://www.foxtons.co.uk/flats-for-sale/london?page=2,2025-06-13 21:10:05,2
https://www.foxtons.co.uk/properties-for-sale/nw3/chpk1174217,https://www.foxtons.co.uk/flats-for-sale/london?page=7,2025-06-13 21:10:34,7
https://www.foxtons.co.uk/properties-for-sale/nw3/chpk1191112,https://www.foxtons.co.uk/flats-for-sale/london?page=1,2025-06-13 21:09:59,1
https://www.foxtons.co.uk/properties-for-sale/nw3/chpk1206736,https://www.foxtons.co.uk/flats-for-sale/london?page=4,2025-06-13 21:10:16,4
https://www.foxtons.co.uk/properties-for-sale/nw3/chpk1228679,https://www.foxtons.co.uk/flats-for-sale/london?page=5,2025-06-13 21:10:22,5
https://www.foxtons.co.uk/properties-for-sale/nw3/chpk1254023,https://www.foxtons.co.uk/flats-for-sale/london?page=8,2025-06-13 21:10:39,8
https://www.foxtons.co.uk/properties-for-sale/nw3/chpk1334384,https://www.foxtons.co.uk/flats-for-sale/london?page=5,2025-06-13 21:10:22,5
https://www.foxtons.co.uk/properties-for-sale/nw3/chpk1383125,https://www.foxtons.co.uk/flats-for-sale/london?page=14,2025-06-13 21:11:12,14
https://www.foxtons.co.uk/properties-for-sale/nw3/chpk1583568,https://www.foxtons.co.uk/flats-for-sale/london?page=14,2025-06-13 21:11:12,14
https://www.foxtons.co.uk/properties-for-sale/nw3/chpk1691441,https://www.foxtons.co.uk/flats-for-sale/london?page=12,2025-06-13 21:11:01,12
https://www.foxtons.co.uk/properties-for-sale/nw3/chpk2040079,https://www.foxtons.co.uk/flats-for-sale/london?page=10,2025-06-13 21:10:50,10
https://www.foxtons.co.uk/properties-for-sale/nw3/chpk3353260,https://www.foxtons.co.uk/flats-for-sale/london?page=10,2025-06-13 21:10:50,10
https://www.foxtons.co.uk/properties-for-sale/nw3/chpk3360212,https://www.foxtons.co.uk/flats-for-sale/london?page=19,2025-06-13 21:11:39,19
https://www.foxtons.co.uk/properties-for-sale/nw3/chpk3386766,https://www.foxtons.co.uk/flats-for-sale/london?page=7,2025-06-13 21:10:34,7
https://www.foxtons.co.uk/properties-for-sale/nw3/chpk3465101,https://www.foxtons.co.uk/flats-for-sale/london?page=16,2025-06-13 21:11:23,16
https://www.foxtons.co.uk/properties-for-sale/nw3/chpk3629716,https://www.foxtons.co.uk/flats-for-sale/london?page=11,2025-06-13 21:10:56,11
https://www.foxtons.co.uk/properties-for-sale/nw3/chpk3672658,https://www.foxtons.co.uk/flats-for-sale/london?page=1,2025-06-13 21:09:59,1
https://www.foxtons.co.uk/properties-for-sale/nw3/chpk3832555,https://www.foxtons.co.uk/flats-for-sale/london?page=6,2025-06-13 21:10:28,6
https://www.foxtons.co.uk/properties-for-sale/nw3/chpk3872843,https://www.foxtons.co.uk/flats-for-sale/london?page=38,2025-06-13 21:13:26,38
https://www.foxtons.co.uk/properties-for-sale/nw3/chpk4323749,https://www.foxtons.co.uk/flats-for-sale/london?page=10,2025-06-13 21:10:50,10
https://www.foxtons.co.uk/properties-for-sale/nw3/chpk4325283,https://www.foxtons.co.uk/flats-for-sale/london?page=13,2025-06-13 21:11:07,13
https://www.foxtons.co.uk/properties-for-sale/nw3/chpk4629635,https://www.foxtons.co.uk/flats-for-sale/london?page=13,2025-06-13 21:11:07,13
https://www.foxtons.co.uk/properties-for-sale/nw3/chpk4629636,https://www.foxtons.co.uk/flats-for-sale/london?page=13,2025-06-13 21:11:07,13
https://www.foxtons.co.uk/properties-for-sale/nw3/chpk4631488,https://www.foxtons.co.uk/flats-for-sale/london?page=10,2025-06-13 21:10:50,10
https://www.foxtons.co.uk/properties-for-sale/nw3/chpk4944048,https://www.foxtons.co.uk/flats-for-sale/london?page=2,2025-06-13 21:10:05,2
https://www.foxtons.co.uk/properties-for-sale/nw3/chpk4946644,https://www.foxtons.co.uk/flats-for-sale/london?page=9,2025-06-13 21:10:45,9
https://www.foxtons.co.uk/properties-for-sale/nw3/chpk5276426,https://www.foxtons.co.uk/flats-for-sale/london?page=20,2025-06-13 21:11:45,20
https://www.foxtons.co.uk/properties-for-sale/nw3/chpk5313161,https://www.foxtons.co.uk/flats-for-sale/london?page=5,2025-06-13 21:10:22,5
https://www.foxtons.co.uk/properties-for-sale/nw3/hmpd0037679,https://www.foxtons.co.uk/houses-for-sale/london?page=1,2025-06-13 21:05:14,1
https://www.foxtons.co.uk/properties-for-sale/nw3/hmpd0055615,https://www.foxtons.co.uk/flats-for-sale/london?page=12,2025-06-13 21:11:01,12
https://www.foxtons.co.uk/properties-for-sale/nw3/hmpd5270428,https://www.foxtons.co.uk/flats-for-sale/london?page=28,2025-06-13 21:12:29,28
https://www.foxtons.co.uk/properties-for-sale/nw3/rich0225546,https://www.foxtons.co.uk/flats-for-sale/london?page=6,2025-06-13 21:10:28,6
https://www.foxtons.co.uk/properties-for-sale/nw3/sjwd0034033,https://www.foxtons.co.uk/flats-for-sale/london?page=44,2025-06-13 21:13:59,44
https://www.foxtons.co.uk/properties-for-sale/nw3/sjwd0085898,https://www.foxtons.co.uk/flats-for-sale/london?page=44,2025-06-13 21:13:59,44
https://www.foxtons.co.uk/properties-for-sale/nw4/chpk0936847,https://www.foxtons.co.uk/flats-for-sale/london?page=46,2025-06-13 21:14:10,46
https://www.foxtons.co.uk/properties-for-sale/nw4/chpk0936928,https://www.foxtons.co.uk/flats-for-sale/london?page=46,2025-06-13 21:14:10,46
https://www.foxtons.co.uk/properties-for-sale/nw4/chpk0936947,https://www.foxtons.co.uk/properties-for-sale/london?page=22,2025-06-13 21:20:21,22
https://www.foxtons.co.uk/properties-for-sale/nw4/chpk0936993,https://www.foxtons.co.uk/houses-for-sale/london?page=7,2025-06-13 21:06:42,7
https://www.foxtons.co.uk/properties-for-sale/nw4/chpk0937009,https://www.foxtons.co.uk/houses-for-sale/london?page=7,2025-06-13 21:06:42,7
https://www.foxtons.co.uk/properties-for-sale/nw4/chpk0945636,https://www.foxtons.co.uk/houses-for-sale/london?page=7,2025-06-13 21:06:42,7
https://www.foxtons.co.uk/properties-for-sale/nw4/chpk0946831,https://www.foxtons.co.uk/houses-for-sale/london?page=5,2025-06-13 21:06:19,5
https://www.foxtons.co.uk/properties-for-sale/nw4/chpk0950812,https://www.foxtons.co.uk/flats-for-sale/london?page=52,2025-06-13 21:17:29,52
https://www.foxtons.co.uk/properties-for-sale/nw4/chpk0951179,https://www.foxtons.co.uk/properties-for-sale/london?page=22,2025-06-13 21:20:21,22
https://www.foxtons.co.uk/properties-for-sale/nw4/chpk0952551,https://www.foxtons.co.uk/flats-for-sale/london?page=44,2025-06-13 21:13:59,44
https://www.foxtons.co.uk/properties-for-sale/nw4/chpk0954541,https://www.foxtons.co.uk/flats-for-sale/london?page=39,2025-06-13 21:13:32,39
https://www.foxtons.co.uk/properties-for-sale/nw4/chpk0954605,https://www.foxtons.co.uk/houses-for-sale/london?page=7,2025-06-13 21:06:42,7
https://www.foxtons.co.uk/properties-for-sale/nw4/chpk0954711,https://www.foxtons.co.uk/flats-for-sale/london?page=46,2025-06-13 21:14:10,46
https://www.foxtons.co.uk/properties-for-sale/nw4/chpk0954742,https://www.foxtons.co.uk/flats-for-sale/london?page=44,2025-06-13 21:13:59,44
https://www.foxtons.co.uk/properties-for-sale/nw4/chpk0954757,https://www.foxtons.co.uk/flats-for-sale/london?page=37,2025-06-13 21:13:20,37
https://www.foxtons.co.uk/properties-for-sale/nw4/chpk0954802,https://www.foxtons.co.uk/flats-for-sale/london?page=38,2025-06-13 21:13:26,38
https://www.foxtons.co.uk/properties-for-sale/nw4/chpk0962724,https://www.foxtons.co.uk/houses-for-sale/london?page=2,2025-06-13 21:05:20,2
https://www.foxtons.co.uk/properties-for-sale/nw4/chpk0962794,https://www.foxtons.co.uk/houses-for-sale/london?page=11,2025-06-13 21:09:41,11
https://www.foxtons.co.uk/properties-for-sale/nw4/chpk3470114,https://www.foxtons.co.uk/flats-for-sale/london?page=54,2025-06-13 21:17:43,54
https://www.foxtons.co.uk/properties-for-sale/nw4/chpk4426238,https://www.foxtons.co.uk/flats-for-sale/london?page=44,2025-06-13 21:13:59,44
https://www.foxtons.co.uk/properties-for-sale/nw4/chpk4548529,https://www.foxtons.co.uk/flats-for-sale/london?page=36,2025-06-13 21:13:15,36
https://www.foxtons.co.uk/properties-for-sale/nw4/chpk5439278,https://www.foxtons.co.uk/houses-for-sale/london?page=2,2025-06-13 21:05:20,2
https://www.foxtons.co.uk/properties-for-sale/nw4/nwca5270366,https://www.foxtons.co.uk/flats-for-sale/london?page=18,2025-06-13 21:11:34,18
https://www.foxtons.co.uk/properties-for-sale/nw5/chpk0925234,https://www.foxtons.co.uk/flats-for-sale/london?page=44,2025-06-13 21:13:59,44
https://www.foxtons.co.uk/properties-for-sale/nw5/chpk0927063,https://www.foxtons.co.uk/flats-for-sale/london?page=45,2025-06-13 21:14:05,45
https://www.foxtons.co.uk/properties-for-sale/nw5/chpk0934114,https://www.foxtons.co.uk/houses-for-sale/london?page=2,2025-06-13 21:05:20,2
https://www.foxtons.co.uk/properties-for-sale/nw5/chpk0937675,https://www.foxtons.co.uk/flats-for-sale/london?page=15,2025-06-13 21:11:17,15
https://www.foxtons.co.uk/properties-for-sale/nw5/chpk0942700,https://www.foxtons.co.uk/flats-for-sale/london?page=19,2025-06-13 21:11:39,19
https://www.foxtons.co.uk/properties-for-sale/nw5/chpk0950070,https://www.foxtons.co.uk/flats-for-sale/london?page=44,2025-06-13 21:13:59,44
https://www.foxtons.co.uk/properties-for-sale/nw5/chpk4331400,https://www.foxtons.co.uk/flats-for-sale/london?page=13,2025-06-13 21:11:07,13
https://www.foxtons.co.uk/properties-for-sale/nw5/chpk4889193,https://www.foxtons.co.uk/flats-for-sale/london?page=10,2025-06-13 21:10:50,10
https://www.foxtons.co.uk/properties-for-sale/nw5/chpk5268810,https://www.foxtons.co.uk/flats-for-sale/london?page=12,2025-06-13 21:11:01,12
https://www.foxtons.co.uk/properties-for-sale/nw5/chpk5276306,https://www.foxtons.co.uk/flats-for-sale/london?page=38,2025-06-13 21:13:26,38
https://www.foxtons.co.uk/properties-for-sale/nw5/chpk5280099,https://www.foxtons.co.uk/flats-for-sale/london?page=35,2025-06-13 21:13:07,35
https://www.foxtons.co.uk/properties-for-sale/nw5/chpk5282379,https://www.foxtons.co.uk/flats-for-sale/london?page=21,2025-06-13 21:11:50,21
https://www.foxtons.co.uk/properties-for-sale/nw5/chpk5284084,https://www.foxtons.co.uk/flats-for-sale/london?page=12,2025-06-13 21:11:01,12
https://www.foxtons.co.uk/properties-for-sale/nw5/hmpd0189463,https://www.foxtons.co.uk/flats-for-sale/london?page=22,2025-06-13 21:11:56,22
https://www.foxtons.co.uk/properties-for-sale/nw6/chpk0029725,https://www.foxtons.co.uk/flats-for-sale/london?page=28,2025-06-13 21:12:29,28
https://www.foxtons.co.uk/properties-for-sale/nw6/chpk0030891,https://www.foxtons.co.uk/properties-for-sale/maida-vale?page=2,2025-06-13 23:32:54,2
https://www.foxtons.co.uk/properties-for-sale/nw6/chpk0078982,https://www.foxtons.co.uk/flats-for-sale/london?page=41,2025-06-13 21:13:43,41
https://www.foxtons.co.uk/properties-for-sale/nw6/chpk0132120,https://www.foxtons.co.uk/flats-for-sale/london?page=7,2025-06-13 21:10:34,7
https://www.foxtons.co.uk/properties-for-sale/nw6/chpk0151794,https://www.foxtons.co.uk/flats-for-sale/london?page=2,2025-06-13 21:10:05,2
https://www.foxtons.co.uk/properties-for-sale/nw6/chpk0225729,https://www.foxtons.co.uk/flats-for-sale/london?page=30,2025-06-13 21:12:40,30
https://www.foxtons.co.uk/properties-for-sale/nw6/chpk0255222,https://www.foxtons.co.uk/flats-for-sale/london?page=14,2025-06-13 21:11:12,14
https://www.foxtons.co.uk/properties-for-sale/nw6/chpk0259638,https://www.foxtons.co.uk/flats-for-sale/london?page=21,2025-06-13 21:11:50,21
https://www.foxtons.co.uk/properties-for-sale/nw6/chpk0265254,https://www.foxtons.co.uk/flats-for-sale/london?page=17,2025-06-13 21:11:29,17
https://www.foxtons.co.uk/properties-for-sale/nw6/chpk0271137,https://www.foxtons.co.uk/flats-for-sale/london?page=21,2025-06-13 21:11:50,21
https://www.foxtons.co.uk/properties-for-sale/nw6/chpk0284682,https://www.foxtons.co.uk/flats-for-sale/london?page=38,2025-06-13 21:13:26,38
https://www.foxtons.co.uk/properties-for-sale/nw6/chpk0289904,https://www.foxtons.co.uk/flats-for-sale/london?page=30,2025-06-13 21:12:40,30
https://www.foxtons.co.uk/properties-for-sale/nw6/chpk0306725,https://www.foxtons.co.uk/flats-for-sale/london?page=25,2025-06-13 21:12:13,25
https://www.foxtons.co.uk/properties-for-sale/nw6/chpk0309437,https://www.foxtons.co.uk/flats-for-sale/london?page=9,2025-06-13 21:10:45,9
https://www.foxtons.co.uk/properties-for-sale/nw6/chpk0339882,https://www.foxtons.co.uk/flats-for-sale/london?page=11,2025-06-13 21:10:56,11
https://www.foxtons.co.uk/properties-for-sale/nw6/chpk0347792,https://www.foxtons.co.uk/flats-for-sale/london?page=17,2025-06-13 21:11:29,17
https://www.foxtons.co.uk/properties-for-sale/nw6/chpk0356510,https://www.foxtons.co.uk/flats-for-sale/london?page=6,2025-06-13 21:10:28,6
https://www.foxtons.co.uk/properties-for-sale/nw6/chpk0370225,https://www.foxtons.co.uk/flats-for-sale/london?page=46,2025-06-13 21:14:10,46
https://www.foxtons.co.uk/properties-for-sale/nw6/chpk0915370,https://www.foxtons.co.uk/houses-for-sale/london?page=5,2025-06-13 21:06:19,5
https://www.foxtons.co.uk/properties-for-sale/nw6/chpk0917360,https://www.foxtons.co.uk/flats-for-sale/london?page=23,2025-06-13 21:12:01,23
https://www.foxtons.co.uk/properties-for-sale/nw6/chpk0917593,https://www.foxtons.co.uk/flats-for-sale/london?page=21,2025-06-13 21:11:50,21
https://www.foxtons.co.uk/properties-for-sale/nw6/chpk0919706,https://www.foxtons.co.uk/flats-for-sale/london?page=32,2025-06-13 21:12:51,32
https://www.foxtons.co.uk/properties-for-sale/nw6/chpk0920760,https://www.foxtons.co.uk/flats-for-sale/london?page=16,2025-06-13 21:11:23,16
https://www.foxtons.co.uk/properties-for-sale/nw6/chpk0920779,https://www.foxtons.co.uk/flats-for-sale/london?page=16,2025-06-13 21:11:23,16
https://www.foxtons.co.uk/properties-for-sale/nw6/chpk0923140,https://www.foxtons.co.uk/flats-for-sale/london?page=41,2025-06-13 21:13:43,41
https://www.foxtons.co.uk/properties-for-sale/nw6/chpk0923159,https://www.foxtons.co.uk/flats-for-sale/london?page=11,2025-06-13 21:10:56,11
https://www.foxtons.co.uk/properties-for-sale/nw6/chpk0924548,https://www.foxtons.co.uk/houses-for-sale/london?page=1,2025-06-13 21:05:14,1
https://www.foxtons.co.uk/properties-for-sale/nw6/chpk0924558,https://www.foxtons.co.uk/houses-for-sale/london?page=1,2025-06-13 21:05:14,1
https://www.foxtons.co.uk/properties-for-sale/nw6/chpk0925356,https://www.foxtons.co.uk/flats-for-sale/london?page=35,2025-06-13 21:13:07,35
https://www.foxtons.co.uk/properties-for-sale/nw6/chpk0926347,https://www.foxtons.co.uk/flats-for-sale/london?page=32,2025-06-13 21:12:51,32
https://www.foxtons.co.uk/properties-for-sale/nw6/chpk0926363,https://www.foxtons.co.uk/flats-for-sale/london?page=21,2025-06-13 21:11:50,21
https://www.foxtons.co.uk/properties-for-sale/nw6/chpk0926511,https://www.foxtons.co.uk/flats-for-sale/london?page=16,2025-06-13 21:11:23,16
https://www.foxtons.co.uk/properties-for-sale/nw6/chpk0926625,https://www.foxtons.co.uk/houses-for-sale/london?page=7,2025-06-13 21:06:42,7
https://www.foxtons.co.uk/properties-for-sale/nw6/chpk0928972,https://www.foxtons.co.uk/flats-for-sale/london?page=35,2025-06-13 21:13:07,35
https://www.foxtons.co.uk/properties-for-sale/nw6/chpk0929801,https://www.foxtons.co.uk/flats-for-sale/london?page=17,2025-06-13 21:11:29,17
https://www.foxtons.co.uk/properties-for-sale/nw6/chpk0931395,https://www.foxtons.co.uk/flats-for-sale/london?page=23,2025-06-13 21:12:01,23
https://www.foxtons.co.uk/properties-for-sale/nw6/chpk0933119,https://www.foxtons.co.uk/flats-for-sale/london?page=11,2025-06-13 21:10:56,11
https://www.foxtons.co.uk/properties-for-sale/nw6/chpk0936006,https://www.foxtons.co.uk/houses-for-sale/london?page=1,2025-06-13 21:05:14,1
https://www.foxtons.co.uk/properties-for-sale/nw6/chpk0938258,https://www.foxtons.co.uk/properties-for-sale/london?page=3,2025-06-13 21:18:10,3
https://www.foxtons.co.uk/properties-for-sale/nw6/chpk0939616,https://www.foxtons.co.uk/flats-for-sale/london?page=9,2025-06-13 21:10:45,9
https://www.foxtons.co.uk/properties-for-sale/nw6/chpk0939626,https://www.foxtons.co.uk/flats-for-sale/london?page=15,2025-06-13 21:11:17,15
https://www.foxtons.co.uk/properties-for-sale/nw6/chpk0942255,https://www.foxtons.co.uk/flats-for-sale/london?page=29,2025-06-13 21:12:35,29
https://www.foxtons.co.uk/properties-for-sale/nw6/chpk0942584,https://www.foxtons.co.uk/flats-for-sale/london?page=6,2025-06-13 21:10:28,6
https://www.foxtons.co.uk/properties-for-sale/nw6/chpk0942644,https://www.foxtons.co.uk/flats-for-sale/london?page=7,2025-06-13 21:10:34,7
https://www.foxtons.co.uk/properties-for-sale/nw6/chpk0943816,https://www.foxtons.co.uk/flats-for-sale/london?page=6,2025-06-13 21:10:28,6
https://www.foxtons.co.uk/properties-for-sale/nw6/chpk1147651,https://www.foxtons.co.uk/flats-for-sale/london?page=3,2025-06-13 21:10:10,3
https://www.foxtons.co.uk/properties-for-sale/nw6/chpk1161302,https://www.foxtons.co.uk/flats-for-sale/london?page=5,2025-06-13 21:10:22,5
https://www.foxtons.co.uk/properties-for-sale/nw6/chpk1230199,https://www.foxtons.co.uk/flats-for-sale/london?page=21,2025-06-13 21:11:50,21
https://www.foxtons.co.uk/properties-for-sale/nw6/chpk1240196,https://www.foxtons.co.uk/flats-for-sale/london?page=11,2025-06-13 21:10:56,11
https://www.foxtons.co.uk/properties-for-sale/nw6/chpk1351299,https://www.foxtons.co.uk/flats-for-sale/london?page=34,2025-06-13 21:13:02,34
https://www.foxtons.co.uk/properties-for-sale/nw6/chpk1398591,https://www.foxtons.co.uk/flats-for-sale/london?page=16,2025-06-13 21:11:23,16
https://www.foxtons.co.uk/properties-for-sale/nw6/chpk1593655,https://www.foxtons.co.uk/flats-for-sale/london?page=23,2025-06-13 21:12:01,23
https://www.foxtons.co.uk/properties-for-sale/nw6/chpk1688126,https://www.foxtons.co.uk/flats-for-sale/london?page=4,2025-06-13 21:10:16,4
https://www.foxtons.co.uk/properties-for-sale/nw6/chpk1831201,https://www.foxtons.co.uk/flats-for-sale/london?page=19,2025-06-13 21:11:39,19
https://www.foxtons.co.uk/properties-for-sale/nw6/chpk1897102,https://www.foxtons.co.uk/flats-for-sale/london?page=32,2025-06-13 21:12:51,32
https://www.foxtons.co.uk/properties-for-sale/nw6/chpk2077499,https://www.foxtons.co.uk/flats-for-sale/london?page=42,2025-06-13 21:13:48,42
https://www.foxtons.co.uk/properties-for-sale/nw6/chpk3664033,https://www.foxtons.co.uk/flats-for-sale/london?page=37,2025-06-13 21:13:20,37
https://www.foxtons.co.uk/properties-for-sale/nw6/chpk3672825,https://www.foxtons.co.uk/flats-for-sale/london?page=31,2025-06-13 21:12:46,31
https://www.foxtons.co.uk/properties-for-sale/nw6/chpk3711728,https://www.foxtons.co.uk/flats-for-sale/london?page=28,2025-06-13 21:12:29,28
https://www.foxtons.co.uk/properties-for-sale/nw6/chpk3843770,https://www.foxtons.co.uk/flats-for-sale/london?page=11,2025-06-13 21:10:56,11
https://www.foxtons.co.uk/properties-for-sale/nw6/chpk3868157,https://www.foxtons.co.uk/flats-for-sale/london?page=12,2025-06-13 21:11:01,12
https://www.foxtons.co.uk/properties-for-sale/nw6/chpk3878522,https://www.foxtons.co.uk/flats-for-sale/london?page=12,2025-06-13 21:11:01,12
https://www.foxtons.co.uk/properties-for-sale/nw6/chpk4070660,https://www.foxtons.co.uk/flats-for-sale/london?page=31,2025-06-13 21:12:46,31
https://www.foxtons.co.uk/properties-for-sale/nw6/chpk4075033,https://www.foxtons.co.uk/flats-for-sale/london?page=17,2025-06-13 21:11:29,17
https://www.foxtons.co.uk/properties-for-sale/nw6/chpk4128171,https://www.foxtons.co.uk/flats-for-sale/london?page=44,2025-06-13 21:13:59,44
https://www.foxtons.co.uk/properties-for-sale/nw6/chpk4138233,https://www.foxtons.co.uk/flats-for-sale/london?page=22,2025-06-13 21:11:56,22
https://www.foxtons.co.uk/properties-for-sale/nw6/chpk4353620,https://www.foxtons.co.uk/properties-for-sale/london?page=5,2025-06-13 21:18:21,5
https://www.foxtons.co.uk/properties-for-sale/nw6/chpk4356027,https://www.foxtons.co.uk/flats-for-sale/london?page=7,2025-06-13 21:10:34,7
https://www.foxtons.co.uk/properties-for-sale/nw6/chpk4374644,https://www.foxtons.co.uk/flats-for-sale/london?page=7,2025-06-13 21:10:34,7
https://www.foxtons.co.uk/properties-for-sale/nw6/chpk4374695,https://www.foxtons.co.uk/flats-for-sale/london?page=13,2025-06-13 21:11:07,13
https://www.foxtons.co.uk/properties-for-sale/nw6/chpk4421238,https://www.foxtons.co.uk/flats-for-sale/london?page=15,2025-06-13 21:11:17,15
https://www.foxtons.co.uk/properties-for-sale/nw6/chpk4422823,https://www.foxtons.co.uk/flats-for-sale/london?page=12,2025-06-13 21:11:01,12
https://www.foxtons.co.uk/properties-for-sale/nw6/chpk4466210,https://www.foxtons.co.uk/flats-for-sale/london?page=13,2025-06-13 21:11:07,13
https://www.foxtons.co.uk/properties-for-sale/nw6/chpk4634826,https://www.foxtons.co.uk/flats-for-sale/london?page=3,2025-06-13 21:10:10,3
https://www.foxtons.co.uk/properties-for-sale/nw6/chpk4640153,https://www.foxtons.co.uk/flats-for-sale/london?page=10,2025-06-13 21:10:50,10
https://www.foxtons.co.uk/properties-for-sale/nw6/chpk4913073,https://www.foxtons.co.uk/flats-for-sale/london?page=3,2025-06-13 21:10:10,3
https://www.foxtons.co.uk/properties-for-sale/nw6/chpk4940653,https://www.foxtons.co.uk/flats-for-sale/london?page=13,2025-06-13 21:11:07,13
https://www.foxtons.co.uk/properties-for-sale/nw6/chpk4947010,https://www.foxtons.co.uk/flats-for-sale/london?page=8,2025-06-13 21:10:39,8
https://www.foxtons.co.uk/properties-for-sale/nw6/chpk4947015,https://www.foxtons.co.uk/flats-for-sale/london?page=4,2025-06-13 21:10:16,4
https://www.foxtons.co.uk/properties-for-sale/nw6/chpk5012550,https://www.foxtons.co.uk/flats-for-sale/london?page=30,2025-06-13 21:12:40,30
https://www.foxtons.co.uk/properties-for-sale/nw6/chpk5263688,https://www.foxtons.co.uk/flats-for-sale/london?page=42,2025-06-13 21:13:48,42
https://www.foxtons.co.uk/properties-for-sale/nw6/chpk5263689,https://www.foxtons.co.uk/flats-for-sale/london?page=42,2025-06-13 21:13:48,42
https://www.foxtons.co.uk/properties-for-sale/nw6/chpk5267330,https://www.foxtons.co.uk/flats-for-sale/london?page=6,2025-06-13 21:10:28,6
https://www.foxtons.co.uk/properties-for-sale/nw6/chpk5269310,https://www.foxtons.co.uk/flats-for-sale/london?page=6,2025-06-13 21:10:28,6
https://www.foxtons.co.uk/properties-for-sale/nw6/chpk5280961,https://www.foxtons.co.uk/flats-for-sale/london?page=12,2025-06-13 21:11:01,12
https://www.foxtons.co.uk/properties-for-sale/nw6/chpk5287534,https://www.foxtons.co.uk/flats-for-sale/london?page=38,2025-06-13 21:13:26,38
https://www.foxtons.co.uk/properties-for-sale/nw6/chpk6198509,https://www.foxtons.co.uk/flats-for-sale/london?page=25,2025-06-13 21:12:13,25
https://www.foxtons.co.uk/properties-for-sale/nw6/nwca5219781,https://www.foxtons.co.uk/flats-for-sale/london?page=21,2025-06-13 21:11:50,21
https://www.foxtons.co.uk/properties-for-sale/nw6/nwca5219782,https://www.foxtons.co.uk/flats-for-sale/london?page=12,2025-06-13 21:11:01,12
https://www.foxtons.co.uk/properties-for-sale/nw6/nwca5266483,https://www.foxtons.co.uk/flats-for-sale/london?page=30,2025-06-13 21:12:40,30
https://www.foxtons.co.uk/properties-for-sale/nw6/sjwd0079188,https://www.foxtons.co.uk/flats-for-sale/london?page=36,2025-06-13 21:13:15,36
https://www.foxtons.co.uk/properties-for-sale/nw6/sjwd0233850,https://www.foxtons.co.uk/flats-for-sale/london?page=36,2025-06-13 21:13:15,36
https://www.foxtons.co.uk/properties-for-sale/nw7/chpk1228221,https://www.foxtons.co.uk/flats-for-sale/london?page=38,2025-06-13 21:13:26,38
https://www.foxtons.co.uk/properties-for-sale/nw7/chpk1275078,https://www.foxtons.co.uk/flats-for-sale/london?page=35,2025-06-13 21:13:07,35
https://www.foxtons.co.uk/properties-for-sale/nw7/chpk1472233,https://www.foxtons.co.uk/properties-for-sale/london?page=9,2025-06-13 21:18:45,9
https://www.foxtons.co.uk/properties-for-sale/nw7/chpk1627295,https://www.foxtons.co.uk/flats-for-sale/london?page=46,2025-06-13 21:14:10,46
https://www.foxtons.co.uk/properties-for-sale/nw7/chpk1648311,https://www.foxtons.co.uk/houses-for-sale/london?page=6,2025-06-13 21:06:25,6
https://www.foxtons.co.uk/properties-for-sale/nw7/chpk1720222,https://www.foxtons.co.uk/properties-for-sale/london?page=8,2025-06-13 21:18:39,8
https://www.foxtons.co.uk/properties-for-sale/nw7/chpk1893727,https://www.foxtons.co.uk/properties-for-sale/london?page=21,2025-06-13 21:20:15,21
https://www.foxtons.co.uk/properties-for-sale/nw7/chpk1913004,https://www.foxtons.co.uk/houses-for-sale/london?page=5,2025-06-13 21:06:19,5
https://www.foxtons.co.uk/properties-for-sale/nw7/chpk1971193,https://www.foxtons.co.uk/houses-for-sale/london?page=11,2025-06-13 21:09:41,11
https://www.foxtons.co.uk/properties-for-sale/nw7/chpk2116155,https://www.foxtons.co.uk/houses-for-sale/london?page=3,2025-06-13 21:05:38,3
https://www.foxtons.co.uk/properties-for-sale/nw7/chpk2148402,https://www.foxtons.co.uk/houses-for-sale/london?page=5,2025-06-13 21:06:19,5
https://www.foxtons.co.uk/properties-for-sale/nw7/chpk3678101,https://www.foxtons.co.uk/flats-for-sale/london?page=31,2025-06-13 21:12:46,31
https://www.foxtons.co.uk/properties-for-sale/nw7/chpk4142448,https://www.foxtons.co.uk/flats-for-sale/london?page=40,2025-06-13 21:13:37,40
https://www.foxtons.co.uk/properties-for-sale/nw7/chpk5837712,https://www.foxtons.co.uk/flats-for-sale/london?page=36,2025-06-13 21:13:15,36
https://www.foxtons.co.uk/properties-for-sale/nw7/nwca4918885,https://www.foxtons.co.uk/flats-for-sale/london?page=33,2025-06-13 21:12:57,33
https://www.foxtons.co.uk/properties-for-sale/nw8/chpk0027835,https://www.foxtons.co.uk/flats-for-sale/london?page=21,2025-06-13 21:11:50,21
https://www.foxtons.co.uk/properties-for-sale/nw8/chpk0030668,https://www.foxtons.co.uk/flats-for-sale/london?page=3,2025-06-13 21:10:10,3
https://www.foxtons.co.uk/properties-for-sale/nw8/chpk0115283,https://www.foxtons.co.uk/flats-for-sale/london?page=5,2025-06-13 21:10:22,5
https://www.foxtons.co.uk/properties-for-sale/nw8/chpk0137401,https://www.foxtons.co.uk/flats-for-sale/london?page=14,2025-06-13 21:11:12,14
https://www.foxtons.co.uk/properties-for-sale/nw8/chpk0138402,https://www.foxtons.co.uk/flats-for-sale/london?page=38,2025-06-13 21:13:26,38
https://www.foxtons.co.uk/properties-for-sale/nw8/chpk0140264,https://www.foxtons.co.uk/flats-for-sale/london?page=10,2025-06-13 21:10:50,10
https://www.foxtons.co.uk/properties-for-sale/nw8/chpk0143929,https://www.foxtons.co.uk/houses-for-sale/london?page=1,2025-06-13 21:05:14,1
https://www.foxtons.co.uk/properties-for-sale/nw8/chpk0155357,https://www.foxtons.co.uk/flats-for-sale/london?page=44,2025-06-13 21:13:59,44
https://www.foxtons.co.uk/properties-for-sale/nw8/chpk0158212,https://www.foxtons.co.uk/flats-for-sale/london?page=4,2025-06-13 21:10:16,4
https://www.foxtons.co.uk/properties-for-sale/nw8/chpk0223049,https://www.foxtons.co.uk/flats-for-sale/london?page=44,2025-06-13 21:13:59,44
https://www.foxtons.co.uk/properties-for-sale/nw8/chpk0249717,https://www.foxtons.co.uk/flats-for-sale/london?page=18,2025-06-13 21:11:34,18
https://www.foxtons.co.uk/properties-for-sale/nw8/chpk0330750,https://www.foxtons.co.uk/flats-for-sale/london?page=5,2025-06-13 21:10:22,5
https://www.foxtons.co.uk/properties-for-sale/nw8/chpk0346022,https://www.foxtons.co.uk/flats-for-sale/london?page=16,2025-06-13 21:11:23,16
https://www.foxtons.co.uk/properties-for-sale/nw8/chpk0356477,https://www.foxtons.co.uk/flats-for-sale/london?page=7,2025-06-13 21:10:34,7
https://www.foxtons.co.uk/properties-for-sale/nw8/chpk0356818,https://www.foxtons.co.uk/flats-for-sale/london?page=35,2025-06-13 21:13:07,35
https://www.foxtons.co.uk/properties-for-sale/nw8/chpk0363638,https://www.foxtons.co.uk/flats-for-sale/london?page=21,2025-06-13 21:11:50,21
https://www.foxtons.co.uk/properties-for-sale/nw8/chpk0893437,https://www.foxtons.co.uk/flats-for-sale/london?page=1,2025-06-13 21:09:59,1
https://www.foxtons.co.uk/properties-for-sale/nw8/chpk0896307,https://www.foxtons.co.uk/houses-for-sale/london?page=1,2025-06-13 21:05:14,1
https://www.foxtons.co.uk/properties-for-sale/nw8/chpk0896625,https://www.foxtons.co.uk/flats-for-sale/london?page=5,2025-06-13 21:10:22,5
https://www.foxtons.co.uk/properties-for-sale/nw8/chpk0900650,https://www.foxtons.co.uk/flats-for-sale/london?page=27,2025-06-13 21:12:24,27
https://www.foxtons.co.uk/properties-for-sale/nw8/chpk0902436,https://www.foxtons.co.uk/flats-for-sale/london?page=44,2025-06-13 21:13:59,44
https://www.foxtons.co.uk/properties-for-sale/nw8/chpk0902529,https://www.foxtons.co.uk/flats-for-sale/london?page=23,2025-06-13 21:12:01,23
https://www.foxtons.co.uk/properties-for-sale/nw8/chpk0903690,https://www.foxtons.co.uk/flats-for-sale/london?page=19,2025-06-13 21:11:39,19
https://www.foxtons.co.uk/properties-for-sale/nw8/chpk0905883,https://www.foxtons.co.uk/flats-for-sale/london?page=8,2025-06-13 21:10:39,8
https://www.foxtons.co.uk/properties-for-sale/nw8/chpk0906907,https://www.foxtons.co.uk/flats-for-sale/london?page=37,2025-06-13 21:13:20,37
https://www.foxtons.co.uk/properties-for-sale/nw8/chpk0906989,https://www.foxtons.co.uk/flats-for-sale/london?page=46,2025-06-13 21:14:10,46
https://www.foxtons.co.uk/properties-for-sale/nw8/chpk0907172,https://www.foxtons.co.uk/flats-for-sale/london?page=4,2025-06-13 21:10:16,4
https://www.foxtons.co.uk/properties-for-sale/nw8/chpk0910267,https://www.foxtons.co.uk/houses-for-sale/london?page=2,2025-06-13 21:05:20,2
https://www.foxtons.co.uk/properties-for-sale/nw8/chpk0912810,https://www.foxtons.co.uk/flats-for-sale/london?page=2,2025-06-13 21:10:05,2
https://www.foxtons.co.uk/properties-for-sale/nw8/chpk0918521,https://www.foxtons.co.uk/flats-for-sale/london?page=23,2025-06-13 21:12:01,23
https://www.foxtons.co.uk/properties-for-sale/nw8/chpk0918570,https://www.foxtons.co.uk/flats-for-sale/london?page=23,2025-06-13 21:12:01,23
https://www.foxtons.co.uk/properties-for-sale/nw8/chpk0918572,https://www.foxtons.co.uk/flats-for-sale/london?page=20,2025-06-13 21:11:45,20
https://www.foxtons.co.uk/properties-for-sale/nw8/chpk0918965,https://www.foxtons.co.uk/flats-for-sale/london?page=17,2025-06-13 21:11:29,17
https://www.foxtons.co.uk/properties-for-sale/nw8/chpk0919015,https://www.foxtons.co.uk/flats-for-sale/london?page=16,2025-06-13 21:11:23,16
https://www.foxtons.co.uk/properties-for-sale/nw8/chpk0919063,https://www.foxtons.co.uk/flats-for-sale/london?page=19,2025-06-13 21:11:39,19
https://www.foxtons.co.uk/properties-for-sale/nw8/chpk0921993,https://www.foxtons.co.uk/flats-for-sale/london?page=2,2025-06-13 21:10:05,2
https://www.foxtons.co.uk/properties-for-sale/nw8/chpk0925858,https://www.foxtons.co.uk/flats-for-sale/london?page=23,2025-06-13 21:12:01,23
https://www.foxtons.co.uk/properties-for-sale/nw8/chpk0925941,https://www.foxtons.co.uk/houses-for-sale/london?page=11,2025-06-13 21:09:41,11
https://www.foxtons.co.uk/properties-for-sale/nw8/chpk1243651,https://www.foxtons.co.uk/flats-for-sale/london?page=6,2025-06-13 21:10:28,6
https://www.foxtons.co.uk/properties-for-sale/nw8/chpk1351394,https://www.foxtons.co.uk/flats-for-sale/london?page=11,2025-06-13 21:10:56,11
https://www.foxtons.co.uk/properties-for-sale/nw8/chpk1475213,https://www.foxtons.co.uk/flats-for-sale/london?page=46,2025-06-13 21:14:10,46
https://www.foxtons.co.uk/properties-for-sale/nw8/chpk1696831,https://www.foxtons.co.uk/flats-for-sale/london?page=39,2025-06-13 21:13:32,39
https://www.foxtons.co.uk/properties-for-sale/nw8/chpk3378845,https://www.foxtons.co.uk/flats-for-sale/london?page=22,2025-06-13 21:11:56,22
https://www.foxtons.co.uk/properties-for-sale/nw8/chpk3826263,https://www.foxtons.co.uk/flats-for-sale/london?page=2,2025-06-13 21:10:05,2
https://www.foxtons.co.uk/properties-for-sale/nw8/chpk3849683,https://www.foxtons.co.uk/flats-for-sale/london?page=4,2025-06-13 21:10:16,4
https://www.foxtons.co.uk/properties-for-sale/nw8/chpk4025423,https://www.foxtons.co.uk/flats-for-sale/london?page=3,2025-06-13 21:10:10,3
https://www.foxtons.co.uk/properties-for-sale/nw8/chpk4123178,https://www.foxtons.co.uk/flats-for-sale/london?page=2,2025-06-13 21:10:05,2
https://www.foxtons.co.uk/properties-for-sale/nw8/chpk4128249,https://www.foxtons.co.uk/flats-for-sale/london?page=8,2025-06-13 21:10:39,8
https://www.foxtons.co.uk/properties-for-sale/nw8/chpk4135839,https://www.foxtons.co.uk/houses-for-sale/london?page=2,2025-06-13 21:05:20,2
https://www.foxtons.co.uk/properties-for-sale/nw8/chpk5183503,https://www.foxtons.co.uk/flats-for-sale/london?page=10,2025-06-13 21:10:50,10
https://www.foxtons.co.uk/properties-for-sale/nw8/nhgt0091809,https://www.foxtons.co.uk/flats-for-sale/london?page=21,2025-06-13 21:11:50,21
https://www.foxtons.co.uk/properties-for-sale/nw8/nwhm3460360,https://www.foxtons.co.uk/flats-for-sale/london?page=8,2025-06-13 21:10:39,8
https://www.foxtons.co.uk/properties-for-sale/nw8/sjwd0047295,https://www.foxtons.co.uk/flats-for-sale/london?page=28,2025-06-13 21:12:29,28
https://www.foxtons.co.uk/properties-for-sale/nw8/sjwd0072273,https://www.foxtons.co.uk/houses-for-sale/london?page=3,2025-06-13 21:05:38,3
https://www.foxtons.co.uk/properties-for-sale/nw8/sjwd0156777,https://www.foxtons.co.uk/flats-for-sale/london?page=21,2025-06-13 21:11:50,21
https://www.foxtons.co.uk/properties-for-sale/nw8/sjwd0160934,https://www.foxtons.co.uk/flats-for-sale/london?page=21,2025-06-13 21:11:50,21
https://www.foxtons.co.uk/properties-for-sale/nw8/sjwd0166573,https://www.foxtons.co.uk/flats-for-sale/london?page=17,2025-06-13 21:11:29,17
https://www.foxtons.co.uk/properties-for-sale/nw8/sjwd0201867,https://www.foxtons.co.uk/flats-for-sale/london?page=36,2025-06-13 21:13:15,36
https://www.foxtons.co.uk/properties-for-sale/nw9/chpk1185750,https://www.foxtons.co.uk/properties-for-sale/harrow?page=3,2025-06-13 23:22:03,3
https://www.foxtons.co.uk/properties-for-sale/nw9/chpk1196875,https://www.foxtons.co.uk/flats-for-sale/london?page=44,2025-06-13 21:13:59,44
https://www.foxtons.co.uk/properties-for-sale/nw9/chpk1276125,https://www.foxtons.co.uk/flats-for-sale/london?page=42,2025-06-13 21:13:48,42
https://www.foxtons.co.uk/properties-for-sale/nw9/chpk1277941,https://www.foxtons.co.uk/flats-for-sale/london?page=46,2025-06-13 21:14:10,46
https://www.foxtons.co.uk/properties-for-sale/nw9/chpk1308843,https://www.foxtons.co.uk/flats-for-sale/london?page=52,2025-06-13 21:17:29,52
https://www.foxtons.co.uk/properties-for-sale/nw9/chpk1330746,https://www.foxtons.co.uk/flats-for-sale/london?page=44,2025-06-13 21:13:59,44
https://www.foxtons.co.uk/properties-for-sale/nw9/chpk1472444,https://www.foxtons.co.uk/properties-for-sale/harrow?page=3,2025-06-13 23:22:03,3
https://www.foxtons.co.uk/properties-for-sale/nw9/chpk1742029,https://www.foxtons.co.uk/properties-for-sale/harrow?page=3,2025-06-13 23:22:03,3
https://www.foxtons.co.uk/properties-for-sale/nw9/chpk1742070,https://www.foxtons.co.uk/houses-for-sale/london?page=11,2025-06-13 21:09:41,11
https://www.foxtons.co.uk/properties-for-sale/nw9/chpk1795735,https://www.foxtons.co.uk/houses-for-sale/london?page=3,2025-06-13 21:05:38,3
https://www.foxtons.co.uk/properties-for-sale/nw9/chpk1806419,https://www.foxtons.co.uk/flats-for-sale/london?page=39,2025-06-13 21:13:32,39
https://www.foxtons.co.uk/properties-for-sale/nw9/chpk1848285,https://www.foxtons.co.uk/flats-for-sale/london?page=28,2025-06-13 21:12:29,28
https://www.foxtons.co.uk/properties-for-sale/nw9/chpk1858287,https://www.foxtons.co.uk/properties-for-sale/harrow?page=1,2025-06-13 23:21:43,1
https://www.foxtons.co.uk/properties-for-sale/nw9/chpk1943796,https://www.foxtons.co.uk/properties-for-sale/london?page=9,2025-06-13 21:18:45,9
https://www.foxtons.co.uk/properties-for-sale/nw9/chpk2109447,https://www.foxtons.co.uk/flats-for-sale/london?page=41,2025-06-13 21:13:43,41
https://www.foxtons.co.uk/properties-for-sale/nw9/chpk2119885,https://www.foxtons.co.uk/houses-for-sale/london?page=6,2025-06-13 21:06:25,6
https://www.foxtons.co.uk/properties-for-sale/nw9/chpk2168780,https://www.foxtons.co.uk/houses-for-sale/london?page=6,2025-06-13 21:06:25,6
https://www.foxtons.co.uk/properties-for-sale/nw9/chpk3578355,https://www.foxtons.co.uk/flats-for-sale/london?page=47,2025-06-13 21:14:29,47
https://www.foxtons.co.uk/properties-for-sale/nw9/chpk3578392,https://www.foxtons.co.uk/flats-for-sale/london?page=39,2025-06-13 21:13:32,39
https://www.foxtons.co.uk/properties-for-sale/nw9/chpk3592099,https://www.foxtons.co.uk/flats-for-sale/london?page=17,2025-06-13 21:11:29,17
https://www.foxtons.co.uk/properties-for-sale/nw9/chpk3671437,https://www.foxtons.co.uk/flats-for-sale/london?page=31,2025-06-13 21:12:46,31
https://www.foxtons.co.uk/properties-for-sale/nw9/chpk3671550,https://www.foxtons.co.uk/flats-for-sale/london?page=36,2025-06-13 21:13:15,36
https://www.foxtons.co.uk/properties-for-sale/nw9/chpk3671829,https://www.foxtons.co.uk/flats-for-sale/london?page=10,2025-06-13 21:10:50,10
https://www.foxtons.co.uk/properties-for-sale/nw9/chpk3853241,https://www.foxtons.co.uk/flats-for-sale/london?page=31,2025-06-13 21:12:46,31
https://www.foxtons.co.uk/properties-for-sale/nw9/chpk3853491,https://www.foxtons.co.uk/flats-for-sale/london?page=48,2025-06-13 21:14:37,48
https://www.foxtons.co.uk/properties-for-sale/nw9/chpk3853515,https://www.foxtons.co.uk/flats-for-sale/london?page=48,2025-06-13 21:14:37,48
https://www.foxtons.co.uk/properties-for-sale/nw9/chpk3876953,https://www.foxtons.co.uk/flats-for-sale/london?page=21,2025-06-13 21:11:50,21
https://www.foxtons.co.uk/properties-for-sale/nw9/chpk4075119,https://www.foxtons.co.uk/flats-for-sale/london?page=24,2025-06-13 21:12:07,24
https://www.foxtons.co.uk/properties-for-sale/nw9/chpk4075326,https://www.foxtons.co.uk/flats-for-sale/london?page=50,2025-06-13 21:15:33,50
https://www.foxtons.co.uk/properties-for-sale/nw9/chpk4075338,https://www.foxtons.co.uk/flats-for-sale/london?page=33,2025-06-13 21:12:57,33
https://www.foxtons.co.uk/properties-for-sale/nw9/chpk4076114,https://www.foxtons.co.uk/houses-for-sale/london?page=13,2025-06-13 21:09:51,13
https://www.foxtons.co.uk/properties-for-sale/nw9/chpk4083011,https://www.foxtons.co.uk/flats-for-sale/london?page=43,2025-06-13 21:13:54,43
https://www.foxtons.co.uk/properties-for-sale/nw9/chpk4113518,https://www.foxtons.co.uk/flats-for-sale/london?page=31,2025-06-13 21:12:46,31
https://www.foxtons.co.uk/properties-for-sale/nw9/chpk4145546,https://www.foxtons.co.uk/flats-for-sale/london?page=36,2025-06-13 21:13:15,36
https://www.foxtons.co.uk/properties-for-sale/nw9/chpk4145575,https://www.foxtons.co.uk/flats-for-sale/london?page=39,2025-06-13 21:13:32,39
https://www.foxtons.co.uk/properties-for-sale/nw9/chpk4324283,https://www.foxtons.co.uk/flats-for-sale/london?page=30,2025-06-13 21:12:40,30
https://www.foxtons.co.uk/properties-for-sale/nw9/chpk4327216,https://www.foxtons.co.uk/flats-for-sale/london?page=24,2025-06-13 21:12:07,24
https://www.foxtons.co.uk/properties-for-sale/nw9/chpk4327235,https://www.foxtons.co.uk/flats-for-sale/london?page=42,2025-06-13 21:13:48,42
https://www.foxtons.co.uk/properties-for-sale/nw9/chpk4327244,https://www.foxtons.co.uk/flats-for-sale/london?page=45,2025-06-13 21:14:05,45
https://www.foxtons.co.uk/properties-for-sale/nw9/chpk4327673,https://www.foxtons.co.uk/flats-for-sale/london?page=48,2025-06-13 21:14:37,48
https://www.foxtons.co.uk/properties-for-sale/nw9/chpk4327698,https://www.foxtons.co.uk/flats-for-sale/london?page=6,2025-06-13 21:10:28,6
https://www.foxtons.co.uk/properties-for-sale/nw9/chpk4327842,https://www.foxtons.co.uk/flats-for-sale/london?page=26,2025-06-13 21:12:18,26
https://www.foxtons.co.uk/properties-for-sale/nw9/chpk4328484,https://www.foxtons.co.uk/flats-for-sale/london?page=35,2025-06-13 21:13:07,35
https://www.foxtons.co.uk/properties-for-sale/nw9/chpk4329715,https://www.foxtons.co.uk/flats-for-sale/london?page=52,2025-06-13 21:17:29,52
https://www.foxtons.co.uk/properties-for-sale/nw9/chpk4342908,https://www.foxtons.co.uk/flats-for-sale/london?page=50,2025-06-13 21:15:33,50
https://www.foxtons.co.uk/properties-for-sale/nw9/chpk4344099,https://www.foxtons.co.uk/flats-for-sale/london?page=28,2025-06-13 21:12:29,28
https://www.foxtons.co.uk/properties-for-sale/nw9/chpk4350143,https://www.foxtons.co.uk/flats-for-sale/london?page=34,2025-06-13 21:13:02,34
https://www.foxtons.co.uk/properties-for-sale/nw9/chpk4350153,https://www.foxtons.co.uk/flats-for-sale/london?page=31,2025-06-13 21:12:46,31
https://www.foxtons.co.uk/properties-for-sale/nw9/chpk4352375,https://www.foxtons.co.uk/flats-for-sale/london?page=33,2025-06-13 21:12:57,33
https://www.foxtons.co.uk/properties-for-sale/nw9/chpk4352417,https://www.foxtons.co.uk/flats-for-sale/london?page=35,2025-06-13 21:13:07,35
https://www.foxtons.co.uk/properties-for-sale/nw9/chpk4357277,https://www.foxtons.co.uk/flats-for-sale/london?page=39,2025-06-13 21:13:32,39
https://www.foxtons.co.uk/properties-for-sale/nw9/chpk4361424,https://www.foxtons.co.uk/flats-for-sale/london?page=20,2025-06-13 21:11:45,20
https://www.foxtons.co.uk/properties-for-sale/nw9/chpk4540378,https://www.foxtons.co.uk/flats-for-sale/london?page=25,2025-06-13 21:12:13,25
https://www.foxtons.co.uk/properties-for-sale/nw9/chpk4544542,https://www.foxtons.co.uk/flats-for-sale/london?page=26,2025-06-13 21:12:18,26
https://www.foxtons.co.uk/properties-for-sale/nw9/chpk4562008,https://www.foxtons.co.uk/flats-for-sale/london?page=29,2025-06-13 21:12:35,29
https://www.foxtons.co.uk/properties-for-sale/nw9/chpk4617392,https://www.foxtons.co.uk/flats-for-sale/london?page=38,2025-06-13 21:13:26,38
https://www.foxtons.co.uk/properties-for-sale/nw9/chpk4617527,https://www.foxtons.co.uk/flats-for-sale/london?page=13,2025-06-13 21:11:07,13
https://www.foxtons.co.uk/properties-for-sale/nw9/chpk4617633,https://www.foxtons.co.uk/flats-for-sale/london?page=13,2025-06-13 21:11:07,13
https://www.foxtons.co.uk/properties-for-sale/nw9/chpk4619166,https://www.foxtons.co.uk/flats-for-sale/london?page=9,2025-06-13 21:10:45,9
https://www.foxtons.co.uk/properties-for-sale/nw9/chpk4643154,https://www.foxtons.co.uk/flats-for-sale/london?page=14,2025-06-13 21:11:12,14
https://www.foxtons.co.uk/properties-for-sale/nw9/chpk4644717,https://www.foxtons.co.uk/flats-for-sale/london?page=31,2025-06-13 21:12:46,31
https://www.foxtons.co.uk/properties-for-sale/nw9/chpk4644718,https://www.foxtons.co.uk/flats-for-sale/london?page=40,2025-06-13 21:13:37,40
https://www.foxtons.co.uk/properties-for-sale/nw9/chpk4657774,https://www.foxtons.co.uk/flats-for-sale/london?page=28,2025-06-13 21:12:29,28
https://www.foxtons.co.uk/properties-for-sale/nw9/chpk4658922,https://www.foxtons.co.uk/flats-for-sale/london?page=26,2025-06-13 21:12:18,26
https://www.foxtons.co.uk/properties-for-sale/nw9/chpk4658927,https://www.foxtons.co.uk/flats-for-sale/london?page=32,2025-06-13 21:12:51,32
https://www.foxtons.co.uk/properties-for-sale/nw9/chpk4658931,https://www.foxtons.co.uk/flats-for-sale/london?page=29,2025-06-13 21:12:35,29
https://www.foxtons.co.uk/properties-for-sale/nw9/chpk4661423,https://www.foxtons.co.uk/flats-for-sale/london?page=30,2025-06-13 21:12:40,30
https://www.foxtons.co.uk/properties-for-sale/nw9/chpk4661448,https://www.foxtons.co.uk/flats-for-sale/london?page=48,2025-06-13 21:14:37,48
https://www.foxtons.co.uk/properties-for-sale/nw9/chpk4665999,https://www.foxtons.co.uk/flats-for-sale/london?page=13,2025-06-13 21:11:07,13
https://www.foxtons.co.uk/properties-for-sale/nw9/chpk4893676,https://www.foxtons.co.uk/houses-for-sale/london?page=5,2025-06-13 21:06:19,5
https://www.foxtons.co.uk/properties-for-sale/nw9/chpk4919497,https://www.foxtons.co.uk/flats-for-sale/london?page=48,2025-06-13 21:14:37,48
https://www.foxtons.co.uk/properties-for-sale/nw9/chpk4938382,https://www.foxtons.co.uk/flats-for-sale/london?page=30,2025-06-13 21:12:40,30
https://www.foxtons.co.uk/properties-for-sale/nw9/chpk5007026,https://www.foxtons.co.uk/flats-for-sale/london?page=35,2025-06-13 21:13:07,35
https://www.foxtons.co.uk/properties-for-sale/nw9/chpk5012216,https://www.foxtons.co.uk/flats-for-sale/london?page=48,2025-06-13 21:14:37,48
https://www.foxtons.co.uk/properties-for-sale/nw9/chpk5012261,https://www.foxtons.co.uk/flats-for-sale/london?page=42,2025-06-13 21:13:48,42
https://www.foxtons.co.uk/properties-for-sale/nw9/chpk5012404,https://www.foxtons.co.uk/flats-for-sale/london?page=30,2025-06-13 21:12:40,30
https://www.foxtons.co.uk/properties-for-sale/nw9/chpk5112650,https://www.foxtons.co.uk/flats-for-sale/london?page=21,2025-06-13 21:11:50,21
https://www.foxtons.co.uk/properties-for-sale/nw9/chpk5112715,https://www.foxtons.co.uk/flats-for-sale/london?page=44,2025-06-13 21:13:59,44
https://www.foxtons.co.uk/properties-for-sale/nw9/chpk5112813,https://www.foxtons.co.uk/flats-for-sale/london?page=42,2025-06-13 21:13:48,42
https://www.foxtons.co.uk/properties-for-sale/nw9/chpk5113015,https://www.foxtons.co.uk/flats-for-sale/london?page=2,2025-06-13 21:10:05,2
https://www.foxtons.co.uk/properties-for-sale/nw9/chpk5131771,https://www.foxtons.co.uk/flats-for-sale/london?page=17,2025-06-13 21:11:29,17
https://www.foxtons.co.uk/properties-for-sale/nw9/chpk5131782,https://www.foxtons.co.uk/flats-for-sale/london?page=30,2025-06-13 21:12:40,30
https://www.foxtons.co.uk/properties-for-sale/nw9/chpk5131800,https://www.foxtons.co.uk/flats-for-sale/london?page=26,2025-06-13 21:12:18,26
https://www.foxtons.co.uk/properties-for-sale/nw9/chpk5249780,https://www.foxtons.co.uk/flats-for-sale/london?page=36,2025-06-13 21:13:15,36
https://www.foxtons.co.uk/properties-for-sale/nw9/chpk5461475,https://www.foxtons.co.uk/flats-for-sale/london?page=38,2025-06-13 21:13:26,38
https://www.foxtons.co.uk/properties-for-sale/nw9/chpk5733858,https://www.foxtons.co.uk/flats-for-sale/london?page=35,2025-06-13 21:13:07,35
https://www.foxtons.co.uk/properties-for-sale/nw9/chpk5878371,https://www.foxtons.co.uk/flats-for-sale/london?page=19,2025-06-13 21:11:39,19
https://www.foxtons.co.uk/properties-for-sale/nw9/nwca4118146,https://www.foxtons.co.uk/flats-for-sale/london?page=36,2025-06-13 21:13:15,36
https://www.foxtons.co.uk/properties-for-sale/nw9/nwca4118150,https://www.foxtons.co.uk/flats-for-sale/london?page=20,2025-06-13 21:11:45,20
https://www.foxtons.co.uk/properties-for-sale/nw9/nwca4118161,https://www.foxtons.co.uk/flats-for-sale/london?page=18,2025-06-13 21:11:34,18
https://www.foxtons.co.uk/properties-for-sale/nw9/nwca5214401,https://www.foxtons.co.uk/flats-for-sale/london?page=32,2025-06-13 21:12:51,32
https://www.foxtons.co.uk/properties-for-sale/nw9/nwca5214407,https://www.foxtons.co.uk/flats-for-sale/london?page=15,2025-06-13 21:11:17,15
https://www.foxtons.co.uk/properties-for-sale/nw9/nwca5214408,https://www.foxtons.co.uk/flats-for-sale/london?page=10,2025-06-13 21:10:50,10
https://www.foxtons.co.uk/properties-for-sale/nw9/nwca5271260,https://www.foxtons.co.uk/houses-for-sale/london?page=3,2025-06-13 21:05:38,3
https://www.foxtons.co.uk/properties-for-sale/nw9/ptny5217861,https://www.foxtons.co.uk/flats-for-sale/london?page=38,2025-06-13 21:13:26,38
https://www.foxtons.co.uk/properties-for-sale/rm12/nwca5270239,https://www.foxtons.co.uk/flats-for-sale/london?page=39,2025-06-13 21:13:32,39
https://www.foxtons.co.uk/properties-for-sale/rm9/nwca5270618,https://www.foxtons.co.uk/flats-for-sale/london?page=47,2025-06-13 21:14:29,47
https://www.foxtons.co.uk/properties-for-sale/rm9/nwca5270619,https://www.foxtons.co.uk/flats-for-sale/london?page=39,2025-06-13 21:13:32,39
https://www.foxtons.co.uk/properties-for-sale/rm9/nwca5270620,https://www.foxtons.co.uk/flats-for-sale/london?page=23,2025-06-13 21:12:01,23
https://www.foxtons.co.uk/properties-for-sale/se1/batt0206997,https://www.foxtons.co.uk/flats-for-sale/london?page=18,2025-06-13 21:11:34,18
https://www.foxtons.co.uk/properties-for-sale/se1/chpk0112474,https://www.foxtons.co.uk/properties-for-sale/elephant-and-castle?page=2,2025-06-13 23:09:02,2
https://www.foxtons.co.uk/properties-for-sale/se1/chpk0192354,https://www.foxtons.co.uk/properties-for-sale/peckham?page=1,2025-06-13 23:45:28,1
https://www.foxtons.co.uk/properties-for-sale/se1/chpk0203840,https://www.foxtons.co.uk/flats-for-sale/london?page=27,2025-06-13 21:12:24,27
https://www.foxtons.co.uk/properties-for-sale/se1/chpk0268944,https://www.foxtons.co.uk/houses-for-sale/london?page=7,2025-06-13 21:06:42,7
https://www.foxtons.co.uk/properties-for-sale/se1/chpk0359310,https://www.foxtons.co.uk/flats-for-sale/london?page=11,2025-06-13 21:10:56,11
https://www.foxtons.co.uk/properties-for-sale/se1/chpk0817751,https://www.foxtons.co.uk/flats-for-sale/london?page=53,2025-06-13 21:17:34,53
https://www.foxtons.co.uk/properties-for-sale/se1/chpk0817753,https://www.foxtons.co.uk/flats-for-sale/london?page=53,2025-06-13 21:17:34,53
https://www.foxtons.co.uk/properties-for-sale/se1/chpk0817769,https://www.foxtons.co.uk/flats-for-sale/london?page=52,2025-06-13 21:17:29,52
https://www.foxtons.co.uk/properties-for-sale/se1/chpk0817948,https://www.foxtons.co.uk/flats-for-sale/london?page=46,2025-06-13 21:14:10,46
https://www.foxtons.co.uk/properties-for-sale/se1/chpk0820069,https://www.foxtons.co.uk/flats-for-sale/london?page=53,2025-06-13 21:17:34,53
https://www.foxtons.co.uk/properties-for-sale/se1/chpk0820144,https://www.foxtons.co.uk/flats-for-sale/london?page=47,2025-06-13 21:14:29,47
https://www.foxtons.co.uk/properties-for-sale/se1/chpk0820303,https://www.foxtons.co.uk/properties-for-sale/peckham?page=1,2025-06-13 23:45:28,1
https://www.foxtons.co.uk/properties-for-sale/se1/chpk0820344,https://www.foxtons.co.uk/flats-for-sale/london?page=53,2025-06-13 21:17:34,53
https://www.foxtons.co.uk/properties-for-sale/se1/chpk0821299,https://www.foxtons.co.uk/flats-for-sale/london?page=8,2025-06-13 21:10:39,8
https://www.foxtons.co.uk/properties-for-sale/se1/chpk0821869,https://www.foxtons.co.uk/flats-for-sale/london?page=44,2025-06-13 21:13:59,44
https://www.foxtons.co.uk/properties-for-sale/se1/chpk0822412,https://www.foxtons.co.uk/flats-for-sale/london?page=14,2025-06-13 21:11:12,14
https://www.foxtons.co.uk/properties-for-sale/se1/chpk0825595,https://www.foxtons.co.uk/flats-for-sale/london?page=35,2025-06-13 21:13:07,35
https://www.foxtons.co.uk/properties-for-sale/se1/chpk0826022,https://www.foxtons.co.uk/flats-for-sale/london?page=25,2025-06-13 21:12:13,25
https://www.foxtons.co.uk/properties-for-sale/se1/chpk0826667,https://www.foxtons.co.uk/houses-for-sale/london?page=3,2025-06-13 21:05:38,3
https://www.foxtons.co.uk/properties-for-sale/se1/chpk0827421,https://www.foxtons.co.uk/flats-for-sale/london?page=11,2025-06-13 21:10:56,11
https://www.foxtons.co.uk/properties-for-sale/se1/chpk0827808,https://www.foxtons.co.uk/flats-for-sale/london?page=41,2025-06-13 21:13:43,41
https://www.foxtons.co.uk/properties-for-sale/se1/chpk0829057,https://www.foxtons.co.uk/flats-for-sale/london?page=33,2025-06-13 21:12:57,33
https://www.foxtons.co.uk/properties-for-sale/se1/chpk0829237,https://www.foxtons.co.uk/flats-for-sale/london?page=11,2025-06-13 21:10:56,11
https://www.foxtons.co.uk/properties-for-sale/se1/chpk0829717,https://www.foxtons.co.uk/flats-for-sale/london?page=50,2025-06-13 21:15:33,50
https://www.foxtons.co.uk/properties-for-sale/se1/chpk0829952,https://www.foxtons.co.uk/flats-for-sale/london?page=4,2025-06-13 21:10:16,4
https://www.foxtons.co.uk/properties-for-sale/se1/chpk0830019,https://www.foxtons.co.uk/flats-for-sale/london?page=8,2025-06-13 21:10:39,8
https://www.foxtons.co.uk/properties-for-sale/se1/chpk0830141,https://www.foxtons.co.uk/flats-for-sale/london?page=32,2025-06-13 21:12:51,32
https://www.foxtons.co.uk/properties-for-sale/se1/chpk0830686,https://www.foxtons.co.uk/flats-for-sale/london?page=37,2025-06-13 21:13:20,37
https://www.foxtons.co.uk/properties-for-sale/se1/chpk0831254,https://www.foxtons.co.uk/flats-for-sale/london?page=32,2025-06-13 21:12:51,32
https://www.foxtons.co.uk/properties-for-sale/se1/chpk0831645,https://www.foxtons.co.uk/flats-for-sale/london?page=35,2025-06-13 21:13:07,35
https://www.foxtons.co.uk/properties-for-sale/se1/chpk0832161,https://www.foxtons.co.uk/flats-for-sale/london?page=50,2025-06-13 21:15:33,50
https://www.foxtons.co.uk/properties-for-sale/se1/chpk0832746,https://www.foxtons.co.uk/flats-for-sale/london?page=11,2025-06-13 21:10:56,11
https://www.foxtons.co.uk/properties-for-sale/se1/chpk0833457,https://www.foxtons.co.uk/properties-for-sale/london-bridge?page=1,2025-06-13 23:30:55,1
https://www.foxtons.co.uk/properties-for-sale/se1/chpk0833801,https://www.foxtons.co.uk/flats-for-sale/london?page=8,2025-06-13 21:10:39,8
https://www.foxtons.co.uk/properties-for-sale/se1/chpk0833976,https://www.foxtons.co.uk/flats-for-sale/london?page=13,2025-06-13 21:11:07,13
https://www.foxtons.co.uk/properties-for-sale/se1/chpk0833995,https://www.foxtons.co.uk/flats-for-sale/london?page=9,2025-06-13 21:10:45,9
https://www.foxtons.co.uk/properties-for-sale/se1/chpk0834002,https://www.foxtons.co.uk/flats-for-sale/london?page=14,2025-06-13 21:11:12,14
https://www.foxtons.co.uk/properties-for-sale/se1/chpk0834427,https://www.foxtons.co.uk/flats-for-sale/london?page=23,2025-06-13 21:12:01,23
https://www.foxtons.co.uk/properties-for-sale/se1/chpk0834451,https://www.foxtons.co.uk/flats-for-sale/london?page=27,2025-06-13 21:12:24,27
https://www.foxtons.co.uk/properties-for-sale/se1/chpk0834549,https://www.foxtons.co.uk/flats-for-sale/london?page=27,2025-06-13 21:12:24,27
https://www.foxtons.co.uk/properties-for-sale/se1/chpk0834575,https://www.foxtons.co.uk/flats-for-sale/london?page=16,2025-06-13 21:11:23,16
https://www.foxtons.co.uk/properties-for-sale/se1/chpk0835375,https://www.foxtons.co.uk/flats-for-sale/london?page=37,2025-06-13 21:13:20,37
https://www.foxtons.co.uk/properties-for-sale/se1/chpk0835783,https://www.foxtons.co.uk/flats-for-sale/london?page=39,2025-06-13 21:13:32,39
https://www.foxtons.co.uk/properties-for-sale/se1/chpk0837905,https://www.foxtons.co.uk/flats-for-sale/london?page=27,2025-06-13 21:12:24,27
https://www.foxtons.co.uk/properties-for-sale/se1/chpk0837998,https://www.foxtons.co.uk/flats-for-sale/london?page=50,2025-06-13 21:15:33,50
https://www.foxtons.co.uk/properties-for-sale/se1/chpk0838002,https://www.foxtons.co.uk/flats-for-sale/london?page=46,2025-06-13 21:14:10,46
https://www.foxtons.co.uk/properties-for-sale/se1/chpk0838014,https://www.foxtons.co.uk/flats-for-sale/london?page=41,2025-06-13 21:13:43,41
https://www.foxtons.co.uk/properties-for-sale/se1/chpk0838167,https://www.foxtons.co.uk/flats-for-sale/london?page=33,2025-06-13 21:12:57,33
https://www.foxtons.co.uk/properties-for-sale/se1/chpk0839604,https://www.foxtons.co.uk/flats-for-sale/london?page=16,2025-06-13 21:11:23,16
https://www.foxtons.co.uk/properties-for-sale/se1/chpk0839609,https://www.foxtons.co.uk/flats-for-sale/london?page=14,2025-06-13 21:11:12,14
https://www.foxtons.co.uk/properties-for-sale/se1/chpk0840198,https://www.foxtons.co.uk/flats-for-sale/london?page=41,2025-06-13 21:13:43,41
https://www.foxtons.co.uk/properties-for-sale/se1/chpk0840618,https://www.foxtons.co.uk/apartments-for-sale/peckham?page=1,2025-06-13 23:45:52,1
https://www.foxtons.co.uk/properties-for-sale/se1/chpk0840777,https://www.foxtons.co.uk/flats-for-sale/london?page=53,2025-06-13 21:17:34,53
https://www.foxtons.co.uk/properties-for-sale/se1/chpk0841070,https://www.foxtons.co.uk/flats-for-sale/london?page=32,2025-06-13 21:12:51,32
https://www.foxtons.co.uk/properties-for-sale/se1/chpk0841975,https://www.foxtons.co.uk/properties-for-sale/london?page=21,2025-06-13 21:20:15,21
https://www.foxtons.co.uk/properties-for-sale/se1/chpk0843392,https://www.foxtons.co.uk/flats-for-sale/london?page=19,2025-06-13 21:11:39,19
https://www.foxtons.co.uk/properties-for-sale/se1/chpk0846835,https://www.foxtons.co.uk/flats-for-sale/london?page=5,2025-06-13 21:10:22,5
https://www.foxtons.co.uk/properties-for-sale/se1/chpk0850038,https://www.foxtons.co.uk/flats-for-sale/london?page=19,2025-06-13 21:11:39,19
https://www.foxtons.co.uk/properties-for-sale/se1/chpk0853772,https://www.foxtons.co.uk/flats-for-sale/london?page=14,2025-06-13 21:11:12,14
https://www.foxtons.co.uk/properties-for-sale/se1/chpk1231671,https://www.foxtons.co.uk/flats-for-sale/london?page=40,2025-06-13 21:13:37,40
https://www.foxtons.co.uk/properties-for-sale/se1/chpk1332245,https://www.foxtons.co.uk/properties-for-sale/elephant-and-castle?page=2,2025-06-13 23:09:02,2
https://www.foxtons.co.uk/properties-for-sale/se1/chpk1335158,https://www.foxtons.co.uk/flats-for-sale/london?page=8,2025-06-13 21:10:39,8
https://www.foxtons.co.uk/properties-for-sale/se1/chpk1948968,https://www.foxtons.co.uk/flats-for-sale/london?page=27,2025-06-13 21:12:24,27
https://www.foxtons.co.uk/properties-for-sale/se1/chpk3470471,https://www.foxtons.co.uk/flats-for-sale/london?page=34,2025-06-13 21:13:02,34
https://www.foxtons.co.uk/properties-for-sale/se1/chpk3577437,https://www.foxtons.co.uk/flats-for-sale/london?page=15,2025-06-13 21:11:17,15
https://www.foxtons.co.uk/properties-for-sale/se1/chpk3590688,https://www.foxtons.co.uk/flats-for-sale/london?page=3,2025-06-13 21:10:10,3
https://www.foxtons.co.uk/properties-for-sale/se1/chpk3601984,https://www.foxtons.co.uk/flats-for-sale/london?page=17,2025-06-13 21:11:29,17
https://www.foxtons.co.uk/properties-for-sale/se1/chpk3601985,https://www.foxtons.co.uk/flats-for-sale/london?page=16,2025-06-13 21:11:23,16
https://www.foxtons.co.uk/properties-for-sale/se1/chpk3602010,https://www.foxtons.co.uk/flats-for-sale/london?page=20,2025-06-13 21:11:45,20
https://www.foxtons.co.uk/properties-for-sale/se1/chpk3602017,https://www.foxtons.co.uk/flats-for-sale/london?page=40,2025-06-13 21:13:37,40
https://www.foxtons.co.uk/properties-for-sale/se1/chpk3602030,https://www.foxtons.co.uk/flats-for-sale/london?page=31,2025-06-13 21:12:46,31
https://www.foxtons.co.uk/properties-for-sale/se1/chpk3602213,https://www.foxtons.co.uk/flats-for-sale/london?page=31,2025-06-13 21:12:46,31
https://www.foxtons.co.uk/properties-for-sale/se1/chpk3602232,https://www.foxtons.co.uk/flats-for-sale/london?page=9,2025-06-13 21:10:45,9
https://www.foxtons.co.uk/properties-for-sale/se1/chpk3602442,https://www.foxtons.co.uk/flats-for-sale/london?page=26,2025-06-13 21:12:18,26
https://www.foxtons.co.uk/properties-for-sale/se1/chpk3602443,https://www.foxtons.co.uk/flats-for-sale/london?page=26,2025-06-13 21:12:18,26
https://www.foxtons.co.uk/properties-for-sale/se1/chpk3602451,https://www.foxtons.co.uk/flats-for-sale/london?page=16,2025-06-13 21:11:23,16
https://www.foxtons.co.uk/properties-for-sale/se1/chpk3602525,https://www.foxtons.co.uk/flats-for-sale/london?page=24,2025-06-13 21:12:07,24
https://www.foxtons.co.uk/properties-for-sale/se1/chpk3602573,https://www.foxtons.co.uk/flats-for-sale/london?page=37,2025-06-13 21:13:20,37
https://www.foxtons.co.uk/properties-for-sale/se1/chpk3602597,https://www.foxtons.co.uk/flats-for-sale/london?page=24,2025-06-13 21:12:07,24
https://www.foxtons.co.uk/properties-for-sale/se1/chpk3638136,https://www.foxtons.co.uk/flats-for-sale/london?page=43,2025-06-13 21:13:54,43
https://www.foxtons.co.uk/properties-for-sale/se1/chpk3649358,https://www.foxtons.co.uk/flats-for-sale/london?page=22,2025-06-13 21:11:56,22
https://www.foxtons.co.uk/properties-for-sale/se1/chpk3665006,https://www.foxtons.co.uk/flats-for-sale/london?page=19,2025-06-13 21:11:39,19
https://www.foxtons.co.uk/properties-for-sale/se1/chpk3671613,https://www.foxtons.co.uk/flats-for-sale/london?page=19,2025-06-13 21:11:39,19
https://www.foxtons.co.uk/properties-for-sale/se1/chpk3671641,https://www.foxtons.co.uk/flats-for-sale/london?page=34,2025-06-13 21:13:02,34
https://www.foxtons.co.uk/properties-for-sale/se1/chpk3704584,https://www.foxtons.co.uk/flats-for-sale/london?page=36,2025-06-13 21:13:15,36
https://www.foxtons.co.uk/properties-for-sale/se1/chpk3705650,https://www.foxtons.co.uk/flats-for-sale/london?page=32,2025-06-13 21:12:51,32
https://www.foxtons.co.uk/properties-for-sale/se1/chpk3705667,https://www.foxtons.co.uk/flats-for-sale/london?page=31,2025-06-13 21:12:46,31
https://www.foxtons.co.uk/properties-for-sale/se1/chpk3834718,https://www.foxtons.co.uk/flats-for-sale/london?page=26,2025-06-13 21:12:18,26
https://www.foxtons.co.uk/properties-for-sale/se1/chpk3839512,https://www.foxtons.co.uk/flats-for-sale/london?page=25,2025-06-13 21:12:13,25
https://www.foxtons.co.uk/properties-for-sale/se1/chpk3839543,https://www.foxtons.co.uk/flats-for-sale/london?page=40,2025-06-13 21:13:37,40
https://www.foxtons.co.uk/properties-for-sale/se1/chpk4319270,https://www.foxtons.co.uk/flats-for-sale/london?page=7,2025-06-13 21:10:34,7
https://www.foxtons.co.uk/properties-for-sale/se1/chpk4322058,https://www.foxtons.co.uk/flats-for-sale/london?page=2,2025-06-13 21:10:05,2
https://www.foxtons.co.uk/properties-for-sale/se1/chpk4331177,https://www.foxtons.co.uk/flats-for-sale/london?page=2,2025-06-13 21:10:05,2
https://www.foxtons.co.uk/properties-for-sale/se1/chpk4334271,https://www.foxtons.co.uk/flats-for-sale/london?page=13,2025-06-13 21:11:07,13
https://www.foxtons.co.uk/properties-for-sale/se1/chpk4343029,https://www.foxtons.co.uk/flats-for-sale/london?page=14,2025-06-13 21:11:12,14
https://www.foxtons.co.uk/properties-for-sale/se1/chpk4349286,https://www.foxtons.co.uk/flats-for-sale/london?page=12,2025-06-13 21:11:01,12
https://www.foxtons.co.uk/properties-for-sale/se1/chpk4349305,https://www.foxtons.co.uk/flats-for-sale/london?page=13,2025-06-13 21:11:07,13
https://www.foxtons.co.uk/properties-for-sale/se1/chpk4349393,https://www.foxtons.co.uk/flats-for-sale/london?page=18,2025-06-13 21:11:34,18
https://www.foxtons.co.uk/properties-for-sale/se1/chpk4359089,https://www.foxtons.co.uk/flats-for-sale/london?page=18,2025-06-13 21:11:34,18
https://www.foxtons.co.uk/properties-for-sale/se1/chpk4359126,https://www.foxtons.co.uk/flats-for-sale/london?page=9,2025-06-13 21:10:45,9
https://www.foxtons.co.uk/properties-for-sale/se1/chpk4416070,https://www.foxtons.co.uk/flats-for-sale/london?page=40,2025-06-13 21:13:37,40
https://www.foxtons.co.uk/properties-for-sale/se1/chpk4418716,https://www.foxtons.co.uk/flats-for-sale/london?page=31,2025-06-13 21:12:46,31
https://www.foxtons.co.uk/properties-for-sale/se1/chpk4419249,https://www.foxtons.co.uk/flats-for-sale/london?page=28,2025-06-13 21:12:29,28
https://www.foxtons.co.uk/properties-for-sale/se1/chpk4420257,https://www.foxtons.co.uk/properties-for-sale/london-bridge?page=1,2025-06-13 23:30:55,1
https://www.foxtons.co.uk/properties-for-sale/se1/chpk4420258,https://www.foxtons.co.uk/properties-for-sale/london-bridge?page=1,2025-06-13 23:30:55,1
https://www.foxtons.co.uk/properties-for-sale/se1/chpk4420259,https://www.foxtons.co.uk/properties-for-sale/london-bridge?page=1,2025-06-13 23:30:55,1
https://www.foxtons.co.uk/properties-for-sale/se1/chpk4420260,https://www.foxtons.co.uk/properties-for-sale/london-bridge?page=1,2025-06-13 23:30:55,1
https://www.foxtons.co.uk/properties-for-sale/se1/chpk4428310,https://www.foxtons.co.uk/flats-for-sale/london?page=3,2025-06-13 21:10:10,3
https://www.foxtons.co.uk/properties-for-sale/se1/chpk4562095,https://www.foxtons.co.uk/flats-for-sale/london?page=7,2025-06-13 21:10:34,7
https://www.foxtons.co.uk/properties-for-sale/se1/chpk4581311,https://www.foxtons.co.uk/flats-for-sale/london?page=6,2025-06-13 21:10:28,6
https://www.foxtons.co.uk/properties-for-sale/se1/chpk4631747,https://www.foxtons.co.uk/flats-for-sale/london?page=2,2025-06-13 21:10:05,2
https://www.foxtons.co.uk/properties-for-sale/se1/chpk4631765,https://www.foxtons.co.uk/flats-for-sale/london?page=9,2025-06-13 21:10:45,9
https://www.foxtons.co.uk/properties-for-sale/se1/chpk4631789,https://www.foxtons.co.uk/flats-for-sale/london?page=5,2025-06-13 21:10:22,5
https://www.foxtons.co.uk/properties-for-sale/se1/chpk4633610,https://www.foxtons.co.uk/flats-for-sale/london?page=14,2025-06-13 21:11:12,14
https://www.foxtons.co.uk/properties-for-sale/se1/chpk4633651,https://www.foxtons.co.uk/flats-for-sale/london?page=4,2025-06-13 21:10:16,4
https://www.foxtons.co.uk/properties-for-sale/se1/chpk4635567,https://www.foxtons.co.uk/flats-for-sale/london?page=32,2025-06-13 21:12:51,32
https://www.foxtons.co.uk/properties-for-sale/se1/chpk4635657,https://www.foxtons.co.uk/flats-for-sale/london?page=12,2025-06-13 21:11:01,12
https://www.foxtons.co.uk/properties-for-sale/se1/chpk4635690,https://www.foxtons.co.uk/flats-for-sale/london?page=8,2025-06-13 21:10:39,8
https://www.foxtons.co.uk/properties-for-sale/se1/chpk4635708,https://www.foxtons.co.uk/flats-for-sale/london?page=10,2025-06-13 21:10:50,10
https://www.foxtons.co.uk/properties-for-sale/se1/chpk4635715,https://www.foxtons.co.uk/flats-for-sale/london?page=18,2025-06-13 21:11:34,18
https://www.foxtons.co.uk/properties-for-sale/se1/chpk4635898,https://www.foxtons.co.uk/flats-for-sale/london?page=7,2025-06-13 21:10:34,7
https://www.foxtons.co.uk/properties-for-sale/se1/chpk4638352,https://www.foxtons.co.uk/flats-for-sale/london?page=12,2025-06-13 21:11:01,12
https://www.foxtons.co.uk/properties-for-sale/se1/chpk4638380,https://www.foxtons.co.uk/flats-for-sale/london?page=7,2025-06-13 21:10:34,7
https://www.foxtons.co.uk/properties-for-sale/se1/chpk4646627,https://www.foxtons.co.uk/flats-for-sale/london?page=8,2025-06-13 21:10:39,8
https://www.foxtons.co.uk/properties-for-sale/se1/chpk4661107,https://www.foxtons.co.uk/flats-for-sale/london?page=10,2025-06-13 21:10:50,10
https://www.foxtons.co.uk/properties-for-sale/se1/chpk4910778,https://www.foxtons.co.uk/flats-for-sale/london?page=3,2025-06-13 21:10:10,3
https://www.foxtons.co.uk/properties-for-sale/se1/chpk4911888,https://www.foxtons.co.uk/flats-for-sale/london?page=9,2025-06-13 21:10:45,9
https://www.foxtons.co.uk/properties-for-sale/se1/chpk4922135,https://www.foxtons.co.uk/flats-for-sale/london?page=11,2025-06-13 21:10:56,11
https://www.foxtons.co.uk/properties-for-sale/se1/chpk4922484,https://www.foxtons.co.uk/flats-for-sale/london?page=9,2025-06-13 21:10:45,9
https://www.foxtons.co.uk/properties-for-sale/se1/chpk5082133,https://www.foxtons.co.uk/flats-for-sale/london?page=10,2025-06-13 21:10:50,10
https://www.foxtons.co.uk/properties-for-sale/se1/chpk5102619,https://www.foxtons.co.uk/flats-for-sale/london?page=22,2025-06-13 21:11:56,22
https://www.foxtons.co.uk/properties-for-sale/se1/chpk5107823,https://www.foxtons.co.uk/flats-for-sale/london?page=13,2025-06-13 21:11:07,13
https://www.foxtons.co.uk/properties-for-sale/se1/chpk5108284,https://www.foxtons.co.uk/flats-for-sale/london?page=11,2025-06-13 21:10:56,11
https://www.foxtons.co.uk/properties-for-sale/se1/chpk5108286,https://www.foxtons.co.uk/flats-for-sale/london?page=7,2025-06-13 21:10:34,7
https://www.foxtons.co.uk/properties-for-sale/se1/chpk5222199,https://www.foxtons.co.uk/flats-for-sale/london?page=13,2025-06-13 21:11:07,13
https://www.foxtons.co.uk/properties-for-sale/se1/chpk5222285,https://www.foxtons.co.uk/flats-for-sale/london?page=22,2025-06-13 21:11:56,22
https://www.foxtons.co.uk/properties-for-sale/se1/chpk5222292,https://www.foxtons.co.uk/flats-for-sale/london?page=22,2025-06-13 21:11:56,22
https://www.foxtons.co.uk/properties-for-sale/se1/chpk5222310,https://www.foxtons.co.uk/flats-for-sale/london?page=9,2025-06-13 21:10:45,9
https://www.foxtons.co.uk/properties-for-sale/se1/chpk5222567,https://www.foxtons.co.uk/flats-for-sale/london?page=10,2025-06-13 21:10:50,10
https://www.foxtons.co.uk/properties-for-sale/se1/chpk5222576,https://www.foxtons.co.uk/flats-for-sale/london?page=3,2025-06-13 21:10:10,3
https://www.foxtons.co.uk/properties-for-sale/se1/chpk5223472,https://www.foxtons.co.uk/flats-for-sale/london?page=41,2025-06-13 21:13:43,41
https://www.foxtons.co.uk/properties-for-sale/se1/chpk5227081,https://www.foxtons.co.uk/flats-for-sale/london?page=9,2025-06-13 21:10:45,9
https://www.foxtons.co.uk/properties-for-sale/se1/chpk5228832,https://www.foxtons.co.uk/flats-for-sale/london?page=5,2025-06-13 21:10:22,5
https://www.foxtons.co.uk/properties-for-sale/se1/chpk5246079,https://www.foxtons.co.uk/flats-for-sale/london?page=8,2025-06-13 21:10:39,8
https://www.foxtons.co.uk/properties-for-sale/se1/chpk5269102,https://www.foxtons.co.uk/flats-for-sale/london?page=36,2025-06-13 21:13:15,36
https://www.foxtons.co.uk/properties-for-sale/se1/chpk5269997,https://www.foxtons.co.uk/flats-for-sale/london?page=53,2025-06-13 21:17:34,53
https://www.foxtons.co.uk/properties-for-sale/se1/chpk5631865,https://www.foxtons.co.uk/flats-for-sale/london?page=8,2025-06-13 21:10:39,8
https://www.foxtons.co.uk/properties-for-sale/se1/kncl5251137,https://www.foxtons.co.uk/flats-for-sale/london?page=21,2025-06-13 21:11:50,21
https://www.foxtons.co.uk/properties-for-sale/se1/lbri6206473,https://www.foxtons.co.uk/properties-for-sale/london-bridge?page=1,2025-06-13 23:30:55,1
https://www.foxtons.co.uk/properties-for-sale/se1/myfr0068177,https://www.foxtons.co.uk/flats-for-sale/london?page=7,2025-06-13 21:10:34,7
https://www.foxtons.co.uk/properties-for-sale/se1/nwca4064564,https://www.foxtons.co.uk/flats-for-sale/london?page=5,2025-06-13 21:10:22,5
https://www.foxtons.co.uk/properties-for-sale/se1/nwca5272233,https://www.foxtons.co.uk/flats-for-sale/london?page=8,2025-06-13 21:10:39,8
https://www.foxtons.co.uk/properties-for-sale/se1/nwca5272234,https://www.foxtons.co.uk/flats-for-sale/london?page=3,2025-06-13 21:10:10,3
https://www.foxtons.co.uk/properties-for-sale/se1/nwca5272235,https://www.foxtons.co.uk/flats-for-sale/london?page=1,2025-06-13 21:09:59,1
https://www.foxtons.co.uk/properties-for-sale/se1/nwca5272236,https://www.foxtons.co.uk/flats-for-sale/london?page=11,2025-06-13 21:10:56,11
https://www.foxtons.co.uk/properties-for-sale/se1/nwhm4559070,https://www.foxtons.co.uk/flats-for-sale/london?page=4,2025-06-13 21:10:16,4
https://www.foxtons.co.uk/properties-for-sale/se1/slsq0195170,https://www.foxtons.co.uk/flats-for-sale/london?page=18,2025-06-13 21:11:34,18
https://www.foxtons.co.uk/properties-for-sale/se10/chpk0250881,https://www.foxtons.co.uk/flats-for-sale/london?page=27,2025-06-13 21:12:24,27
https://www.foxtons.co.uk/properties-for-sale/se10/chpk0268153,https://www.foxtons.co.uk/flats-for-sale/london?page=27,2025-06-13 21:12:24,27
https://www.foxtons.co.uk/properties-for-sale/se10/chpk0355952,https://www.foxtons.co.uk/properties-for-sale/greenwich?page=1,2025-06-13 23:13:15,1
https://www.foxtons.co.uk/properties-for-sale/se10/chpk0807375,https://www.foxtons.co.uk/flats-for-sale/london?page=33,2025-06-13 21:12:57,33
https://www.foxtons.co.uk/properties-for-sale/se10/chpk0810770,https://www.foxtons.co.uk/flats-for-sale/london?page=14,2025-06-13 21:11:12,14
https://www.foxtons.co.uk/properties-for-sale/se10/chpk0810802,https://www.foxtons.co.uk/flats-for-sale/london?page=27,2025-06-13 21:12:24,27
https://www.foxtons.co.uk/properties-for-sale/se10/chpk0812229,https://www.foxtons.co.uk/flats-for-sale/london?page=41,2025-06-13 21:13:43,41
https://www.foxtons.co.uk/properties-for-sale/se10/chpk0814447,https://www.foxtons.co.uk/flats-for-sale/london?page=27,2025-06-13 21:12:24,27
https://www.foxtons.co.uk/properties-for-sale/se10/chpk0815491,https://www.foxtons.co.uk/houses-for-sale/london?page=3,2025-06-13 21:05:38,3
https://www.foxtons.co.uk/properties-for-sale/se10/chpk0815915,https://www.foxtons.co.uk/flats-for-sale/london?page=23,2025-06-13 21:12:01,23
https://www.foxtons.co.uk/properties-for-sale/se10/chpk0817985,https://www.foxtons.co.uk/flats-for-sale/london?page=21,2025-06-13 21:11:50,21
https://www.foxtons.co.uk/properties-for-sale/se10/chpk0818002,https://www.foxtons.co.uk/flats-for-sale/london?page=28,2025-06-13 21:12:29,28
https://www.foxtons.co.uk/properties-for-sale/se10/chpk0818011,https://www.foxtons.co.uk/flats-for-sale/london?page=30,2025-06-13 21:12:40,30
https://www.foxtons.co.uk/properties-for-sale/se10/chpk0818124,https://www.foxtons.co.uk/flats-for-sale/london?page=11,2025-06-13 21:10:56,11
https://www.foxtons.co.uk/properties-for-sale/se10/chpk0818139,https://www.foxtons.co.uk/flats-for-sale/london?page=35,2025-06-13 21:13:07,35
https://www.foxtons.co.uk/properties-for-sale/se10/chpk0820607,https://www.foxtons.co.uk/flats-for-sale/london?page=41,2025-06-13 21:13:43,41
https://www.foxtons.co.uk/properties-for-sale/se10/chpk3358222,https://www.foxtons.co.uk/flats-for-sale/london?page=26,2025-06-13 21:12:18,26
https://www.foxtons.co.uk/properties-for-sale/se10/chpk3580260,https://www.foxtons.co.uk/flats-for-sale/london?page=29,2025-06-13 21:12:35,29
https://www.foxtons.co.uk/properties-for-sale/se10/chpk3645145,https://www.foxtons.co.uk/flats-for-sale/london?page=17,2025-06-13 21:11:29,17
https://www.foxtons.co.uk/properties-for-sale/se10/chpk3867526,https://www.foxtons.co.uk/flats-for-sale/london?page=35,2025-06-13 21:13:07,35
https://www.foxtons.co.uk/properties-for-sale/se10/chpk3879434,https://www.foxtons.co.uk/flats-for-sale/london?page=10,2025-06-13 21:10:50,10
https://www.foxtons.co.uk/properties-for-sale/se10/chpk4024760,https://www.foxtons.co.uk/flats-for-sale/london?page=26,2025-06-13 21:12:18,26
https://www.foxtons.co.uk/properties-for-sale/se10/chpk4026025,https://www.foxtons.co.uk/flats-for-sale/london?page=41,2025-06-13 21:13:43,41
https://www.foxtons.co.uk/properties-for-sale/se10/chpk4055559,https://www.foxtons.co.uk/flats-for-sale/london?page=14,2025-06-13 21:11:12,14
https://www.foxtons.co.uk/properties-for-sale/se10/chpk4064467,https://www.foxtons.co.uk/flats-for-sale/london?page=16,2025-06-13 21:11:23,16
https://www.foxtons.co.uk/properties-for-sale/se10/chpk4069479,https://www.foxtons.co.uk/flats-for-sale/london?page=24,2025-06-13 21:12:07,24
https://www.foxtons.co.uk/properties-for-sale/se10/chpk4070566,https://www.foxtons.co.uk/flats-for-sale/london?page=36,2025-06-13 21:13:15,36
https://www.foxtons.co.uk/properties-for-sale/se10/chpk4083631,https://www.foxtons.co.uk/flats-for-sale/london?page=31,2025-06-13 21:12:46,31
https://www.foxtons.co.uk/properties-for-sale/se10/chpk4091746,https://www.foxtons.co.uk/flats-for-sale/london?page=16,2025-06-13 21:11:23,16
https://www.foxtons.co.uk/properties-for-sale/se10/chpk4115059,https://www.foxtons.co.uk/flats-for-sale/london?page=28,2025-06-13 21:12:29,28
https://www.foxtons.co.uk/properties-for-sale/se10/chpk4141364,https://www.foxtons.co.uk/flats-for-sale/london?page=15,2025-06-13 21:11:17,15
https://www.foxtons.co.uk/properties-for-sale/se10/chpk4145627,https://www.foxtons.co.uk/flats-for-sale/london?page=28,2025-06-13 21:12:29,28
https://www.foxtons.co.uk/properties-for-sale/se10/chpk4147960,https://www.foxtons.co.uk/flats-for-sale/london?page=28,2025-06-13 21:12:29,28
https://www.foxtons.co.uk/properties-for-sale/se10/chpk4321827,https://www.foxtons.co.uk/flats-for-sale/london?page=22,2025-06-13 21:11:56,22
https://www.foxtons.co.uk/properties-for-sale/se10/chpk4328992,https://www.foxtons.co.uk/flats-for-sale/london?page=48,2025-06-13 21:14:37,48
https://www.foxtons.co.uk/properties-for-sale/se10/chpk4329597,https://www.foxtons.co.uk/flats-for-sale/london?page=42,2025-06-13 21:13:48,42
https://www.foxtons.co.uk/properties-for-sale/se10/chpk4377231,https://www.foxtons.co.uk/flats-for-sale/london?page=26,2025-06-13 21:12:18,26
https://www.foxtons.co.uk/properties-for-sale/se10/chpk4377530,https://www.foxtons.co.uk/flats-for-sale/london?page=36,2025-06-13 21:13:15,36
https://www.foxtons.co.uk/properties-for-sale/se10/chpk4379012,https://www.foxtons.co.uk/flats-for-sale/london?page=35,2025-06-13 21:13:07,35
https://www.foxtons.co.uk/properties-for-sale/se10/chpk4414441,https://www.foxtons.co.uk/flats-for-sale/london?page=17,2025-06-13 21:11:29,17
https://www.foxtons.co.uk/properties-for-sale/se10/chpk4418622,https://www.foxtons.co.uk/flats-for-sale/london?page=38,2025-06-13 21:13:26,38
https://www.foxtons.co.uk/properties-for-sale/se10/chpk4418643,https://www.foxtons.co.uk/flats-for-sale/london?page=16,2025-06-13 21:11:23,16
https://www.foxtons.co.uk/properties-for-sale/se10/chpk4553102,https://www.foxtons.co.uk/flats-for-sale/london?page=18,2025-06-13 21:11:34,18
https://www.foxtons.co.uk/properties-for-sale/se10/chpk4553847,https://www.foxtons.co.uk/flats-for-sale/london?page=17,2025-06-13 21:11:29,17
https://www.foxtons.co.uk/properties-for-sale/se10/chpk4562735,https://www.foxtons.co.uk/flats-for-sale/london?page=20,2025-06-13 21:11:45,20
https://www.foxtons.co.uk/properties-for-sale/se10/chpk4563220,https://www.foxtons.co.uk/flats-for-sale/london?page=18,2025-06-13 21:11:34,18
https://www.foxtons.co.uk/properties-for-sale/se10/chpk4650729,https://www.foxtons.co.uk/flats-for-sale/london?page=36,2025-06-13 21:13:15,36
https://www.foxtons.co.uk/properties-for-sale/se10/chpk4663623,https://www.foxtons.co.uk/flats-for-sale/london?page=22,2025-06-13 21:11:56,22
https://www.foxtons.co.uk/properties-for-sale/se10/chpk4890806,https://www.foxtons.co.uk/flats-for-sale/london?page=26,2025-06-13 21:12:18,26
https://www.foxtons.co.uk/properties-for-sale/se10/chpk4910809,https://www.foxtons.co.uk/flats-for-sale/london?page=24,2025-06-13 21:12:07,24
https://www.foxtons.co.uk/properties-for-sale/se10/chpk4912002,https://www.foxtons.co.uk/flats-for-sale/london?page=23,2025-06-13 21:12:01,23
https://www.foxtons.co.uk/properties-for-sale/se10/chpk4912004,https://www.foxtons.co.uk/flats-for-sale/london?page=25,2025-06-13 21:12:13,25
https://www.foxtons.co.uk/properties-for-sale/se10/chpk4912238,https://www.foxtons.co.uk/flats-for-sale/london?page=9,2025-06-13 21:10:45,9
https://www.foxtons.co.uk/properties-for-sale/se10/chpk4913104,https://www.foxtons.co.uk/flats-for-sale/london?page=16,2025-06-13 21:11:23,16
https://www.foxtons.co.uk/properties-for-sale/se10/chpk4913135,https://www.foxtons.co.uk/flats-for-sale/london?page=17,2025-06-13 21:11:29,17
https://www.foxtons.co.uk/properties-for-sale/se10/chpk4913154,https://www.foxtons.co.uk/flats-for-sale/london?page=16,2025-06-13 21:11:23,16
https://www.foxtons.co.uk/properties-for-sale/se10/chpk4917114,https://www.foxtons.co.uk/flats-for-sale/london?page=28,2025-06-13 21:12:29,28
https://www.foxtons.co.uk/properties-for-sale/se10/chpk4921251,https://www.foxtons.co.uk/flats-for-sale/london?page=14,2025-06-13 21:11:12,14
https://www.foxtons.co.uk/properties-for-sale/se10/chpk4921268,https://www.foxtons.co.uk/flats-for-sale/london?page=28,2025-06-13 21:12:29,28
https://www.foxtons.co.uk/properties-for-sale/se10/chpk4935653,https://www.foxtons.co.uk/flats-for-sale/london?page=9,2025-06-13 21:10:45,9
https://www.foxtons.co.uk/properties-for-sale/se10/chpk4936634,https://www.foxtons.co.uk/flats-for-sale/london?page=22,2025-06-13 21:11:56,22
https://www.foxtons.co.uk/properties-for-sale/se10/chpk5050196,https://www.foxtons.co.uk/flats-for-sale/london?page=26,2025-06-13 21:12:18,26
https://www.foxtons.co.uk/properties-for-sale/se10/chpk5050232,https://www.foxtons.co.uk/flats-for-sale/london?page=11,2025-06-13 21:10:56,11
https://www.foxtons.co.uk/properties-for-sale/se10/chpk5050521,https://www.foxtons.co.uk/flats-for-sale/london?page=11,2025-06-13 21:10:56,11
https://www.foxtons.co.uk/properties-for-sale/se10/chpk5050553,https://www.foxtons.co.uk/flats-for-sale/london?page=20,2025-06-13 21:11:45,20
https://www.foxtons.co.uk/properties-for-sale/se10/chpk5050742,https://www.foxtons.co.uk/flats-for-sale/london?page=20,2025-06-13 21:11:45,20
https://www.foxtons.co.uk/properties-for-sale/se10/chpk5050784,https://www.foxtons.co.uk/flats-for-sale/london?page=17,2025-06-13 21:11:29,17
https://www.foxtons.co.uk/properties-for-sale/se10/chpk5051388,https://www.foxtons.co.uk/flats-for-sale/london?page=24,2025-06-13 21:12:07,24
https://www.foxtons.co.uk/properties-for-sale/se10/chpk5052054,https://www.foxtons.co.uk/flats-for-sale/london?page=17,2025-06-13 21:11:29,17
https://www.foxtons.co.uk/properties-for-sale/se10/chpk5223391,https://www.foxtons.co.uk/flats-for-sale/london?page=20,2025-06-13 21:11:45,20
https://www.foxtons.co.uk/properties-for-sale/se10/chpk5263995,https://www.foxtons.co.uk/flats-for-sale/london?page=22,2025-06-13 21:11:56,22
https://www.foxtons.co.uk/properties-for-sale/se10/chpk5271397,https://www.foxtons.co.uk/flats-for-sale/london?page=54,2025-06-13 21:17:43,54
https://www.foxtons.co.uk/properties-for-sale/se10/chpk5271420,https://www.foxtons.co.uk/flats-for-sale/london?page=29,2025-06-13 21:12:35,29
https://www.foxtons.co.uk/properties-for-sale/se10/chpk5593872,https://www.foxtons.co.uk/flats-for-sale/london?page=14,2025-06-13 21:11:12,14
https://www.foxtons.co.uk/properties-for-sale/se10/chpk5593885,https://www.foxtons.co.uk/flats-for-sale/london?page=12,2025-06-13 21:11:01,12
https://www.foxtons.co.uk/properties-for-sale/se10/mwhl0248677,https://www.foxtons.co.uk/houses-for-sale/london?page=2,2025-06-13 21:05:20,2
https://www.foxtons.co.uk/properties-for-sale/se10/mwhl0259224,https://www.foxtons.co.uk/flats-for-sale/london?page=21,2025-06-13 21:11:50,21
https://www.foxtons.co.uk/properties-for-sale/se10/mwhl0303427,https://www.foxtons.co.uk/houses-for-sale/london?page=9,2025-06-13 21:07:22,9
https://www.foxtons.co.uk/properties-for-sale/se10/mwhl3373218,https://www.foxtons.co.uk/flats-for-sale/london?page=38,2025-06-13 21:13:26,38
https://www.foxtons.co.uk/properties-for-sale/se10/nwca5272219,https://www.foxtons.co.uk/flats-for-sale/london?page=33,2025-06-13 21:12:57,33
https://www.foxtons.co.uk/properties-for-sale/se10/nwca6205434,https://www.foxtons.co.uk/flats-for-sale/london?page=21,2025-06-13 21:11:50,21
https://www.foxtons.co.uk/properties-for-sale/se10/nwhm3646506,https://www.foxtons.co.uk/flats-for-sale/london?page=45,2025-06-13 21:14:05,45
https://www.foxtons.co.uk/properties-for-sale/se10/nwhm4555246,https://www.foxtons.co.uk/flats-for-sale/london?page=28,2025-06-13 21:12:29,28
https://www.foxtons.co.uk/properties-for-sale/se11/chpk0112288,https://www.foxtons.co.uk/flats-for-sale/london?page=35,2025-06-13 21:13:07,35
https://www.foxtons.co.uk/properties-for-sale/se11/chpk0791699,https://www.foxtons.co.uk/flats-for-sale/london?page=37,2025-06-13 21:13:20,37
https://www.foxtons.co.uk/properties-for-sale/se11/chpk0791835,https://www.foxtons.co.uk/flats-for-sale/london?page=32,2025-06-13 21:12:51,32
https://www.foxtons.co.uk/properties-for-sale/se11/chpk0795249,https://www.foxtons.co.uk/flats-for-sale/london?page=46,2025-06-13 21:14:10,46
https://www.foxtons.co.uk/properties-for-sale/se11/chpk0799136,https://www.foxtons.co.uk/flats-for-sale/london?page=9,2025-06-13 21:10:45,9
https://www.foxtons.co.uk/properties-for-sale/se11/chpk0801473,https://www.foxtons.co.uk/properties-for-sale/elephant-and-castle?page=2,2025-06-13 23:09:02,2
https://www.foxtons.co.uk/properties-for-sale/se11/chpk0802938,https://www.foxtons.co.uk/flats-for-sale/london?page=35,2025-06-13 21:13:07,35
https://www.foxtons.co.uk/properties-for-sale/se11/chpk0803025,https://www.foxtons.co.uk/flats-for-sale/london?page=44,2025-06-13 21:13:59,44
https://www.foxtons.co.uk/properties-for-sale/se11/chpk0804596,https://www.foxtons.co.uk/flats-for-sale/london?page=45,2025-06-13 21:14:05,45
https://www.foxtons.co.uk/properties-for-sale/se11/chpk0806330,https://www.foxtons.co.uk/flats-for-sale/london?page=44,2025-06-13 21:13:59,44
https://www.foxtons.co.uk/properties-for-sale/se11/chpk0806425,https://www.foxtons.co.uk/houses-for-sale/london?page=2,2025-06-13 21:05:20,2
https://www.foxtons.co.uk/properties-for-sale/se11/chpk0807758,https://www.foxtons.co.uk/flats-for-sale/london?page=23,2025-06-13 21:12:01,23
https://www.foxtons.co.uk/properties-for-sale/se11/chpk0809847,https://www.foxtons.co.uk/flats-for-sale/london?page=37,2025-06-13 21:13:20,37
https://www.foxtons.co.uk/properties-for-sale/se11/chpk0811838,https://www.foxtons.co.uk/flats-for-sale/london?page=6,2025-06-13 21:10:28,6
https://www.foxtons.co.uk/properties-for-sale/se11/chpk0813465,https://www.foxtons.co.uk/properties-for-sale/vauxhall?page=2,2025-06-14 00:13:55,2
https://www.foxtons.co.uk/properties-for-sale/se11/chpk0816972,https://www.foxtons.co.uk/flats-for-sale/london?page=19,2025-06-13 21:11:39,19
https://www.foxtons.co.uk/properties-for-sale/se11/chpk0817223,https://www.foxtons.co.uk/flats-for-sale/london?page=32,2025-06-13 21:12:51,32
https://www.foxtons.co.uk/properties-for-sale/se11/chpk0817378,https://www.foxtons.co.uk/houses-for-sale/london?page=2,2025-06-13 21:05:20,2
https://www.foxtons.co.uk/properties-for-sale/se11/chpk1247062,https://www.foxtons.co.uk/flats-for-sale/london?page=34,2025-06-13 21:13:02,34
https://www.foxtons.co.uk/properties-for-sale/se11/chpk1323410,https://www.foxtons.co.uk/flats-for-sale/london?page=50,2025-06-13 21:15:33,50
https://www.foxtons.co.uk/properties-for-sale/se11/chpk4560915,https://www.foxtons.co.uk/flats-for-sale/london?page=18,2025-06-13 21:11:34,18
https://www.foxtons.co.uk/properties-for-sale/se11/chpk5080735,https://www.foxtons.co.uk/flats-for-sale/london?page=42,2025-06-13 21:13:48,42
https://www.foxtons.co.uk/properties-for-sale/se11/chpk5081295,https://www.foxtons.co.uk/flats-for-sale/london?page=18,2025-06-13 21:11:34,18
https://www.foxtons.co.uk/properties-for-sale/se11/nwca4645481,https://www.foxtons.co.uk/flats-for-sale/london?page=10,2025-06-13 21:10:50,10
https://www.foxtons.co.uk/properties-for-sale/se11/nwca4645482,https://www.foxtons.co.uk/flats-for-sale/london?page=5,2025-06-13 21:10:22,5
https://www.foxtons.co.uk/properties-for-sale/se11/nwca4657875,https://www.foxtons.co.uk/flats-for-sale/london?page=18,2025-06-13 21:11:34,18
https://www.foxtons.co.uk/properties-for-sale/se11/nwca4657876,https://www.foxtons.co.uk/flats-for-sale/london?page=2,2025-06-13 21:10:05,2
https://www.foxtons.co.uk/properties-for-sale/se11/nwca5269017,https://www.foxtons.co.uk/flats-for-sale/london?page=9,2025-06-13 21:10:45,9
https://www.foxtons.co.uk/properties-for-sale/se12/chpk1254252,https://www.foxtons.co.uk/flats-for-sale/london?page=32,2025-06-13 21:12:51,32
https://www.foxtons.co.uk/properties-for-sale/se12/chpk1506049,https://www.foxtons.co.uk/houses-for-sale/london?page=2,2025-06-13 21:05:20,2
https://www.foxtons.co.uk/properties-for-sale/se12/chpk1947803,https://www.foxtons.co.uk/flats-for-sale/london?page=40,2025-06-13 21:13:37,40
https://www.foxtons.co.uk/properties-for-sale/se12/chpk2046016,https://www.foxtons.co.uk/houses-for-sale/london?page=6,2025-06-13 21:06:25,6
https://www.foxtons.co.uk/properties-for-sale/se13/chpk0779576,https://www.foxtons.co.uk/properties-for-sale/greenwich/2-bedroom?page=1,2025-06-13 23:14:26,1
https://www.foxtons.co.uk/properties-for-sale/se13/chpk0787171,https://www.foxtons.co.uk/flats-for-sale/london?page=41,2025-06-13 21:13:43,41
https://www.foxtons.co.uk/properties-for-sale/se13/chpk0789310,https://www.foxtons.co.uk/flats-for-sale/london?page=37,2025-06-13 21:13:20,37
https://www.foxtons.co.uk/properties-for-sale/se13/chpk0792197,https://www.foxtons.co.uk/flats-for-sale/london?page=41,2025-06-13 21:13:43,41
https://www.foxtons.co.uk/properties-for-sale/se13/chpk0796623,https://www.foxtons.co.uk/houses-for-sale/london?page=3,2025-06-13 21:05:38,3
https://www.foxtons.co.uk/properties-for-sale/se13/chpk0800202,https://www.foxtons.co.uk/flats-for-sale/london?page=45,2025-06-13 21:14:05,45
https://www.foxtons.co.uk/properties-for-sale/se13/chpk0800497,https://www.foxtons.co.uk/flats-for-sale/london?page=35,2025-06-13 21:13:07,35
https://www.foxtons.co.uk/properties-for-sale/se13/chpk0801085,https://www.foxtons.co.uk/houses-for-sale/london?page=3,2025-06-13 21:05:38,3
https://www.foxtons.co.uk/properties-for-sale/se13/chpk0804016,https://www.foxtons.co.uk/houses-for-sale/london?page=6,2025-06-13 21:06:25,6
https://www.foxtons.co.uk/properties-for-sale/se13/chpk0804088,https://www.foxtons.co.uk/flats-for-sale/london?page=39,2025-06-13 21:13:32,39
https://www.foxtons.co.uk/properties-for-sale/se13/chpk0806990,https://www.foxtons.co.uk/flats-for-sale/london?page=41,2025-06-13 21:13:43,41
https://www.foxtons.co.uk/properties-for-sale/se13/chpk0808934,https://www.foxtons.co.uk/houses-for-sale/london?page=7,2025-06-13 21:06:42,7
https://www.foxtons.co.uk/properties-for-sale/se13/chpk0813902,https://www.foxtons.co.uk/flats-for-sale/london?page=37,2025-06-13 21:13:20,37
https://www.foxtons.co.uk/properties-for-sale/se13/chpk3593702,https://www.foxtons.co.uk/properties-for-sale/blackheath?page=1,2025-06-13 22:27:16,1
https://www.foxtons.co.uk/properties-for-sale/se13/chpk3648488,https://www.foxtons.co.uk/flats-for-sale/london?page=50,2025-06-13 21:15:33,50
https://www.foxtons.co.uk/properties-for-sale/se13/chpk3708615,https://www.foxtons.co.uk/flats-for-sale/london?page=43,2025-06-13 21:13:54,43
https://www.foxtons.co.uk/properties-for-sale/se13/chpk3717813,https://www.foxtons.co.uk/properties-for-sale/blackheath?page=1,2025-06-13 22:27:16,1
https://www.foxtons.co.uk/properties-for-sale/se13/chpk3845493,https://www.foxtons.co.uk/flats-for-sale/london?page=34,2025-06-13 21:13:02,34
https://www.foxtons.co.uk/properties-for-sale/se13/chpk3883811,https://www.foxtons.co.uk/flats-for-sale/london?page=52,2025-06-13 21:17:29,52
https://www.foxtons.co.uk/properties-for-sale/se13/chpk3883862,https://www.foxtons.co.uk/flats-for-sale/london?page=36,2025-06-13 21:13:15,36
https://www.foxtons.co.uk/properties-for-sale/se13/chpk4078225,https://www.foxtons.co.uk/flats-for-sale/london?page=43,2025-06-13 21:13:54,43
https://www.foxtons.co.uk/properties-for-sale/se13/chpk4125809,https://www.foxtons.co.uk/properties-for-sale/blackheath?page=1,2025-06-13 22:27:16,1
https://www.foxtons.co.uk/properties-for-sale/se13/chpk4324525,https://www.foxtons.co.uk/flats-for-sale/london?page=45,2025-06-13 21:14:05,45
https://www.foxtons.co.uk/properties-for-sale/se13/chpk4334568,https://www.foxtons.co.uk/properties-for-sale/blackheath?page=1,2025-06-13 22:27:16,1
https://www.foxtons.co.uk/properties-for-sale/se13/chpk4334581,https://www.foxtons.co.uk/properties-for-sale/blackheath?page=1,2025-06-13 22:27:16,1
https://www.foxtons.co.uk/properties-for-sale/se13/chpk4334596,https://www.foxtons.co.uk/flats-for-sale/london?page=52,2025-06-13 21:17:29,52
https://www.foxtons.co.uk/properties-for-sale/se13/chpk4351341,https://www.foxtons.co.uk/flats-for-sale/london?page=48,2025-06-13 21:14:37,48
https://www.foxtons.co.uk/properties-for-sale/se13/chpk5175730,https://www.foxtons.co.uk/flats-for-sale/london?page=42,2025-06-13 21:13:48,42
https://www.foxtons.co.uk/properties-for-sale/se13/chpk5223455,https://www.foxtons.co.uk/flats-for-sale/london?page=44,2025-06-13 21:13:59,44
https://www.foxtons.co.uk/properties-for-sale/se13/chpk5246378,https://www.foxtons.co.uk/flats-for-sale/london?page=22,2025-06-13 21:11:56,22
https://www.foxtons.co.uk/properties-for-sale/se13/nwca6204755,https://www.foxtons.co.uk/flats-for-sale/london?page=42,2025-06-13 21:13:48,42
https://www.foxtons.co.uk/properties-for-sale/se13/nwca6204756,https://www.foxtons.co.uk/flats-for-sale/london?page=32,2025-06-13 21:12:51,32
https://www.foxtons.co.uk/properties-for-sale/se14/chpk1170844,https://www.foxtons.co.uk/flats-for-sale/london?page=44,2025-06-13 21:13:59,44
https://www.foxtons.co.uk/properties-for-sale/se14/chpk1200880,https://www.foxtons.co.uk/apartments-for-sale/peckham?page=1,2025-06-13 23:45:52,1
https://www.foxtons.co.uk/properties-for-sale/se14/chpk1265600,https://www.foxtons.co.uk/flats-for-sale/london?page=53,2025-06-13 21:17:34,53
https://www.foxtons.co.uk/properties-for-sale/se14/chpk1314769,https://www.foxtons.co.uk/flats-for-sale/london?page=54,2025-06-13 21:17:43,54
https://www.foxtons.co.uk/properties-for-sale/se14/chpk1315307,https://www.foxtons.co.uk/flats-for-sale/london?page=54,2025-06-13 21:17:43,54
https://www.foxtons.co.uk/properties-for-sale/se14/chpk1370202,https://www.foxtons.co.uk/houses-for-sale/london?page=6,2025-06-13 21:06:25,6
https://www.foxtons.co.uk/properties-for-sale/se14/chpk1407615,https://www.foxtons.co.uk/flats-for-sale/london?page=52,2025-06-13 21:17:29,52
https://www.foxtons.co.uk/properties-for-sale/se14/chpk1426279,https://www.foxtons.co.uk/properties-for-sale/peckham?page=1,2025-06-13 23:45:28,1
https://www.foxtons.co.uk/properties-for-sale/se14/chpk1462926,https://www.foxtons.co.uk/houses-for-sale/london?page=7,2025-06-13 21:06:42,7
https://www.foxtons.co.uk/properties-for-sale/se14/chpk1479507,https://www.foxtons.co.uk/flats-for-sale/london?page=53,2025-06-13 21:17:34,53
https://www.foxtons.co.uk/properties-for-sale/se14/chpk1634532,https://www.foxtons.co.uk/flats-for-sale/london?page=28,2025-06-13 21:12:29,28
https://www.foxtons.co.uk/properties-for-sale/se14/chpk1695763,https://www.foxtons.co.uk/properties-for-sale/london?page=22,2025-06-13 21:20:21,22
https://www.foxtons.co.uk/properties-for-sale/se14/chpk1882725,https://www.foxtons.co.uk/houses-for-sale/london?page=7,2025-06-13 21:06:42,7
https://www.foxtons.co.uk/properties-for-sale/se14/chpk1925771,https://www.foxtons.co.uk/flats-for-sale/london?page=29,2025-06-13 21:12:35,29
https://www.foxtons.co.uk/properties-for-sale/se14/chpk2027755,https://www.foxtons.co.uk/flats-for-sale/london?page=38,2025-06-13 21:13:26,38
https://www.foxtons.co.uk/properties-for-sale/se14/chpk2053737,https://www.foxtons.co.uk/flats-for-sale/london?page=38,2025-06-13 21:13:26,38
https://www.foxtons.co.uk/properties-for-sale/se14/chpk4894246,https://www.foxtons.co.uk/flats-for-sale/london?page=42,2025-06-13 21:13:48,42
https://www.foxtons.co.uk/properties-for-sale/se14/chpk5101256,https://www.foxtons.co.uk/houses-for-sale/london?page=9,2025-06-13 21:07:22,9
https://www.foxtons.co.uk/properties-for-sale/se14/chpk5118773,https://www.foxtons.co.uk/flats-for-sale/london?page=33,2025-06-13 21:12:57,33
https://www.foxtons.co.uk/properties-for-sale/se14/chpk5118812,https://www.foxtons.co.uk/flats-for-sale/london?page=24,2025-06-13 21:12:07,24
https://www.foxtons.co.uk/properties-for-sale/se14/chpk5118836,https://www.foxtons.co.uk/flats-for-sale/london?page=30,2025-06-13 21:12:40,30
https://www.foxtons.co.uk/properties-for-sale/se14/chpk5142976,https://www.foxtons.co.uk/flats-for-sale/london?page=18,2025-06-13 21:11:34,18
https://www.foxtons.co.uk/properties-for-sale/se14/wapg6204709,https://www.foxtons.co.uk/flats-for-sale/london?page=45,2025-06-13 21:14:05,45
https://www.foxtons.co.uk/properties-for-sale/se15/chpk0335861,https://www.foxtons.co.uk/flats-for-sale/london?page=53,2025-06-13 21:17:34,53
https://www.foxtons.co.uk/properties-for-sale/se15/chpk0369353,https://www.foxtons.co.uk/houses-for-sale/london?page=5,2025-06-13 21:06:19,5
https://www.foxtons.co.uk/properties-for-sale/se15/chpk0757556,https://www.foxtons.co.uk/flats-for-sale/london?page=52,2025-06-13 21:17:29,52
https://www.foxtons.co.uk/properties-for-sale/se15/chpk0759684,https://www.foxtons.co.uk/flats-for-sale/london?page=44,2025-06-13 21:13:59,44
https://www.foxtons.co.uk/properties-for-sale/se15/chpk0761299,https://www.foxtons.co.uk/flats-for-sale/london?page=44,2025-06-13 21:13:59,44
https://www.foxtons.co.uk/properties-for-sale/se15/chpk0761319,https://www.foxtons.co.uk/flats-for-sale/london?page=41,2025-06-13 21:13:43,41
https://www.foxtons.co.uk/properties-for-sale/se15/chpk0761360,https://www.foxtons.co.uk/houses-for-sale/london?page=5,2025-06-13 21:06:19,5
https://www.foxtons.co.uk/properties-for-sale/se15/chpk0761431,https://www.foxtons.co.uk/flats-for-sale/london?page=27,2025-06-13 21:12:24,27
https://www.foxtons.co.uk/properties-for-sale/se15/chpk0761476,https://www.foxtons.co.uk/flats-for-sale/london?page=39,2025-06-13 21:13:32,39
https://www.foxtons.co.uk/properties-for-sale/se15/chpk0761481,https://www.foxtons.co.uk/flats-for-sale/london?page=32,2025-06-13 21:12:51,32
https://www.foxtons.co.uk/properties-for-sale/se15/chpk0761500,https://www.foxtons.co.uk/flats-for-sale/london?page=41,2025-06-13 21:13:43,41
https://www.foxtons.co.uk/properties-for-sale/se15/chpk0761656,https://www.foxtons.co.uk/flats-for-sale/london?page=41,2025-06-13 21:13:43,41
https://www.foxtons.co.uk/properties-for-sale/se15/chpk0761766,https://www.foxtons.co.uk/houses-for-sale/london?page=9,2025-06-13 21:07:22,9
https://www.foxtons.co.uk/properties-for-sale/se15/chpk0762660,https://www.foxtons.co.uk/flats-for-sale/london?page=55,2025-06-13 21:17:48,55
https://www.foxtons.co.uk/properties-for-sale/se15/chpk0764382,https://www.foxtons.co.uk/flats-for-sale/london?page=52,2025-06-13 21:17:29,52
https://www.foxtons.co.uk/properties-for-sale/se15/chpk0764476,https://www.foxtons.co.uk/flats-for-sale/london?page=44,2025-06-13 21:13:59,44
https://www.foxtons.co.uk/properties-for-sale/se15/chpk0766574,https://www.foxtons.co.uk/houses-for-sale/london?page=6,2025-06-13 21:06:25,6
https://www.foxtons.co.uk/properties-for-sale/se15/chpk0766644,https://www.foxtons.co.uk/flats-for-sale/london?page=37,2025-06-13 21:13:20,37
https://www.foxtons.co.uk/properties-for-sale/se15/chpk0767662,https://www.foxtons.co.uk/flats-for-sale/london?page=32,2025-06-13 21:12:51,32
https://www.foxtons.co.uk/properties-for-sale/se15/chpk0768000,https://www.foxtons.co.uk/flats-for-sale/london?page=35,2025-06-13 21:13:07,35
https://www.foxtons.co.uk/properties-for-sale/se15/chpk0768137,https://www.foxtons.co.uk/flats-for-sale/london?page=44,2025-06-13 21:13:59,44
https://www.foxtons.co.uk/properties-for-sale/se15/chpk0770447,https://www.foxtons.co.uk/flats-for-sale/london?page=44,2025-06-13 21:13:59,44
https://www.foxtons.co.uk/properties-for-sale/se15/chpk0772768,https://www.foxtons.co.uk/houses-for-sale/london?page=9,2025-06-13 21:07:22,9
https://www.foxtons.co.uk/properties-for-sale/se15/chpk0773526,https://www.foxtons.co.uk/houses-for-sale/london?page=7,2025-06-13 21:06:42,7
https://www.foxtons.co.uk/properties-for-sale/se15/chpk0774175,https://www.foxtons.co.uk/flats-for-sale/london?page=45,2025-06-13 21:14:05,45
https://www.foxtons.co.uk/properties-for-sale/se15/chpk0775143,https://www.foxtons.co.uk/flats-for-sale/london?page=37,2025-06-13 21:13:20,37
https://www.foxtons.co.uk/properties-for-sale/se15/chpk0776545,https://www.foxtons.co.uk/houses-for-sale/london?page=5,2025-06-13 21:06:19,5
https://www.foxtons.co.uk/properties-for-sale/se15/chpk0778765,https://www.foxtons.co.uk/properties-for-sale/peckham?page=1,2025-06-13 23:45:28,1
https://www.foxtons.co.uk/properties-for-sale/se15/chpk0778961,https://www.foxtons.co.uk/flats-for-sale/london?page=44,2025-06-13 21:13:59,44
https://www.foxtons.co.uk/properties-for-sale/se15/chpk0779080,https://www.foxtons.co.uk/flats-for-sale/london?page=37,2025-06-13 21:13:20,37
https://www.foxtons.co.uk/properties-for-sale/se15/chpk0780484,https://www.foxtons.co.uk/flats-for-sale/london?page=47,2025-06-13 21:14:29,47
https://www.foxtons.co.uk/properties-for-sale/se15/chpk0780530,https://www.foxtons.co.uk/properties-for-sale/peckham?page=1,2025-06-13 23:45:28,1
https://www.foxtons.co.uk/properties-for-sale/se15/chpk0782081,https://www.foxtons.co.uk/flats-for-sale/london?page=52,2025-06-13 21:17:29,52
https://www.foxtons.co.uk/properties-for-sale/se15/chpk0784490,https://www.foxtons.co.uk/flats-for-sale/london?page=41,2025-06-13 21:13:43,41
https://www.foxtons.co.uk/properties-for-sale/se15/chpk0785373,https://www.foxtons.co.uk/houses-for-sale/peckham?page=1,2025-06-13 23:45:42,1
https://www.foxtons.co.uk/properties-for-sale/se15/chpk0790174,https://www.foxtons.co.uk/flats-for-sale/london?page=41,2025-06-13 21:13:43,41
https://www.foxtons.co.uk/properties-for-sale/se15/chpk4090798,https://www.foxtons.co.uk/flats-for-sale/london?page=48,2025-06-13 21:14:37,48
https://www.foxtons.co.uk/properties-for-sale/se15/chpk4090800,https://www.foxtons.co.uk/flats-for-sale/london?page=48,2025-06-13 21:14:37,48
https://www.foxtons.co.uk/properties-for-sale/se15/chpk4932066,https://www.foxtons.co.uk/flats-for-sale/london?page=36,2025-06-13 21:13:15,36
https://www.foxtons.co.uk/properties-for-sale/se15/chpk5048484,https://www.foxtons.co.uk/flats-for-sale/london?page=33,2025-06-13 21:12:57,33
https://www.foxtons.co.uk/properties-for-sale/se15/chpk5150120,https://www.foxtons.co.uk/flats-for-sale/london?page=54,2025-06-13 21:17:43,54
https://www.foxtons.co.uk/properties-for-sale/se15/chpk5150259,https://www.foxtons.co.uk/flats-for-sale/london?page=24,2025-06-13 21:12:07,24
https://www.foxtons.co.uk/properties-for-sale/se15/chpk5150313,https://www.foxtons.co.uk/flats-for-sale/london?page=55,2025-06-13 21:17:48,55
https://www.foxtons.co.uk/properties-for-sale/se15/chpk5150455,https://www.foxtons.co.uk/houses-for-sale/london?page=6,2025-06-13 21:06:25,6
https://www.foxtons.co.uk/properties-for-sale/se15/chpk5243842,https://www.foxtons.co.uk/houses-for-sale/london?page=7,2025-06-13 21:06:42,7
https://www.foxtons.co.uk/properties-for-sale/se15/chpk5250852,https://www.foxtons.co.uk/flats-for-sale/london?page=17,2025-06-13 21:11:29,17
https://www.foxtons.co.uk/properties-for-sale/se15/nwca5228812,https://www.foxtons.co.uk/flats-for-sale/london?page=23,2025-06-13 21:12:01,23
https://www.foxtons.co.uk/properties-for-sale/se15/nwca5228813,https://www.foxtons.co.uk/flats-for-sale/london?page=14,2025-06-13 21:11:12,14
https://www.foxtons.co.uk/properties-for-sale/se15/nwca5228814,https://www.foxtons.co.uk/flats-for-sale/london?page=13,2025-06-13 21:11:07,13
https://www.foxtons.co.uk/properties-for-sale/se16/chpk0313564,https://www.foxtons.co.uk/flats-for-sale/london?page=25,2025-06-13 21:12:13,25
https://www.foxtons.co.uk/properties-for-sale/se16/chpk0348953,https://www.foxtons.co.uk/houses-for-sale/london?page=9,2025-06-13 21:07:22,9
https://www.foxtons.co.uk/properties-for-sale/se16/chpk0365225,https://www.foxtons.co.uk/flats-for-sale/london?page=41,2025-06-13 21:13:43,41
https://www.foxtons.co.uk/properties-for-sale/se16/chpk0737773,https://www.foxtons.co.uk/houses-for-sale/london?page=13,2025-06-13 21:09:51,13
https://www.foxtons.co.uk/properties-for-sale/se16/chpk0738001,https://www.foxtons.co.uk/houses-for-sale/london?page=5,2025-06-13 21:06:19,5
https://www.foxtons.co.uk/properties-for-sale/se16/chpk0740891,https://www.foxtons.co.uk/houses-for-sale/london?page=7,2025-06-13 21:06:42,7
https://www.foxtons.co.uk/properties-for-sale/se16/chpk0741145,https://www.foxtons.co.uk/flats-for-sale/london?page=32,2025-06-13 21:12:51,32
https://www.foxtons.co.uk/properties-for-sale/se16/chpk0741241,https://www.foxtons.co.uk/flats-for-sale/london?page=27,2025-06-13 21:12:24,27
https://www.foxtons.co.uk/properties-for-sale/se16/chpk0741312,https://www.foxtons.co.uk/flats-for-sale/london?page=15,2025-06-13 21:11:17,15
https://www.foxtons.co.uk/properties-for-sale/se16/chpk0744642,https://www.foxtons.co.uk/flats-for-sale/london?page=27,2025-06-13 21:12:24,27
https://www.foxtons.co.uk/properties-for-sale/se16/chpk0746979,https://www.foxtons.co.uk/flats-for-sale/london?page=35,2025-06-13 21:13:07,35
https://www.foxtons.co.uk/properties-for-sale/se16/chpk0747321,https://www.foxtons.co.uk/flats-for-sale/london?page=42,2025-06-13 21:13:48,42
https://www.foxtons.co.uk/properties-for-sale/se16/chpk0748481,https://www.foxtons.co.uk/houses-for-sale/london?page=5,2025-06-13 21:06:19,5
https://www.foxtons.co.uk/properties-for-sale/se16/chpk0748952,https://www.foxtons.co.uk/flats-for-sale/london?page=29,2025-06-13 21:12:35,29
https://www.foxtons.co.uk/properties-for-sale/se16/chpk0750136,https://www.foxtons.co.uk/properties-for-sale/peckham?page=1,2025-06-13 23:45:28,1
https://www.foxtons.co.uk/properties-for-sale/se16/chpk0750220,https://www.foxtons.co.uk/flats-for-sale/london?page=41,2025-06-13 21:13:43,41
https://www.foxtons.co.uk/properties-for-sale/se16/chpk0752835,https://www.foxtons.co.uk/apartments-for-sale/peckham?page=1,2025-06-13 23:45:52,1
https://www.foxtons.co.uk/properties-for-sale/se16/chpk0752856,https://www.foxtons.co.uk/flats-for-sale/london?page=37,2025-06-13 21:13:20,37
https://www.foxtons.co.uk/properties-for-sale/se16/chpk0752887,https://www.foxtons.co.uk/flats-for-sale/london?page=23,2025-06-13 21:12:01,23
https://www.foxtons.co.uk/properties-for-sale/se16/chpk0753605,https://www.foxtons.co.uk/properties-for-sale/peckham?page=1,2025-06-13 23:45:28,1
https://www.foxtons.co.uk/properties-for-sale/se16/chpk0754368,https://www.foxtons.co.uk/flats-for-sale/london?page=35,2025-06-13 21:13:07,35
https://www.foxtons.co.uk/properties-for-sale/se16/chpk0757372,https://www.foxtons.co.uk/flats-for-sale/london?page=3,2025-06-13 21:10:10,3
https://www.foxtons.co.uk/properties-for-sale/se16/chpk0763248,https://www.foxtons.co.uk/houses-for-sale/london?page=5,2025-06-13 21:06:19,5
https://www.foxtons.co.uk/properties-for-sale/se16/chpk0763764,https://www.foxtons.co.uk/flats-for-sale/london?page=41,2025-06-13 21:13:43,41
https://www.foxtons.co.uk/properties-for-sale/se16/chpk0766894,https://www.foxtons.co.uk/apartments-for-sale/peckham?page=1,2025-06-13 23:45:52,1
https://www.foxtons.co.uk/properties-for-sale/se16/chpk0772265,https://www.foxtons.co.uk/flats-for-sale/london?page=42,2025-06-13 21:13:48,42
https://www.foxtons.co.uk/properties-for-sale/se16/chpk0772383,https://www.foxtons.co.uk/flats-for-sale/london?page=52,2025-06-13 21:17:29,52
https://www.foxtons.co.uk/properties-for-sale/se16/chpk1338367,https://www.foxtons.co.uk/flats-for-sale/london?page=17,2025-06-13 21:11:29,17
https://www.foxtons.co.uk/properties-for-sale/se16/chpk1815640,https://www.foxtons.co.uk/flats-for-sale/london?page=53,2025-06-13 21:17:34,53
https://www.foxtons.co.uk/properties-for-sale/se16/chpk3469756,https://www.foxtons.co.uk/flats-for-sale/london?page=22,2025-06-13 21:11:56,22
https://www.foxtons.co.uk/properties-for-sale/se16/chpk3660588,https://www.foxtons.co.uk/flats-for-sale/london?page=38,2025-06-13 21:13:26,38
https://www.foxtons.co.uk/properties-for-sale/se16/chpk3660593,https://www.foxtons.co.uk/flats-for-sale/london?page=34,2025-06-13 21:13:02,34
https://www.foxtons.co.uk/properties-for-sale/se16/chpk3867871,https://www.foxtons.co.uk/flats-for-sale/london?page=22,2025-06-13 21:11:56,22
https://www.foxtons.co.uk/properties-for-sale/se16/chpk4024881,https://www.foxtons.co.uk/flats-for-sale/london?page=31,2025-06-13 21:12:46,31
https://www.foxtons.co.uk/properties-for-sale/se16/chpk4025275,https://www.foxtons.co.uk/flats-for-sale/london?page=22,2025-06-13 21:11:56,22
https://www.foxtons.co.uk/properties-for-sale/se16/chpk4078287,https://www.foxtons.co.uk/flats-for-sale/london?page=26,2025-06-13 21:12:18,26
https://www.foxtons.co.uk/properties-for-sale/se16/chpk4122606,https://www.foxtons.co.uk/flats-for-sale/london?page=26,2025-06-13 21:12:18,26
https://www.foxtons.co.uk/properties-for-sale/se16/chpk4545386,https://www.foxtons.co.uk/flats-for-sale/london?page=20,2025-06-13 21:11:45,20
https://www.foxtons.co.uk/properties-for-sale/se16/chpk4545488,https://www.foxtons.co.uk/flats-for-sale/london?page=28,2025-06-13 21:12:29,28
https://www.foxtons.co.uk/properties-for-sale/se16/chpk4545504,https://www.foxtons.co.uk/flats-for-sale/london?page=28,2025-06-13 21:12:29,28
https://www.foxtons.co.uk/properties-for-sale/se16/chpk4633199,https://www.foxtons.co.uk/flats-for-sale/london?page=33,2025-06-13 21:12:57,33
https://www.foxtons.co.uk/properties-for-sale/se16/chpk4635180,https://www.foxtons.co.uk/properties-for-sale/london?page=11,2025-06-13 21:19:16,11
https://www.foxtons.co.uk/properties-for-sale/se16/chpk5101318,https://www.foxtons.co.uk/flats-for-sale/london?page=15,2025-06-13 21:11:17,15
https://www.foxtons.co.uk/properties-for-sale/se16/mwhl0271684,https://www.foxtons.co.uk/flats-for-sale/london?page=30,2025-06-13 21:12:40,30
https://www.foxtons.co.uk/properties-for-sale/se16/nwhm4427410,https://www.foxtons.co.uk/flats-for-sale/london?page=25,2025-06-13 21:12:13,25
https://www.foxtons.co.uk/properties-for-sale/se17/chpk0149891,https://www.foxtons.co.uk/flats-for-sale/london?page=35,2025-06-13 21:13:07,35
https://www.foxtons.co.uk/properties-for-sale/se17/chpk0149894,https://www.foxtons.co.uk/flats-for-sale/london?page=23,2025-06-13 21:12:01,23
https://www.foxtons.co.uk/properties-for-sale/se17/chpk0264090,https://www.foxtons.co.uk/flats-for-sale/london?page=35,2025-06-13 21:13:07,35
https://www.foxtons.co.uk/properties-for-sale/se17/chpk1195348,https://www.foxtons.co.uk/flats-for-sale/london?page=53,2025-06-13 21:17:34,53
https://www.foxtons.co.uk/properties-for-sale/se17/chpk1199937,https://www.foxtons.co.uk/properties-for-sale/elephant-and-castle?page=2,2025-06-13 23:09:02,2
https://www.foxtons.co.uk/properties-for-sale/se17/chpk1209359,https://www.foxtons.co.uk/flats-for-sale/london?page=35,2025-06-13 21:13:07,35
https://www.foxtons.co.uk/properties-for-sale/se17/chpk1216097,https://www.foxtons.co.uk/flats-for-sale/london?page=46,2025-06-13 21:14:10,46
https://www.foxtons.co.uk/properties-for-sale/se17/chpk1221631,https://www.foxtons.co.uk/flats-for-sale/london?page=46,2025-06-13 21:14:10,46
https://www.foxtons.co.uk/properties-for-sale/se17/chpk1223476,https://www.foxtons.co.uk/flats-for-sale/london?page=44,2025-06-13 21:13:59,44
https://www.foxtons.co.uk/properties-for-sale/se17/chpk1224847,https://www.foxtons.co.uk/flats-for-sale/london?page=50,2025-06-13 21:15:33,50
https://www.foxtons.co.uk/properties-for-sale/se17/chpk1233926,https://www.foxtons.co.uk/flats-for-sale/london?page=32,2025-06-13 21:12:51,32
https://www.foxtons.co.uk/properties-for-sale/se17/chpk1247435,https://www.foxtons.co.uk/flats-for-sale/london?page=53,2025-06-13 21:17:34,53
https://www.foxtons.co.uk/properties-for-sale/se17/chpk1259343,https://www.foxtons.co.uk/flats-for-sale/london?page=52,2025-06-13 21:17:29,52
https://www.foxtons.co.uk/properties-for-sale/se17/chpk1278409,https://www.foxtons.co.uk/flats-for-sale/london?page=46,2025-06-13 21:14:10,46
https://www.foxtons.co.uk/properties-for-sale/se17/chpk1302558,https://www.foxtons.co.uk/flats-for-sale/london?page=44,2025-06-13 21:13:59,44
https://www.foxtons.co.uk/properties-for-sale/se17/chpk1307368,https://www.foxtons.co.uk/flats-for-sale/london?page=44,2025-06-13 21:13:59,44
https://www.foxtons.co.uk/properties-for-sale/se17/chpk1312307,https://www.foxtons.co.uk/flats-for-sale/london?page=47,2025-06-13 21:14:29,47
https://www.foxtons.co.uk/properties-for-sale/se17/chpk1319170,https://www.foxtons.co.uk/flats-for-sale/london?page=32,2025-06-13 21:12:51,32
https://www.foxtons.co.uk/properties-for-sale/se17/chpk1348727,https://www.foxtons.co.uk/flats-for-sale/london?page=27,2025-06-13 21:12:24,27
https://www.foxtons.co.uk/properties-for-sale/se17/chpk1548312,https://www.foxtons.co.uk/flats-for-sale/london?page=27,2025-06-13 21:12:24,27
https://www.foxtons.co.uk/properties-for-sale/se17/chpk1583656,https://www.foxtons.co.uk/flats-for-sale/london?page=19,2025-06-13 21:11:39,19
https://www.foxtons.co.uk/properties-for-sale/se17/chpk1591439,https://www.foxtons.co.uk/flats-for-sale/london?page=27,2025-06-13 21:12:24,27
https://www.foxtons.co.uk/properties-for-sale/se17/chpk1595705,https://www.foxtons.co.uk/houses-for-sale/london?page=9,2025-06-13 21:07:22,9
https://www.foxtons.co.uk/properties-for-sale/se17/chpk1624304,https://www.foxtons.co.uk/flats-for-sale/london?page=19,2025-06-13 21:11:39,19
https://www.foxtons.co.uk/properties-for-sale/se17/chpk1691736,https://www.foxtons.co.uk/flats-for-sale/london?page=32,2025-06-13 21:12:51,32
https://www.foxtons.co.uk/properties-for-sale/se17/chpk1714290,https://www.foxtons.co.uk/houses-for-sale/london?page=5,2025-06-13 21:06:19,5
https://www.foxtons.co.uk/properties-for-sale/se17/chpk1784326,https://www.foxtons.co.uk/flats-for-sale/london?page=40,2025-06-13 21:13:37,40
https://www.foxtons.co.uk/properties-for-sale/se17/chpk1795595,https://www.foxtons.co.uk/flats-for-sale/london?page=40,2025-06-13 21:13:37,40
https://www.foxtons.co.uk/properties-for-sale/se17/chpk1805880,https://www.foxtons.co.uk/flats-for-sale/london?page=54,2025-06-13 21:17:43,54
https://www.foxtons.co.uk/properties-for-sale/se17/chpk1852285,https://www.foxtons.co.uk/properties-for-sale/elephant-and-castle?page=1,2025-06-13 23:08:57,1
https://www.foxtons.co.uk/properties-for-sale/se17/chpk1924611,https://www.foxtons.co.uk/houses-for-sale/london?page=7,2025-06-13 21:06:42,7
https://www.foxtons.co.uk/properties-for-sale/se17/chpk2075604,https://www.foxtons.co.uk/houses-for-sale/london?page=9,2025-06-13 21:07:22,9
https://www.foxtons.co.uk/properties-for-sale/se17/chpk3636404,https://www.foxtons.co.uk/flats-for-sale/london?page=24,2025-06-13 21:12:07,24
https://www.foxtons.co.uk/properties-for-sale/se17/chpk3644036,https://www.foxtons.co.uk/flats-for-sale/london?page=26,2025-06-13 21:12:18,26
https://www.foxtons.co.uk/properties-for-sale/se17/chpk3715579,https://www.foxtons.co.uk/flats-for-sale/london?page=22,2025-06-13 21:11:56,22
https://www.foxtons.co.uk/properties-for-sale/se17/chpk3715685,https://www.foxtons.co.uk/flats-for-sale/london?page=9,2025-06-13 21:10:45,9
https://www.foxtons.co.uk/properties-for-sale/se17/chpk4320426,https://www.foxtons.co.uk/flats-for-sale/london?page=38,2025-06-13 21:13:26,38
https://www.foxtons.co.uk/properties-for-sale/se17/chpk4328177,https://www.foxtons.co.uk/flats-for-sale/london?page=22,2025-06-13 21:11:56,22
https://www.foxtons.co.uk/properties-for-sale/se17/chpk4328183,https://www.foxtons.co.uk/flats-for-sale/london?page=20,2025-06-13 21:11:45,20
https://www.foxtons.co.uk/properties-for-sale/se17/chpk4345247,https://www.foxtons.co.uk/flats-for-sale/london?page=14,2025-06-13 21:11:12,14
https://www.foxtons.co.uk/properties-for-sale/se17/chpk4349873,https://www.foxtons.co.uk/flats-for-sale/london?page=12,2025-06-13 21:11:01,12
https://www.foxtons.co.uk/properties-for-sale/se17/chpk4349891,https://www.foxtons.co.uk/flats-for-sale/london?page=12,2025-06-13 21:11:01,12
https://www.foxtons.co.uk/properties-for-sale/se17/chpk4417885,https://www.foxtons.co.uk/flats-for-sale/london?page=42,2025-06-13 21:13:48,42
https://www.foxtons.co.uk/properties-for-sale/se17/chpk4541623,https://www.foxtons.co.uk/flats-for-sale/london?page=8,2025-06-13 21:10:39,8
https://www.foxtons.co.uk/properties-for-sale/se17/chpk4632843,https://www.foxtons.co.uk/flats-for-sale/london?page=26,2025-06-13 21:12:18,26
https://www.foxtons.co.uk/properties-for-sale/se17/chpk4632863,https://www.foxtons.co.uk/flats-for-sale/london?page=2,2025-06-13 21:10:05,2
https://www.foxtons.co.uk/properties-for-sale/se17/chpk4641757,https://www.foxtons.co.uk/flats-for-sale/london?page=22,2025-06-13 21:11:56,22
https://www.foxtons.co.uk/properties-for-sale/se17/chpk4656404,https://www.foxtons.co.uk/flats-for-sale/london?page=24,2025-06-13 21:12:07,24
https://www.foxtons.co.uk/properties-for-sale/se17/chpk4656471,https://www.foxtons.co.uk/flats-for-sale/london?page=12,2025-06-13 21:11:01,12
https://www.foxtons.co.uk/properties-for-sale/se17/chpk4656522,https://www.foxtons.co.uk/flats-for-sale/london?page=3,2025-06-13 21:10:10,3
https://www.foxtons.co.uk/properties-for-sale/se17/chpk4656537,https://www.foxtons.co.uk/flats-for-sale/london?page=3,2025-06-13 21:10:10,3
https://www.foxtons.co.uk/properties-for-sale/se17/chpk4891810,https://www.foxtons.co.uk/flats-for-sale/london?page=22,2025-06-13 21:11:56,22
https://www.foxtons.co.uk/properties-for-sale/se17/chpk4911953,https://www.foxtons.co.uk/flats-for-sale/london?page=28,2025-06-13 21:12:29,28
https://www.foxtons.co.uk/properties-for-sale/se17/chpk4911965,https://www.foxtons.co.uk/flats-for-sale/london?page=15,2025-06-13 21:11:17,15
https://www.foxtons.co.uk/properties-for-sale/se17/chpk5101702,https://www.foxtons.co.uk/flats-for-sale/london?page=26,2025-06-13 21:12:18,26
https://www.foxtons.co.uk/properties-for-sale/se17/chpk5102189,https://www.foxtons.co.uk/flats-for-sale/london?page=10,2025-06-13 21:10:50,10
https://www.foxtons.co.uk/properties-for-sale/se17/chpk5114958,https://www.foxtons.co.uk/flats-for-sale/london?page=22,2025-06-13 21:11:56,22
https://www.foxtons.co.uk/properties-for-sale/se17/chpk5135783,https://www.foxtons.co.uk/flats-for-sale/london?page=6,2025-06-13 21:10:28,6
https://www.foxtons.co.uk/properties-for-sale/se17/chpk5149942,https://www.foxtons.co.uk/flats-for-sale/london?page=22,2025-06-13 21:11:56,22
https://www.foxtons.co.uk/properties-for-sale/se17/chpk5222262,https://www.foxtons.co.uk/flats-for-sale/london?page=30,2025-06-13 21:12:40,30
https://www.foxtons.co.uk/properties-for-sale/se17/chpk5222361,https://www.foxtons.co.uk/flats-for-sale/london?page=17,2025-06-13 21:11:29,17
https://www.foxtons.co.uk/properties-for-sale/se17/chpk5222403,https://www.foxtons.co.uk/flats-for-sale/london?page=22,2025-06-13 21:11:56,22
https://www.foxtons.co.uk/properties-for-sale/se17/chpk5226864,https://www.foxtons.co.uk/flats-for-sale/london?page=22,2025-06-13 21:11:56,22
https://www.foxtons.co.uk/properties-for-sale/se17/elca5263143,https://www.foxtons.co.uk/flats-for-sale/london?page=12,2025-06-13 21:11:01,12
https://www.foxtons.co.uk/properties-for-sale/se17/ptny5251168,https://www.foxtons.co.uk/flats-for-sale/london?page=38,2025-06-13 21:13:26,38
https://www.foxtons.co.uk/properties-for-sale/se18/chpk0709809,https://www.foxtons.co.uk/flats-for-sale/london?page=14,2025-06-13 21:11:12,14
https://www.foxtons.co.uk/properties-for-sale/se18/chpk0712722,https://www.foxtons.co.uk/flats-for-sale/london?page=50,2025-06-13 21:15:33,50
https://www.foxtons.co.uk/properties-for-sale/se18/chpk0713540,https://www.foxtons.co.uk/flats-for-sale/london?page=53,2025-06-13 21:17:34,53
https://www.foxtons.co.uk/properties-for-sale/se18/chpk0716913,https://www.foxtons.co.uk/flats-for-sale/london?page=39,2025-06-13 21:13:32,39
https://www.foxtons.co.uk/properties-for-sale/se18/chpk0719044,https://www.foxtons.co.uk/flats-for-sale/london?page=42,2025-06-13 21:13:48,42
https://www.foxtons.co.uk/properties-for-sale/se18/chpk0720419,https://www.foxtons.co.uk/flats-for-sale/london?page=25,2025-06-13 21:12:13,25
https://www.foxtons.co.uk/properties-for-sale/se18/chpk0720585,https://www.foxtons.co.uk/flats-for-sale/london?page=27,2025-06-13 21:12:24,27
https://www.foxtons.co.uk/properties-for-sale/se18/chpk0720762,https://www.foxtons.co.uk/flats-for-sale/london?page=53,2025-06-13 21:17:34,53
https://www.foxtons.co.uk/properties-for-sale/se18/chpk0720863,https://www.foxtons.co.uk/flats-for-sale/london?page=54,2025-06-13 21:17:43,54
https://www.foxtons.co.uk/properties-for-sale/se18/chpk0722068,https://www.foxtons.co.uk/houses-for-sale/london?page=13,2025-06-13 21:09:51,13
https://www.foxtons.co.uk/properties-for-sale/se18/chpk0725028,https://www.foxtons.co.uk/flats-for-sale/london?page=52,2025-06-13 21:17:29,52
https://www.foxtons.co.uk/properties-for-sale/se18/chpk0725105,https://www.foxtons.co.uk/flats-for-sale/london?page=46,2025-06-13 21:14:10,46
https://www.foxtons.co.uk/properties-for-sale/se18/chpk0725155,https://www.foxtons.co.uk/flats-for-sale/london?page=35,2025-06-13 21:13:07,35
https://www.foxtons.co.uk/properties-for-sale/se18/chpk0725338,https://www.foxtons.co.uk/flats-for-sale/london?page=30,2025-06-13 21:12:40,30
https://www.foxtons.co.uk/properties-for-sale/se18/chpk0725380,https://www.foxtons.co.uk/flats-for-sale/london?page=44,2025-06-13 21:13:59,44
https://www.foxtons.co.uk/properties-for-sale/se18/chpk0725554,https://www.foxtons.co.uk/houses-for-sale/london?page=11,2025-06-13 21:09:41,11
https://www.foxtons.co.uk/properties-for-sale/se18/chpk0725656,https://www.foxtons.co.uk/flats-for-sale/london?page=54,2025-06-13 21:17:43,54
https://www.foxtons.co.uk/properties-for-sale/se18/chpk0726369,https://www.foxtons.co.uk/flats-for-sale/london?page=53,2025-06-13 21:17:34,53
https://www.foxtons.co.uk/properties-for-sale/se18/chpk0727088,https://www.foxtons.co.uk/properties-for-sale/london?page=21,2025-06-13 21:20:15,21
https://www.foxtons.co.uk/properties-for-sale/se18/chpk0729402,https://www.foxtons.co.uk/houses-for-sale/london?page=9,2025-06-13 21:07:22,9
https://www.foxtons.co.uk/properties-for-sale/se18/chpk0733579,https://www.foxtons.co.uk/flats-for-sale/london?page=52,2025-06-13 21:17:29,52
https://www.foxtons.co.uk/properties-for-sale/se18/chpk0749406,https://www.foxtons.co.uk/flats-for-sale/london?page=52,2025-06-13 21:17:29,52
https://www.foxtons.co.uk/properties-for-sale/se18/chpk0752551,https://www.foxtons.co.uk/properties-for-sale/woolwich?page=1,2025-06-14 00:30:18,1
https://www.foxtons.co.uk/properties-for-sale/se18/chpk0756252,https://www.foxtons.co.uk/properties-for-sale/london?page=21,2025-06-13 21:20:15,21
https://www.foxtons.co.uk/properties-for-sale/se18/chpk3633436,https://www.foxtons.co.uk/flats-for-sale/london?page=39,2025-06-13 21:13:32,39
https://www.foxtons.co.uk/properties-for-sale/se18/chpk3660764,https://www.foxtons.co.uk/properties-for-sale/woolwich?page=2,2025-06-14 00:30:23,2
https://www.foxtons.co.uk/properties-for-sale/se18/chpk3678392,https://www.foxtons.co.uk/flats-for-sale/london?page=41,2025-06-13 21:13:43,41
https://www.foxtons.co.uk/properties-for-sale/se18/chpk3678394,https://www.foxtons.co.uk/flats-for-sale/london?page=41,2025-06-13 21:13:43,41
https://www.foxtons.co.uk/properties-for-sale/se18/chpk3679391,https://www.foxtons.co.uk/flats-for-sale/london?page=24,2025-06-13 21:12:07,24
https://www.foxtons.co.uk/properties-for-sale/se18/chpk3681895,https://www.foxtons.co.uk/flats-for-sale/london?page=30,2025-06-13 21:12:40,30
https://www.foxtons.co.uk/properties-for-sale/se18/chpk3681918,https://www.foxtons.co.uk/flats-for-sale/london?page=31,2025-06-13 21:12:46,31
https://www.foxtons.co.uk/properties-for-sale/se18/chpk3682161,https://www.foxtons.co.uk/flats-for-sale/london?page=16,2025-06-13 21:11:23,16
https://www.foxtons.co.uk/properties-for-sale/se18/chpk3682192,https://www.foxtons.co.uk/flats-for-sale/london?page=22,2025-06-13 21:11:56,22
https://www.foxtons.co.uk/properties-for-sale/se18/chpk3844918,https://www.foxtons.co.uk/flats-for-sale/london?page=43,2025-06-13 21:13:54,43
https://www.foxtons.co.uk/properties-for-sale/se18/chpk3850526,https://www.foxtons.co.uk/flats-for-sale/london?page=54,2025-06-13 21:17:43,54
https://www.foxtons.co.uk/properties-for-sale/se18/chpk4062546,https://www.foxtons.co.uk/flats-for-sale/london?page=45,2025-06-13 21:14:05,45
https://www.foxtons.co.uk/properties-for-sale/se18/chpk4062563,https://www.foxtons.co.uk/flats-for-sale/london?page=45,2025-06-13 21:14:05,45
https://www.foxtons.co.uk/properties-for-sale/se18/chpk4067784,https://www.foxtons.co.uk/flats-for-sale/london?page=36,2025-06-13 21:13:15,36
https://www.foxtons.co.uk/properties-for-sale/se18/chpk4067785,https://www.foxtons.co.uk/flats-for-sale/london?page=31,2025-06-13 21:12:46,31
https://www.foxtons.co.uk/properties-for-sale/se18/chpk4067857,https://www.foxtons.co.uk/flats-for-sale/london?page=28,2025-06-13 21:12:29,28
https://www.foxtons.co.uk/properties-for-sale/se18/chpk4115526,https://www.foxtons.co.uk/flats-for-sale/london?page=41,2025-06-13 21:13:43,41
https://www.foxtons.co.uk/properties-for-sale/se18/chpk4115547,https://www.foxtons.co.uk/flats-for-sale/london?page=45,2025-06-13 21:14:05,45
https://www.foxtons.co.uk/properties-for-sale/se18/chpk4115576,https://www.foxtons.co.uk/flats-for-sale/london?page=28,2025-06-13 21:12:29,28
https://www.foxtons.co.uk/properties-for-sale/se18/chpk4117374,https://www.foxtons.co.uk/flats-for-sale/london?page=45,2025-06-13 21:14:05,45
https://www.foxtons.co.uk/properties-for-sale/se18/chpk4117382,https://www.foxtons.co.uk/flats-for-sale/london?page=48,2025-06-13 21:14:37,48
https://www.foxtons.co.uk/properties-for-sale/se18/chpk4117387,https://www.foxtons.co.uk/flats-for-sale/london?page=48,2025-06-13 21:14:37,48
https://www.foxtons.co.uk/properties-for-sale/se18/chpk4327991,https://www.foxtons.co.uk/flats-for-sale/london?page=14,2025-06-13 21:11:12,14
https://www.foxtons.co.uk/properties-for-sale/se18/chpk4356977,https://www.foxtons.co.uk/flats-for-sale/london?page=33,2025-06-13 21:12:57,33
https://www.foxtons.co.uk/properties-for-sale/se18/chpk4551744,https://www.foxtons.co.uk/flats-for-sale/london?page=18,2025-06-13 21:11:34,18
https://www.foxtons.co.uk/properties-for-sale/se18/chpk4551769,https://www.foxtons.co.uk/flats-for-sale/london?page=25,2025-06-13 21:12:13,25
https://www.foxtons.co.uk/properties-for-sale/se18/chpk4551790,https://www.foxtons.co.uk/flats-for-sale/london?page=28,2025-06-13 21:12:29,28
https://www.foxtons.co.uk/properties-for-sale/se18/chpk4551792,https://www.foxtons.co.uk/flats-for-sale/london?page=16,2025-06-13 21:11:23,16
https://www.foxtons.co.uk/properties-for-sale/se18/chpk4551943,https://www.foxtons.co.uk/flats-for-sale/london?page=13,2025-06-13 21:11:07,13
https://www.foxtons.co.uk/properties-for-sale/se18/chpk4570172,https://www.foxtons.co.uk/properties-for-sale/woolwich?page=2,2025-06-14 00:30:23,2
https://www.foxtons.co.uk/properties-for-sale/se18/chpk4573565,https://www.foxtons.co.uk/flats-for-sale/london?page=28,2025-06-13 21:12:29,28
https://www.foxtons.co.uk/properties-for-sale/se18/chpk4573620,https://www.foxtons.co.uk/flats-for-sale/london?page=38,2025-06-13 21:13:26,38
https://www.foxtons.co.uk/properties-for-sale/se18/chpk4573651,https://www.foxtons.co.uk/flats-for-sale/london?page=38,2025-06-13 21:13:26,38
https://www.foxtons.co.uk/properties-for-sale/se18/chpk4573664,https://www.foxtons.co.uk/flats-for-sale/london?page=41,2025-06-13 21:13:43,41
https://www.foxtons.co.uk/properties-for-sale/se18/chpk4615274,https://www.foxtons.co.uk/flats-for-sale/london?page=50,2025-06-13 21:15:33,50
https://www.foxtons.co.uk/properties-for-sale/se18/chpk4615329,https://www.foxtons.co.uk/houses-for-sale/london?page=12,2025-06-13 21:09:46,12
https://www.foxtons.co.uk/properties-for-sale/se18/chpk4627526,https://www.foxtons.co.uk/flats-for-sale/london?page=33,2025-06-13 21:12:57,33
https://www.foxtons.co.uk/properties-for-sale/se18/chpk4628487,https://www.foxtons.co.uk/flats-for-sale/london?page=18,2025-06-13 21:11:34,18
https://www.foxtons.co.uk/properties-for-sale/se18/chpk4628504,https://www.foxtons.co.uk/flats-for-sale/london?page=20,2025-06-13 21:11:45,20
https://www.foxtons.co.uk/properties-for-sale/se18/chpk4628546,https://www.foxtons.co.uk/flats-for-sale/london?page=26,2025-06-13 21:12:18,26
https://www.foxtons.co.uk/properties-for-sale/se18/chpk4628603,https://www.foxtons.co.uk/flats-for-sale/london?page=17,2025-06-13 21:11:29,17
https://www.foxtons.co.uk/properties-for-sale/se18/chpk4628618,https://www.foxtons.co.uk/flats-for-sale/london?page=15,2025-06-13 21:11:17,15
https://www.foxtons.co.uk/properties-for-sale/se18/chpk4663511,https://www.foxtons.co.uk/flats-for-sale/london?page=35,2025-06-13 21:13:07,35
https://www.foxtons.co.uk/properties-for-sale/se18/chpk4663521,https://www.foxtons.co.uk/flats-for-sale/london?page=22,2025-06-13 21:11:56,22
https://www.foxtons.co.uk/properties-for-sale/se18/chpk4663529,https://www.foxtons.co.uk/flats-for-sale/london?page=20,2025-06-13 21:11:45,20
https://www.foxtons.co.uk/properties-for-sale/se18/chpk4663539,https://www.foxtons.co.uk/flats-for-sale/london?page=18,2025-06-13 21:11:34,18
https://www.foxtons.co.uk/properties-for-sale/se18/chpk4692962,https://www.foxtons.co.uk/flats-for-sale/london?page=30,2025-06-13 21:12:40,30
https://www.foxtons.co.uk/properties-for-sale/se18/chpk4694938,https://www.foxtons.co.uk/flats-for-sale/london?page=20,2025-06-13 21:11:45,20
https://www.foxtons.co.uk/properties-for-sale/se18/chpk4741099,https://www.foxtons.co.uk/flats-for-sale/london?page=20,2025-06-13 21:11:45,20
https://www.foxtons.co.uk/properties-for-sale/se18/chpk4799003,https://www.foxtons.co.uk/flats-for-sale/london?page=24,2025-06-13 21:12:07,24
https://www.foxtons.co.uk/properties-for-sale/se18/chpk4871856,https://www.foxtons.co.uk/flats-for-sale/london?page=33,2025-06-13 21:12:57,33
https://www.foxtons.co.uk/properties-for-sale/se18/chpk4878563,https://www.foxtons.co.uk/flats-for-sale/london?page=38,2025-06-13 21:13:26,38
https://www.foxtons.co.uk/properties-for-sale/se18/chpk4886934,https://www.foxtons.co.uk/flats-for-sale/london?page=41,2025-06-13 21:13:43,41
https://www.foxtons.co.uk/properties-for-sale/se18/chpk4927851,https://www.foxtons.co.uk/flats-for-sale/london?page=36,2025-06-13 21:13:15,36
https://www.foxtons.co.uk/properties-for-sale/se18/chpk5051124,https://www.foxtons.co.uk/flats-for-sale/london?page=39,2025-06-13 21:13:32,39
https://www.foxtons.co.uk/properties-for-sale/se18/chpk5051143,https://www.foxtons.co.uk/flats-for-sale/london?page=30,2025-06-13 21:12:40,30
https://www.foxtons.co.uk/properties-for-sale/se18/chpk5051811,https://www.foxtons.co.uk/flats-for-sale/london?page=28,2025-06-13 21:12:29,28
https://www.foxtons.co.uk/properties-for-sale/se18/chpk5051832,https://www.foxtons.co.uk/flats-for-sale/london?page=42,2025-06-13 21:13:48,42
https://www.foxtons.co.uk/properties-for-sale/se18/chpk5219915,https://www.foxtons.co.uk/flats-for-sale/london?page=7,2025-06-13 21:10:34,7
https://www.foxtons.co.uk/properties-for-sale/se18/chpk5915238,https://www.foxtons.co.uk/flats-for-sale/london?page=44,2025-06-13 21:13:59,44
https://www.foxtons.co.uk/properties-for-sale/se18/nwca0308128,https://www.foxtons.co.uk/flats-for-sale/london?page=11,2025-06-13 21:10:56,11
https://www.foxtons.co.uk/properties-for-sale/se18/nwca3394441,https://www.foxtons.co.uk/flats-for-sale/london?page=25,2025-06-13 21:12:13,25
https://www.foxtons.co.uk/properties-for-sale/se18/nwca6198645,https://www.foxtons.co.uk/houses-for-sale/london?page=6,2025-06-13 21:06:25,6
https://www.foxtons.co.uk/properties-for-sale/se18/nwhm4648876,https://www.foxtons.co.uk/flats-for-sale/london?page=38,2025-06-13 21:13:26,38
https://www.foxtons.co.uk/properties-for-sale/se18/nwhm4648877,https://www.foxtons.co.uk/flats-for-sale/london?page=39,2025-06-13 21:13:32,39
https://www.foxtons.co.uk/properties-for-sale/se18/nwhm4659669,https://www.foxtons.co.uk/flats-for-sale/london?page=42,2025-06-13 21:13:48,42
https://www.foxtons.co.uk/properties-for-sale/se19/chpk0698305,https://www.foxtons.co.uk/houses-for-sale/london?page=3,2025-06-13 21:05:38,3
https://www.foxtons.co.uk/properties-for-sale/se19/chpk0699980,https://www.foxtons.co.uk/flats-for-sale/london?page=8,2025-06-13 21:10:39,8
https://www.foxtons.co.uk/properties-for-sale/se19/chpk0701632,https://www.foxtons.co.uk/houses-for-sale/london?page=2,2025-06-13 21:05:20,2
https://www.foxtons.co.uk/properties-for-sale/se19/chpk0705413,https://www.foxtons.co.uk/flats-for-sale/london?page=53,2025-06-13 21:17:34,53
https://www.foxtons.co.uk/properties-for-sale/se19/chpk0707903,https://www.foxtons.co.uk/flats-for-sale/london?page=16,2025-06-13 21:11:23,16
https://www.foxtons.co.uk/properties-for-sale/se19/chpk0708903,https://www.foxtons.co.uk/flats-for-sale/london?page=41,2025-06-13 21:13:43,41
https://www.foxtons.co.uk/properties-for-sale/se19/chpk0709122,https://www.foxtons.co.uk/houses-for-sale/london?page=3,2025-06-13 21:05:38,3
https://www.foxtons.co.uk/properties-for-sale/se19/chpk0709125,https://www.foxtons.co.uk/properties-for-sale/london?page=8,2025-06-13 21:18:39,8
https://www.foxtons.co.uk/properties-for-sale/se19/chpk0712358,https://www.foxtons.co.uk/flats-for-sale/london?page=54,2025-06-13 21:17:43,54
https://www.foxtons.co.uk/properties-for-sale/se19/chpk0712516,https://www.foxtons.co.uk/houses-for-sale/london?page=12,2025-06-13 21:09:46,12
https://www.foxtons.co.uk/properties-for-sale/se19/chpk0712587,https://www.foxtons.co.uk/flats-for-sale/london?page=47,2025-06-13 21:14:29,47
https://www.foxtons.co.uk/properties-for-sale/se19/chpk0712592,https://www.foxtons.co.uk/properties-for-sale/crystal-palace?page=1,2025-06-13 22:59:56,1
https://www.foxtons.co.uk/properties-for-sale/se19/chpk0714109,https://www.foxtons.co.uk/houses-for-sale/london?page=3,2025-06-13 21:05:38,3
https://www.foxtons.co.uk/properties-for-sale/se19/chpk0716090,https://www.foxtons.co.uk/properties-for-sale/crystal-palace?page=1,2025-06-13 22:59:56,1
https://www.foxtons.co.uk/properties-for-sale/se19/chpk0719970,https://www.foxtons.co.uk/flats-for-sale/london?page=35,2025-06-13 21:13:07,35
https://www.foxtons.co.uk/properties-for-sale/se19/chpk0721206,https://www.foxtons.co.uk/flats-for-sale/london?page=54,2025-06-13 21:17:43,54
https://www.foxtons.co.uk/properties-for-sale/se19/chpk0724696,https://www.foxtons.co.uk/flats-for-sale/london?page=53,2025-06-13 21:17:34,53
https://www.foxtons.co.uk/properties-for-sale/se19/chpk0728143,https://www.foxtons.co.uk/houses-for-sale/london?page=3,2025-06-13 21:05:38,3
https://www.foxtons.co.uk/properties-for-sale/se19/chpk1209560,https://www.foxtons.co.uk/flats-for-sale/london?page=32,2025-06-13 21:12:51,32
https://www.foxtons.co.uk/properties-for-sale/se19/chpk1850547,https://www.foxtons.co.uk/flats-for-sale/london?page=23,2025-06-13 21:12:01,23
https://www.foxtons.co.uk/properties-for-sale/se19/chpk1857903,https://www.foxtons.co.uk/flats-for-sale/london?page=47,2025-06-13 21:14:29,47
https://www.foxtons.co.uk/properties-for-sale/se19/chpk3409302,https://www.foxtons.co.uk/flats-for-sale/london?page=22,2025-06-13 21:11:56,22
https://www.foxtons.co.uk/properties-for-sale/se19/chpk3873637,https://www.foxtons.co.uk/flats-for-sale/london?page=29,2025-06-13 21:12:35,29
https://www.foxtons.co.uk/properties-for-sale/se19/chpk5147402,https://www.foxtons.co.uk/houses-for-sale/london?page=9,2025-06-13 21:07:22,9
https://www.foxtons.co.uk/properties-for-sale/se19/nwhm4123054,https://www.foxtons.co.uk/flats-for-sale/london?page=47,2025-06-13 21:14:29,47
https://www.foxtons.co.uk/properties-for-sale/se19/nwhm4346097,https://www.foxtons.co.uk/flats-for-sale/london?page=18,2025-06-13 21:11:34,18
https://www.foxtons.co.uk/properties-for-sale/se19/nwhm4346098,https://www.foxtons.co.uk/flats-for-sale/london?page=17,2025-06-13 21:11:29,17
https://www.foxtons.co.uk/properties-for-sale/se19/nwhm4346099,https://www.foxtons.co.uk/flats-for-sale/london?page=18,2025-06-13 21:11:34,18
https://www.foxtons.co.uk/properties-for-sale/se19/nwhm4346100,https://www.foxtons.co.uk/flats-for-sale/london?page=17,2025-06-13 21:11:29,17
https://www.foxtons.co.uk/properties-for-sale/se19/nwhm4346101,https://www.foxtons.co.uk/flats-for-sale/london?page=8,2025-06-13 21:10:39,8
https://www.foxtons.co.uk/properties-for-sale/se19/ptny5218404,https://www.foxtons.co.uk/flats-for-sale/london?page=28,2025-06-13 21:12:29,28
https://www.foxtons.co.uk/properties-for-sale/se20/chpk1190896,https://www.foxtons.co.uk/flats-for-sale/london?page=52,2025-06-13 21:17:29,52
https://www.foxtons.co.uk/properties-for-sale/se20/chpk1203334,https://www.foxtons.co.uk/flats-for-sale/london?page=52,2025-06-13 21:17:29,52
https://www.foxtons.co.uk/properties-for-sale/se20/chpk1258999,https://www.foxtons.co.uk/properties-for-sale/croydon?page=1,2025-06-13 22:57:24,1
https://www.foxtons.co.uk/properties-for-sale/se20/chpk1541335,https://www.foxtons.co.uk/flats-for-sale/london?page=53,2025-06-13 21:17:34,53
https://www.foxtons.co.uk/properties-for-sale/se20/chpk1675385,https://www.foxtons.co.uk/flats-for-sale/london?page=54,2025-06-13 21:17:43,54
https://www.foxtons.co.uk/properties-for-sale/se20/chpk1792072,https://www.foxtons.co.uk/flats-for-sale/london?page=53,2025-06-13 21:17:34,53
https://www.foxtons.co.uk/properties-for-sale/se20/chpk1846455,https://www.foxtons.co.uk/flats-for-sale/london?page=39,2025-06-13 21:13:32,39
https://www.foxtons.co.uk/properties-for-sale/se20/chpk1970628,https://www.foxtons.co.uk/houses-for-sale/london?page=6,2025-06-13 21:06:25,6
https://www.foxtons.co.uk/properties-for-sale/se20/chpk2177750,https://www.foxtons.co.uk/flats-for-sale/london?page=48,2025-06-13 21:14:37,48
https://www.foxtons.co.uk/properties-for-sale/se20/chpk2180726,https://www.foxtons.co.uk/flats-for-sale/london?page=48,2025-06-13 21:14:37,48
https://www.foxtons.co.uk/properties-for-sale/se20/chpk4117478,https://www.foxtons.co.uk/flats-for-sale/london?page=50,2025-06-13 21:15:33,50
https://www.foxtons.co.uk/properties-for-sale/se20/chpk4662203,https://www.foxtons.co.uk/flats-for-sale/london?page=48,2025-06-13 21:14:37,48
https://www.foxtons.co.uk/properties-for-sale/se20/chpk5077102,https://www.foxtons.co.uk/flats-for-sale/london?page=35,2025-06-13 21:13:07,35
https://www.foxtons.co.uk/properties-for-sale/se20/chpk5902997,https://www.foxtons.co.uk/houses-for-sale/london?page=6,2025-06-13 21:06:25,6
https://www.foxtons.co.uk/properties-for-sale/se21/chpk0689843,https://www.foxtons.co.uk/properties-for-sale/dulwich?page=1,2025-06-13 23:01:57,1
https://www.foxtons.co.uk/properties-for-sale/se21/chpk0698697,https://www.foxtons.co.uk/flats-for-sale/london?page=32,2025-06-13 21:12:51,32
https://www.foxtons.co.uk/properties-for-sale/se21/chpk0711110,https://www.foxtons.co.uk/flats-for-sale/london?page=41,2025-06-13 21:13:43,41
https://www.foxtons.co.uk/properties-for-sale/se21/chpk0718048,https://www.foxtons.co.uk/houses-for-sale/london?page=2,2025-06-13 21:05:20,2
https://www.foxtons.co.uk/properties-for-sale/se22/batt4123023,https://www.foxtons.co.uk/properties-for-sale/dulwich?page=1,2025-06-13 23:01:57,1
https://www.foxtons.co.uk/properties-for-sale/se22/chpk0321578,https://www.foxtons.co.uk/properties-for-sale/dulwich?page=1,2025-06-13 23:01:57,1
https://www.foxtons.co.uk/properties-for-sale/se22/chpk0323738,https://www.foxtons.co.uk/flats-for-sale/london?page=11,2025-06-13 21:10:56,11
https://www.foxtons.co.uk/properties-for-sale/se22/chpk0339679,https://www.foxtons.co.uk/flats-for-sale/london?page=44,2025-06-13 21:13:59,44
https://www.foxtons.co.uk/properties-for-sale/se22/chpk0347808,https://www.foxtons.co.uk/flats-for-sale/london?page=16,2025-06-13 21:11:23,16
https://www.foxtons.co.uk/properties-for-sale/se22/chpk0681361,https://www.foxtons.co.uk/flats-for-sale/london?page=37,2025-06-13 21:13:20,37
https://www.foxtons.co.uk/properties-for-sale/se22/chpk0691993,https://www.foxtons.co.uk/houses-for-sale/london?page=5,2025-06-13 21:06:19,5
https://www.foxtons.co.uk/properties-for-sale/se22/chpk0692033,https://www.foxtons.co.uk/properties-for-sale/london?page=8,2025-06-13 21:18:39,8
https://www.foxtons.co.uk/properties-for-sale/se22/chpk0694080,https://www.foxtons.co.uk/flats-for-sale/london?page=18,2025-06-13 21:11:34,18
https://www.foxtons.co.uk/properties-for-sale/se22/chpk0694929,https://www.foxtons.co.uk/flats-for-sale/london?page=41,2025-06-13 21:13:43,41
https://www.foxtons.co.uk/properties-for-sale/se22/chpk0695962,https://www.foxtons.co.uk/houses-for-sale/london?page=3,2025-06-13 21:05:38,3
https://www.foxtons.co.uk/properties-for-sale/se22/chpk0698916,https://www.foxtons.co.uk/properties-for-sale/dulwich?page=1,2025-06-13 23:01:57,1
https://www.foxtons.co.uk/properties-for-sale/se22/chpk0702271,https://www.foxtons.co.uk/flats-for-sale/london?page=23,2025-06-13 21:12:01,23
https://www.foxtons.co.uk/properties-for-sale/se22/chpk0703639,https://www.foxtons.co.uk/houses-for-sale/london?page=5,2025-06-13 21:06:19,5
https://www.foxtons.co.uk/properties-for-sale/se22/chpk1131310,https://www.foxtons.co.uk/flats-for-sale/london?page=14,2025-06-13 21:11:12,14
https://www.foxtons.co.uk/properties-for-sale/se22/chpk1379320,https://www.foxtons.co.uk/properties-for-sale/london?page=7,2025-06-13 21:18:33,7
https://www.foxtons.co.uk/properties-for-sale/se22/chpk1413919,https://www.foxtons.co.uk/flats-for-sale/london?page=32,2025-06-13 21:12:51,32
https://www.foxtons.co.uk/properties-for-sale/se22/chpk1599404,https://www.foxtons.co.uk/flats-for-sale/london?page=32,2025-06-13 21:12:51,32
https://www.foxtons.co.uk/properties-for-sale/se22/chpk3646685,https://www.foxtons.co.uk/flats-for-sale/london?page=28,2025-06-13 21:12:29,28
https://www.foxtons.co.uk/properties-for-sale/se22/chpk3856564,https://www.foxtons.co.uk/flats-for-sale/london?page=43,2025-06-13 21:13:54,43
https://www.foxtons.co.uk/properties-for-sale/se22/chpk4623069,https://www.foxtons.co.uk/flats-for-sale/london?page=44,2025-06-13 21:13:59,44
https://www.foxtons.co.uk/properties-for-sale/se22/chpk5229924,https://www.foxtons.co.uk/flats-for-sale/london?page=44,2025-06-13 21:13:59,44
https://www.foxtons.co.uk/properties-for-sale/se22/chpk5260251,https://www.foxtons.co.uk/flats-for-sale/london?page=30,2025-06-13 21:12:40,30
https://www.foxtons.co.uk/properties-for-sale/se23/chpk0659251,https://www.foxtons.co.uk/flats-for-sale/london?page=44,2025-06-13 21:13:59,44
https://www.foxtons.co.uk/properties-for-sale/se23/chpk0663447,https://www.foxtons.co.uk/properties-for-sale/dulwich?page=1,2025-06-13 23:01:57,1
https://www.foxtons.co.uk/properties-for-sale/se23/chpk0668669,https://www.foxtons.co.uk/flats-for-sale/london?page=38,2025-06-13 21:13:26,38
https://www.foxtons.co.uk/properties-for-sale/se23/chpk0673547,https://www.foxtons.co.uk/houses-for-sale/london?page=12,2025-06-13 21:09:46,12
https://www.foxtons.co.uk/properties-for-sale/se23/chpk0674984,https://www.foxtons.co.uk/flats-for-sale/london?page=46,2025-06-13 21:14:10,46
https://www.foxtons.co.uk/properties-for-sale/se23/chpk0675849,https://www.foxtons.co.uk/flats-for-sale/london?page=32,2025-06-13 21:12:51,32
https://www.foxtons.co.uk/properties-for-sale/se23/chpk0680066,https://www.foxtons.co.uk/houses-for-sale/london?page=2,2025-06-13 21:05:20,2
https://www.foxtons.co.uk/properties-for-sale/se23/chpk0681560,https://www.foxtons.co.uk/flats-for-sale/london?page=14,2025-06-13 21:11:12,14
https://www.foxtons.co.uk/properties-for-sale/se23/chpk0681874,https://www.foxtons.co.uk/houses-for-sale/london?page=11,2025-06-13 21:09:41,11
https://www.foxtons.co.uk/properties-for-sale/se23/chpk0682918,https://www.foxtons.co.uk/flats-for-sale/london?page=37,2025-06-13 21:13:20,37
https://www.foxtons.co.uk/properties-for-sale/se23/chpk0690744,https://www.foxtons.co.uk/flats-for-sale/london?page=52,2025-06-13 21:17:29,52
https://www.foxtons.co.uk/properties-for-sale/se23/chpk1135548,https://www.foxtons.co.uk/flats-for-sale/london?page=41,2025-06-13 21:13:43,41
https://www.foxtons.co.uk/properties-for-sale/se23/chpk1145831,https://www.foxtons.co.uk/flats-for-sale/london?page=34,2025-06-13 21:13:02,34
https://www.foxtons.co.uk/properties-for-sale/se23/chpk3389021,https://www.foxtons.co.uk/flats-for-sale/london?page=19,2025-06-13 21:11:39,19
https://www.foxtons.co.uk/properties-for-sale/se23/chpk5142877,https://www.foxtons.co.uk/flats-for-sale/london?page=30,2025-06-13 21:12:40,30
https://www.foxtons.co.uk/properties-for-sale/se23/nwhm0367174,https://www.foxtons.co.uk/flats-for-sale/london?page=21,2025-06-13 21:11:50,21
https://www.foxtons.co.uk/properties-for-sale/se24/chpk0320713,https://www.foxtons.co.uk/flats-for-sale/london?page=19,2025-06-13 21:11:39,19
https://www.foxtons.co.uk/properties-for-sale/se24/chpk0679548,https://www.foxtons.co.uk/houses-for-sale/london?page=11,2025-06-13 21:09:41,11
https://www.foxtons.co.uk/properties-for-sale/se24/chpk0686023,https://www.foxtons.co.uk/flats-for-sale/london?page=16,2025-06-13 21:11:23,16
https://www.foxtons.co.uk/properties-for-sale/se24/chpk5272336,https://www.foxtons.co.uk/properties-for-sale/brixton?page=1,2025-06-13 22:29:16,1
https://www.foxtons.co.uk/properties-for-sale/se24/nwca5272782,https://www.foxtons.co.uk/houses-for-sale/london?page=3,2025-06-13 21:05:38,3
https://www.foxtons.co.uk/properties-for-sale/se25/chpk1156528,https://www.foxtons.co.uk/flats-for-sale/london?page=41,2025-06-13 21:13:43,41
https://www.foxtons.co.uk/properties-for-sale/se25/chpk1175318,https://www.foxtons.co.uk/flats-for-sale/london?page=52,2025-06-13 21:17:29,52
https://www.foxtons.co.uk/properties-for-sale/se25/chpk1178316,https://www.foxtons.co.uk/properties-for-sale/croydon?page=1,2025-06-13 22:57:24,1
https://www.foxtons.co.uk/properties-for-sale/se25/chpk1209406,https://www.foxtons.co.uk/properties-for-sale/croydon?page=1,2025-06-13 22:57:24,1
https://www.foxtons.co.uk/properties-for-sale/se25/chpk1219426,https://www.foxtons.co.uk/flats-for-sale/london?page=50,2025-06-13 21:15:33,50
https://www.foxtons.co.uk/properties-for-sale/se25/chpk1248688,https://www.foxtons.co.uk/flats-for-sale/london?page=55,2025-06-13 21:17:48,55
https://www.foxtons.co.uk/properties-for-sale/se25/chpk1262289,https://www.foxtons.co.uk/flats-for-sale/london?page=53,2025-06-13 21:17:34,53
https://www.foxtons.co.uk/properties-for-sale/se25/chpk1266272,https://www.foxtons.co.uk/flats-for-sale/london?page=54,2025-06-13 21:17:43,54
https://www.foxtons.co.uk/properties-for-sale/se25/chpk1289944,https://www.foxtons.co.uk/flats-for-sale/london?page=52,2025-06-13 21:17:29,52
https://www.foxtons.co.uk/properties-for-sale/se25/chpk1290064,https://www.foxtons.co.uk/flats-for-sale/london?page=54,2025-06-13 21:17:43,54
https://www.foxtons.co.uk/properties-for-sale/se25/chpk1317697,https://www.foxtons.co.uk/properties-for-sale/croydon?page=1,2025-06-13 22:57:24,1
https://www.foxtons.co.uk/properties-for-sale/se25/chpk1331249,https://www.foxtons.co.uk/flats-for-sale/london?page=52,2025-06-13 21:17:29,52
https://www.foxtons.co.uk/properties-for-sale/se25/chpk1427195,https://www.foxtons.co.uk/flats-for-sale/london?page=54,2025-06-13 21:17:43,54
https://www.foxtons.co.uk/properties-for-sale/se25/chpk1449520,https://www.foxtons.co.uk/houses-for-sale/croydon?page=1,2025-06-13 22:57:47,1
https://www.foxtons.co.uk/properties-for-sale/se25/chpk1463688,https://www.foxtons.co.uk/houses-for-sale/london?page=5,2025-06-13 21:06:19,5
https://www.foxtons.co.uk/properties-for-sale/se25/chpk1488146,https://www.foxtons.co.uk/houses-for-sale/london?page=11,2025-06-13 21:09:41,11
https://www.foxtons.co.uk/properties-for-sale/se25/chpk1491749,https://www.foxtons.co.uk/flats-for-sale/london?page=53,2025-06-13 21:17:34,53
https://www.foxtons.co.uk/properties-for-sale/se25/chpk1507689,https://www.foxtons.co.uk/houses-for-sale/london?page=12,2025-06-13 21:09:46,12
https://www.foxtons.co.uk/properties-for-sale/se25/chpk1512765,https://www.foxtons.co.uk/houses-for-sale/croydon?page=1,2025-06-13 22:57:47,1
https://www.foxtons.co.uk/properties-for-sale/se25/chpk1674921,https://www.foxtons.co.uk/houses-for-sale/london?page=5,2025-06-13 21:06:19,5
https://www.foxtons.co.uk/properties-for-sale/se25/chpk1727374,https://www.foxtons.co.uk/houses-for-sale/london?page=11,2025-06-13 21:09:41,11
https://www.foxtons.co.uk/properties-for-sale/se25/chpk1775027,https://www.foxtons.co.uk/houses-for-sale/london?page=13,2025-06-13 21:09:51,13
https://www.foxtons.co.uk/properties-for-sale/se25/chpk1783798,https://www.foxtons.co.uk/houses-for-sale/london?page=12,2025-06-13 21:09:46,12
https://www.foxtons.co.uk/properties-for-sale/se25/chpk1854254,https://www.foxtons.co.uk/flats-for-sale/london?page=52,2025-06-13 21:17:29,52
https://www.foxtons.co.uk/properties-for-sale/se25/chpk1875314,https://www.foxtons.co.uk/properties-for-sale/crystal-palace?page=1,2025-06-13 22:59:56,1
https://www.foxtons.co.uk/properties-for-sale/se25/chpk1884616,https://www.foxtons.co.uk/houses-for-sale/london?page=6,2025-06-13 21:06:25,6
https://www.foxtons.co.uk/properties-for-sale/se25/chpk1906517,https://www.foxtons.co.uk/houses-for-sale/london?page=13,2025-06-13 21:09:51,13
https://www.foxtons.co.uk/properties-for-sale/se25/chpk1927713,https://www.foxtons.co.uk/properties-for-sale/crystal-palace?page=1,2025-06-13 22:59:56,1
https://www.foxtons.co.uk/properties-for-sale/se25/chpk1959583,https://www.foxtons.co.uk/properties-for-sale/london?page=20,2025-06-13 21:20:09,20
https://www.foxtons.co.uk/properties-for-sale/se25/chpk2019519,https://www.foxtons.co.uk/flats-for-sale/london?page=47,2025-06-13 21:14:29,47
https://www.foxtons.co.uk/properties-for-sale/se25/chpk2029698,https://www.foxtons.co.uk/flats-for-sale/london?page=34,2025-06-13 21:13:02,34
https://www.foxtons.co.uk/properties-for-sale/se25/chpk2095006,https://www.foxtons.co.uk/houses-for-sale/london?page=13,2025-06-13 21:09:51,13
https://www.foxtons.co.uk/properties-for-sale/se25/chpk2096952,https://www.foxtons.co.uk/houses-for-sale/london?page=13,2025-06-13 21:09:51,13
https://www.foxtons.co.uk/properties-for-sale/se25/chpk2131618,https://www.foxtons.co.uk/houses-for-sale/london?page=6,2025-06-13 21:06:25,6
https://www.foxtons.co.uk/properties-for-sale/se25/chpk4055524,https://www.foxtons.co.uk/flats-for-sale/london?page=45,2025-06-13 21:14:05,45
https://www.foxtons.co.uk/properties-for-sale/se25/chpk4055808,https://www.foxtons.co.uk/flats-for-sale/london?page=45,2025-06-13 21:14:05,45
https://www.foxtons.co.uk/properties-for-sale/se25/chpk4079543,https://www.foxtons.co.uk/flats-for-sale/london?page=39,2025-06-13 21:13:32,39
https://www.foxtons.co.uk/properties-for-sale/se25/chpk4417024,https://www.foxtons.co.uk/flats-for-sale/london?page=31,2025-06-13 21:12:46,31
https://www.foxtons.co.uk/properties-for-sale/se25/chpk4417025,https://www.foxtons.co.uk/flats-for-sale/london?page=48,2025-06-13 21:14:37,48
https://www.foxtons.co.uk/properties-for-sale/se25/chpk5272129,https://www.foxtons.co.uk/flats-for-sale/london?page=54,2025-06-13 21:17:43,54
https://www.foxtons.co.uk/properties-for-sale/se25/chpk5818167,https://www.foxtons.co.uk/flats-for-sale/london?page=50,2025-06-13 21:15:33,50
https://www.foxtons.co.uk/properties-for-sale/se25/nwhm4148296,https://www.foxtons.co.uk/flats-for-sale/london?page=53,2025-06-13 21:17:34,53
https://www.foxtons.co.uk/properties-for-sale/se25/nwhm4148328,https://www.foxtons.co.uk/flats-for-sale/london?page=47,2025-06-13 21:14:29,47
https://www.foxtons.co.uk/properties-for-sale/se26/chpk0654426,https://www.foxtons.co.uk/houses-for-sale/london?page=9,2025-06-13 21:07:22,9
https://www.foxtons.co.uk/properties-for-sale/se26/chpk0660331,https://www.foxtons.co.uk/houses-for-sale/london?page=2,2025-06-13 21:05:20,2
https://www.foxtons.co.uk/properties-for-sale/se26/chpk0667863,https://www.foxtons.co.uk/flats-for-sale/london?page=45,2025-06-13 21:14:05,45
https://www.foxtons.co.uk/properties-for-sale/se26/chpk0671173,https://www.foxtons.co.uk/flats-for-sale/london?page=20,2025-06-13 21:11:45,20
https://www.foxtons.co.uk/properties-for-sale/se26/chpk1248010,https://www.foxtons.co.uk/flats-for-sale/london?page=47,2025-06-13 21:14:29,47
https://www.foxtons.co.uk/properties-for-sale/se26/chpk1248946,https://www.foxtons.co.uk/flats-for-sale/london?page=52,2025-06-13 21:17:29,52
https://www.foxtons.co.uk/properties-for-sale/se26/chpk2130637,https://www.foxtons.co.uk/flats-for-sale/london?page=47,2025-06-13 21:14:29,47
https://www.foxtons.co.uk/properties-for-sale/se26/chpk3469850,https://www.foxtons.co.uk/flats-for-sale/london?page=34,2025-06-13 21:13:02,34
https://www.foxtons.co.uk/properties-for-sale/se26/chpk4064742,https://www.foxtons.co.uk/flats-for-sale/london?page=15,2025-06-13 21:11:17,15
https://www.foxtons.co.uk/properties-for-sale/se26/chpk4644471,https://www.foxtons.co.uk/flats-for-sale/london?page=20,2025-06-13 21:11:45,20
https://www.foxtons.co.uk/properties-for-sale/se26/chpk4661353,https://www.foxtons.co.uk/flats-for-sale/london?page=44,2025-06-13 21:13:59,44
https://www.foxtons.co.uk/properties-for-sale/se26/chpk5077030,https://www.foxtons.co.uk/properties-for-sale/crystal-palace?page=1,2025-06-13 22:59:56,1
https://www.foxtons.co.uk/properties-for-sale/se26/nwca5233347,https://www.foxtons.co.uk/houses-for-sale/london?page=11,2025-06-13 21:09:41,11
https://www.foxtons.co.uk/properties-for-sale/se26/nwca6206129,https://www.foxtons.co.uk/flats-for-sale/london?page=27,2025-06-13 21:12:24,27
https://www.foxtons.co.uk/properties-for-sale/se26/nwca6206134,https://www.foxtons.co.uk/flats-for-sale/london?page=14,2025-06-13 21:11:12,14
https://www.foxtons.co.uk/properties-for-sale/se27/chpk0211213,https://www.foxtons.co.uk/flats-for-sale/london?page=47,2025-06-13 21:14:29,47
https://www.foxtons.co.uk/properties-for-sale/se27/chpk0636088,https://www.foxtons.co.uk/flats-for-sale/london?page=52,2025-06-13 21:17:29,52
https://www.foxtons.co.uk/properties-for-sale/se27/chpk0636136,https://www.foxtons.co.uk/properties-for-sale/crystal-palace?page=1,2025-06-13 22:59:56,1
https://www.foxtons.co.uk/properties-for-sale/se27/chpk0650105,https://www.foxtons.co.uk/flats-for-sale/london?page=28,2025-06-13 21:12:29,28
https://www.foxtons.co.uk/properties-for-sale/se27/chpk0656821,https://www.foxtons.co.uk/flats-for-sale/london?page=37,2025-06-13 21:13:20,37
https://www.foxtons.co.uk/properties-for-sale/se27/chpk0656920,https://www.foxtons.co.uk/flats-for-sale/london?page=41,2025-06-13 21:13:43,41
https://www.foxtons.co.uk/properties-for-sale/se27/chpk0658256,https://www.foxtons.co.uk/houses-for-sale/london?page=9,2025-06-13 21:07:22,9
https://www.foxtons.co.uk/properties-for-sale/se27/chpk0659892,https://www.foxtons.co.uk/houses-for-sale/london?page=9,2025-06-13 21:07:22,9
https://www.foxtons.co.uk/properties-for-sale/se27/chpk0660578,https://www.foxtons.co.uk/properties-for-sale/crystal-palace?page=1,2025-06-13 22:59:56,1
https://www.foxtons.co.uk/properties-for-sale/se27/chpk0662249,https://www.foxtons.co.uk/houses-for-sale/london?page=7,2025-06-13 21:06:42,7
https://www.foxtons.co.uk/properties-for-sale/se27/chpk5045754,https://www.foxtons.co.uk/flats-for-sale/london?page=55,2025-06-13 21:17:48,55
https://www.foxtons.co.uk/properties-for-sale/se27/nwhm3467740,https://www.foxtons.co.uk/flats-for-sale/london?page=39,2025-06-13 21:13:32,39
https://www.foxtons.co.uk/properties-for-sale/se27/ptny5269971,https://www.foxtons.co.uk/properties-for-sale/london?page=1,2025-06-13 21:17:57,1
https://www.foxtons.co.uk/properties-for-sale/se28/chpk0309886,https://www.foxtons.co.uk/flats-for-sale/london?page=38,2025-06-13 21:13:26,38
https://www.foxtons.co.uk/properties-for-sale/se28/chpk0359616,https://www.foxtons.co.uk/flats-for-sale/london?page=47,2025-06-13 21:14:29,47
https://www.foxtons.co.uk/properties-for-sale/se28/chpk0639188,https://www.foxtons.co.uk/flats-for-sale/london?page=50,2025-06-13 21:15:33,50
https://www.foxtons.co.uk/properties-for-sale/se28/chpk0648888,https://www.foxtons.co.uk/flats-for-sale/london?page=39,2025-06-13 21:13:32,39
https://www.foxtons.co.uk/properties-for-sale/se28/chpk0648912,https://www.foxtons.co.uk/flats-for-sale/london?page=52,2025-06-13 21:17:29,52
https://www.foxtons.co.uk/properties-for-sale/se28/chpk0648946,https://www.foxtons.co.uk/flats-for-sale/london?page=52,2025-06-13 21:17:29,52
https://www.foxtons.co.uk/properties-for-sale/se28/chpk0648978,https://www.foxtons.co.uk/flats-for-sale/london?page=38,2025-06-13 21:13:26,38
https://www.foxtons.co.uk/properties-for-sale/se28/chpk0649008,https://www.foxtons.co.uk/flats-for-sale/london?page=38,2025-06-13 21:13:26,38
https://www.foxtons.co.uk/properties-for-sale/se28/chpk0649012,https://www.foxtons.co.uk/properties-for-sale/woolwich?page=2,2025-06-14 00:30:23,2
https://www.foxtons.co.uk/properties-for-sale/se28/chpk0649026,https://www.foxtons.co.uk/flats-for-sale/london?page=39,2025-06-13 21:13:32,39
https://www.foxtons.co.uk/properties-for-sale/se28/chpk0649046,https://www.foxtons.co.uk/flats-for-sale/london?page=38,2025-06-13 21:13:26,38
https://www.foxtons.co.uk/properties-for-sale/se28/chpk0649078,https://www.foxtons.co.uk/flats-for-sale/london?page=39,2025-06-13 21:13:32,39
https://www.foxtons.co.uk/properties-for-sale/se28/chpk0649156,https://www.foxtons.co.uk/flats-for-sale/london?page=38,2025-06-13 21:13:26,38
https://www.foxtons.co.uk/properties-for-sale/se28/chpk4854036,https://www.foxtons.co.uk/flats-for-sale/london?page=38,2025-06-13 21:13:26,38
https://www.foxtons.co.uk/properties-for-sale/se28/chpk5271591,https://www.foxtons.co.uk/flats-for-sale/london?page=41,2025-06-13 21:13:43,41
https://www.foxtons.co.uk/properties-for-sale/se28/nwca4939022,https://www.foxtons.co.uk/flats-for-sale/london?page=35,2025-06-13 21:13:07,35
https://www.foxtons.co.uk/properties-for-sale/se28/nwca4939100,https://www.foxtons.co.uk/flats-for-sale/london?page=23,2025-06-13 21:12:01,23
https://www.foxtons.co.uk/properties-for-sale/se28/nwca4939119,https://www.foxtons.co.uk/flats-for-sale/london?page=15,2025-06-13 21:11:17,15
https://www.foxtons.co.uk/properties-for-sale/se3/chpk0260859,https://www.foxtons.co.uk/houses-for-sale/london?page=12,2025-06-13 21:09:46,12
https://www.foxtons.co.uk/properties-for-sale/se3/chpk0264578,https://www.foxtons.co.uk/flats-for-sale/london?page=46,2025-06-13 21:14:10,46
https://www.foxtons.co.uk/properties-for-sale/se3/chpk0291790,https://www.foxtons.co.uk/houses-for-sale/london?page=3,2025-06-13 21:05:38,3
https://www.foxtons.co.uk/properties-for-sale/se3/chpk0294479,https://www.foxtons.co.uk/flats-for-sale/london?page=11,2025-06-13 21:10:56,11
https://www.foxtons.co.uk/properties-for-sale/se3/chpk0623613,https://www.foxtons.co.uk/houses-for-sale/london?page=11,2025-06-13 21:09:41,11
https://www.foxtons.co.uk/properties-for-sale/se3/chpk0625860,https://www.foxtons.co.uk/flats-for-sale/london?page=32,2025-06-13 21:12:51,32
https://www.foxtons.co.uk/properties-for-sale/se3/chpk0629670,https://www.foxtons.co.uk/houses-for-sale/london?page=11,2025-06-13 21:09:41,11
https://www.foxtons.co.uk/properties-for-sale/se3/chpk0630335,https://www.foxtons.co.uk/properties-for-sale/blackheath?page=1,2025-06-13 22:27:16,1
https://www.foxtons.co.uk/properties-for-sale/se3/chpk0633154,https://www.foxtons.co.uk/flats-for-sale/london?page=46,2025-06-13 21:14:10,46
https://www.foxtons.co.uk/properties-for-sale/se3/chpk0633939,https://www.foxtons.co.uk/flats-for-sale/london?page=37,2025-06-13 21:13:20,37
https://www.foxtons.co.uk/properties-for-sale/se3/chpk0637445,https://www.foxtons.co.uk/houses-for-sale/london?page=1,2025-06-13 21:05:14,1
https://www.foxtons.co.uk/properties-for-sale/se3/chpk0643525,https://www.foxtons.co.uk/houses-for-sale/london?page=12,2025-06-13 21:09:46,12
https://www.foxtons.co.uk/properties-for-sale/se3/chpk0650619,https://www.foxtons.co.uk/properties-for-sale/blackheath?page=1,2025-06-13 22:27:16,1
https://www.foxtons.co.uk/properties-for-sale/se3/chpk1241063,https://www.foxtons.co.uk/flats-for-sale/london?page=34,2025-06-13 21:13:02,34
https://www.foxtons.co.uk/properties-for-sale/se3/chpk1257757,https://www.foxtons.co.uk/flats-for-sale/london?page=28,2025-06-13 21:12:29,28
https://www.foxtons.co.uk/properties-for-sale/se3/chpk1790507,https://www.foxtons.co.uk/flats-for-sale/london?page=42,2025-06-13 21:13:48,42
https://www.foxtons.co.uk/properties-for-sale/se3/chpk1817682,https://www.foxtons.co.uk/flats-for-sale/london?page=39,2025-06-13 21:13:32,39
https://www.foxtons.co.uk/properties-for-sale/se3/chpk2095843,https://www.foxtons.co.uk/flats-for-sale/london?page=24,2025-06-13 21:12:07,24
https://www.foxtons.co.uk/properties-for-sale/se3/chpk3636976,https://www.foxtons.co.uk/flats-for-sale/london?page=46,2025-06-13 21:14:10,46
https://www.foxtons.co.uk/properties-for-sale/se3/chpk3685198,https://www.foxtons.co.uk/houses-for-sale/london?page=3,2025-06-13 21:05:38,3
https://www.foxtons.co.uk/properties-for-sale/se3/chpk4083845,https://www.foxtons.co.uk/flats-for-sale/london?page=45,2025-06-13 21:14:05,45
https://www.foxtons.co.uk/properties-for-sale/se3/chpk4315578,https://www.foxtons.co.uk/flats-for-sale/london?page=21,2025-06-13 21:11:50,21
https://www.foxtons.co.uk/properties-for-sale/se3/chpk4347441,https://www.foxtons.co.uk/flats-for-sale/london?page=22,2025-06-13 21:11:56,22
https://www.foxtons.co.uk/properties-for-sale/se3/chpk4418914,https://www.foxtons.co.uk/flats-for-sale/london?page=21,2025-06-13 21:11:50,21
https://www.foxtons.co.uk/properties-for-sale/se3/chpk4642815,https://www.foxtons.co.uk/flats-for-sale/london?page=45,2025-06-13 21:14:05,45
https://www.foxtons.co.uk/properties-for-sale/se3/chpk4661829,https://www.foxtons.co.uk/flats-for-sale/london?page=45,2025-06-13 21:14:05,45
https://www.foxtons.co.uk/properties-for-sale/se3/chpk4738209,https://www.foxtons.co.uk/properties-for-sale/blackheath?page=1,2025-06-13 22:27:16,1
https://www.foxtons.co.uk/properties-for-sale/se3/chpk4854069,https://www.foxtons.co.uk/flats-for-sale/london?page=13,2025-06-13 21:11:07,13
https://www.foxtons.co.uk/properties-for-sale/se3/chpk4872165,https://www.foxtons.co.uk/flats-for-sale/london?page=18,2025-06-13 21:11:34,18
https://www.foxtons.co.uk/properties-for-sale/se3/chpk4873303,https://www.foxtons.co.uk/flats-for-sale/london?page=45,2025-06-13 21:14:05,45
https://www.foxtons.co.uk/properties-for-sale/se3/chpk4890788,https://www.foxtons.co.uk/flats-for-sale/london?page=8,2025-06-13 21:10:39,8
https://www.foxtons.co.uk/properties-for-sale/se3/chpk5251679,https://www.foxtons.co.uk/flats-for-sale/london?page=12,2025-06-13 21:11:01,12
https://www.foxtons.co.uk/properties-for-sale/se3/chpk5269514,https://www.foxtons.co.uk/houses-for-sale/london?page=7,2025-06-13 21:06:42,7
https://www.foxtons.co.uk/properties-for-sale/se3/mwhl0266612,https://www.foxtons.co.uk/flats-for-sale/london?page=24,2025-06-13 21:12:07,24
https://www.foxtons.co.uk/properties-for-sale/se3/nwca4666012,https://www.foxtons.co.uk/flats-for-sale/london?page=18,2025-06-13 21:11:34,18
https://www.foxtons.co.uk/properties-for-sale/se3/nwca4666042,https://www.foxtons.co.uk/flats-for-sale/london?page=25,2025-06-13 21:12:13,25
https://www.foxtons.co.uk/properties-for-sale/se3/nwca4888035,https://www.foxtons.co.uk/flats-for-sale/london?page=13,2025-06-13 21:11:07,13
https://www.foxtons.co.uk/properties-for-sale/se3/nwca5263993,https://www.foxtons.co.uk/properties-for-sale/london?page=9,2025-06-13 21:18:45,9
https://www.foxtons.co.uk/properties-for-sale/se3/ptny5269101,https://www.foxtons.co.uk/flats-for-sale/london?page=25,2025-06-13 21:12:13,25
https://www.foxtons.co.uk/properties-for-sale/se4/chpk0342404,https://www.foxtons.co.uk/houses-for-sale/london?page=11,2025-06-13 21:09:41,11
https://www.foxtons.co.uk/properties-for-sale/se4/chpk0613728,https://www.foxtons.co.uk/properties-for-sale/london?page=21,2025-06-13 21:20:15,21
https://www.foxtons.co.uk/properties-for-sale/se4/chpk0617125,https://www.foxtons.co.uk/properties-for-sale/london?page=8,2025-06-13 21:18:39,8
https://www.foxtons.co.uk/properties-for-sale/se4/chpk0620636,https://www.foxtons.co.uk/houses-for-sale/london?page=6,2025-06-13 21:06:25,6
https://www.foxtons.co.uk/properties-for-sale/se4/chpk0623970,https://www.foxtons.co.uk/houses-for-sale/london?page=11,2025-06-13 21:09:41,11
https://www.foxtons.co.uk/properties-for-sale/se4/chpk0624199,https://www.foxtons.co.uk/houses-for-sale/london?page=7,2025-06-13 21:06:42,7
https://www.foxtons.co.uk/properties-for-sale/se4/chpk0624973,https://www.foxtons.co.uk/flats-for-sale/london?page=50,2025-06-13 21:15:33,50
https://www.foxtons.co.uk/properties-for-sale/se4/chpk1236883,https://www.foxtons.co.uk/flats-for-sale/london?page=30,2025-06-13 21:12:40,30
https://www.foxtons.co.uk/properties-for-sale/se4/chpk4315669,https://www.foxtons.co.uk/flats-for-sale/london?page=41,2025-06-13 21:13:43,41
https://www.foxtons.co.uk/properties-for-sale/se5/chpk0330702,https://www.foxtons.co.uk/flats-for-sale/london?page=54,2025-06-13 21:17:43,54
https://www.foxtons.co.uk/properties-for-sale/se5/chpk0334019,https://www.foxtons.co.uk/houses-for-sale/london?page=12,2025-06-13 21:09:46,12
https://www.foxtons.co.uk/properties-for-sale/se5/chpk0590424,https://www.foxtons.co.uk/flats-for-sale/london?page=32,2025-06-13 21:12:51,32
https://www.foxtons.co.uk/properties-for-sale/se5/chpk0593593,https://www.foxtons.co.uk/flats-for-sale/london?page=42,2025-06-13 21:13:48,42
https://www.foxtons.co.uk/properties-for-sale/se5/chpk0594460,https://www.foxtons.co.uk/houses-for-sale/london?page=3,2025-06-13 21:05:38,3
https://www.foxtons.co.uk/properties-for-sale/se5/chpk0596157,https://www.foxtons.co.uk/flats-for-sale/london?page=25,2025-06-13 21:12:13,25
https://www.foxtons.co.uk/properties-for-sale/se5/chpk0596681,https://www.foxtons.co.uk/flats-for-sale/london?page=41,2025-06-13 21:13:43,41
https://www.foxtons.co.uk/properties-for-sale/se5/chpk0596857,https://www.foxtons.co.uk/flats-for-sale/london?page=41,2025-06-13 21:13:43,41
https://www.foxtons.co.uk/properties-for-sale/se5/chpk0597052,https://www.foxtons.co.uk/flats-for-sale/london?page=53,2025-06-13 21:17:34,53
https://www.foxtons.co.uk/properties-for-sale/se5/chpk0597075,https://www.foxtons.co.uk/flats-for-sale/london?page=41,2025-06-13 21:13:43,41
https://www.foxtons.co.uk/properties-for-sale/se5/chpk0597077,https://www.foxtons.co.uk/properties-for-sale/elephant-and-castle/2-bedroom?page=1,2025-06-13 23:10:31,1
https://www.foxtons.co.uk/properties-for-sale/se5/chpk0599541,https://www.foxtons.co.uk/flats-for-sale/london?page=29,2025-06-13 21:12:35,29
https://www.foxtons.co.uk/properties-for-sale/se5/chpk0603215,https://www.foxtons.co.uk/flats-for-sale/london?page=9,2025-06-13 21:10:45,9
https://www.foxtons.co.uk/properties-for-sale/se5/chpk0604578,https://www.foxtons.co.uk/flats-for-sale/london?page=44,2025-06-13 21:13:59,44
https://www.foxtons.co.uk/properties-for-sale/se5/chpk0606085,https://www.foxtons.co.uk/flats-for-sale/london?page=41,2025-06-13 21:13:43,41
https://www.foxtons.co.uk/properties-for-sale/se5/chpk0606419,https://www.foxtons.co.uk/flats-for-sale/london?page=50,2025-06-13 21:15:33,50
https://www.foxtons.co.uk/properties-for-sale/se5/chpk0606521,https://www.foxtons.co.uk/flats-for-sale/london?page=32,2025-06-13 21:12:51,32
https://www.foxtons.co.uk/properties-for-sale/se5/chpk0607810,https://www.foxtons.co.uk/houses-for-sale/london?page=3,2025-06-13 21:05:38,3
https://www.foxtons.co.uk/properties-for-sale/se5/chpk0609504,https://www.foxtons.co.uk/flats-for-sale/london?page=47,2025-06-13 21:14:29,47
https://www.foxtons.co.uk/properties-for-sale/se5/chpk0609713,https://www.foxtons.co.uk/flats-for-sale/london?page=27,2025-06-13 21:12:24,27
https://www.foxtons.co.uk/properties-for-sale/se5/chpk0610598,https://www.foxtons.co.uk/flats-for-sale/london?page=27,2025-06-13 21:12:24,27
https://www.foxtons.co.uk/properties-for-sale/se5/chpk0610775,https://www.foxtons.co.uk/flats-for-sale/london?page=37,2025-06-13 21:13:20,37
https://www.foxtons.co.uk/properties-for-sale/se5/chpk0610776,https://www.foxtons.co.uk/flats-for-sale/london?page=32,2025-06-13 21:12:51,32
https://www.foxtons.co.uk/properties-for-sale/se5/chpk0611511,https://www.foxtons.co.uk/flats-for-sale/london?page=8,2025-06-13 21:10:39,8
https://www.foxtons.co.uk/properties-for-sale/se5/chpk0612700,https://www.foxtons.co.uk/houses-for-sale/london?page=13,2025-06-13 21:09:51,13
https://www.foxtons.co.uk/properties-for-sale/se5/chpk0615253,https://www.foxtons.co.uk/flats-for-sale/london?page=37,2025-06-13 21:13:20,37
https://www.foxtons.co.uk/properties-for-sale/se5/chpk0617822,https://www.foxtons.co.uk/flats-for-sale/london?page=53,2025-06-13 21:17:34,53
https://www.foxtons.co.uk/properties-for-sale/se5/chpk0621808,https://www.foxtons.co.uk/houses-for-sale/london?page=3,2025-06-13 21:05:38,3
https://www.foxtons.co.uk/properties-for-sale/se5/chpk0622150,https://www.foxtons.co.uk/flats-for-sale/london?page=37,2025-06-13 21:13:20,37
https://www.foxtons.co.uk/properties-for-sale/se5/chpk3864453,https://www.foxtons.co.uk/flats-for-sale/london?page=24,2025-06-13 21:12:07,24
https://www.foxtons.co.uk/properties-for-sale/se5/chpk4025960,https://www.foxtons.co.uk/flats-for-sale/london?page=16,2025-06-13 21:11:23,16
https://www.foxtons.co.uk/properties-for-sale/se5/chpk4025966,https://www.foxtons.co.uk/flats-for-sale/london?page=34,2025-06-13 21:13:02,34
https://www.foxtons.co.uk/properties-for-sale/se5/chpk4025994,https://www.foxtons.co.uk/flats-for-sale/london?page=22,2025-06-13 21:11:56,22
https://www.foxtons.co.uk/properties-for-sale/se5/chpk4553131,https://www.foxtons.co.uk/flats-for-sale/london?page=40,2025-06-13 21:13:37,40
https://www.foxtons.co.uk/properties-for-sale/se5/chpk4623231,https://www.foxtons.co.uk/flats-for-sale/london?page=31,2025-06-13 21:12:46,31
https://www.foxtons.co.uk/properties-for-sale/se5/chpk4644835,https://www.foxtons.co.uk/flats-for-sale/london?page=26,2025-06-13 21:12:18,26
https://www.foxtons.co.uk/properties-for-sale/se5/chpk4644864,https://www.foxtons.co.uk/flats-for-sale/london?page=13,2025-06-13 21:11:07,13
https://www.foxtons.co.uk/properties-for-sale/se5/chpk5135926,https://www.foxtons.co.uk/flats-for-sale/london?page=18,2025-06-13 21:11:34,18
https://www.foxtons.co.uk/properties-for-sale/se5/chpk5204782,https://www.foxtons.co.uk/flats-for-sale/london?page=36,2025-06-13 21:13:15,36
https://www.foxtons.co.uk/properties-for-sale/se5/chpk5210766,https://www.foxtons.co.uk/flats-for-sale/london?page=54,2025-06-13 21:17:43,54
https://www.foxtons.co.uk/properties-for-sale/se5/nwhm4097927,https://www.foxtons.co.uk/flats-for-sale/london?page=53,2025-06-13 21:17:34,53
https://www.foxtons.co.uk/properties-for-sale/se5/nwhm4658137,https://www.foxtons.co.uk/flats-for-sale/london?page=35,2025-06-13 21:13:07,35
https://www.foxtons.co.uk/properties-for-sale/se5/nwhm4658138,https://www.foxtons.co.uk/flats-for-sale/london?page=33,2025-06-13 21:12:57,33
https://www.foxtons.co.uk/properties-for-sale/se6/chpk1202769,https://www.foxtons.co.uk/flats-for-sale/london?page=52,2025-06-13 21:17:29,52
https://www.foxtons.co.uk/properties-for-sale/se6/chpk1202987,https://www.foxtons.co.uk/flats-for-sale/london?page=54,2025-06-13 21:17:43,54
https://www.foxtons.co.uk/properties-for-sale/se6/chpk1349841,https://www.foxtons.co.uk/flats-for-sale/london?page=52,2025-06-13 21:17:29,52
https://www.foxtons.co.uk/properties-for-sale/se6/chpk1410857,https://www.foxtons.co.uk/houses-for-sale/london?page=7,2025-06-13 21:06:42,7
https://www.foxtons.co.uk/properties-for-sale/se6/chpk1420642,https://www.foxtons.co.uk/flats-for-sale/london?page=46,2025-06-13 21:14:10,46
https://www.foxtons.co.uk/properties-for-sale/se6/chpk1423699,https://www.foxtons.co.uk/houses-for-sale/london?page=6,2025-06-13 21:06:25,6
https://www.foxtons.co.uk/properties-for-sale/se6/chpk1521888,https://www.foxtons.co.uk/flats-for-sale/london?page=41,2025-06-13 21:13:43,41
https://www.foxtons.co.uk/properties-for-sale/se6/chpk1529362,https://www.foxtons.co.uk/flats-for-sale/london?page=37,2025-06-13 21:13:20,37
https://www.foxtons.co.uk/properties-for-sale/se6/chpk1560991,https://www.foxtons.co.uk/houses-for-sale/london?page=12,2025-06-13 21:09:46,12
https://www.foxtons.co.uk/properties-for-sale/se6/chpk1654093,https://www.foxtons.co.uk/houses-for-sale/london?page=5,2025-06-13 21:06:19,5
https://www.foxtons.co.uk/properties-for-sale/se6/chpk1730419,https://www.foxtons.co.uk/houses-for-sale/london?page=6,2025-06-13 21:06:25,6
https://www.foxtons.co.uk/properties-for-sale/se6/chpk1763016,https://www.foxtons.co.uk/houses-for-sale/london?page=7,2025-06-13 21:06:42,7
https://www.foxtons.co.uk/properties-for-sale/se6/chpk1930648,https://www.foxtons.co.uk/flats-for-sale/london?page=32,2025-06-13 21:12:51,32
https://www.foxtons.co.uk/properties-for-sale/se6/chpk1981556,https://www.foxtons.co.uk/properties-for-sale/london?page=21,2025-06-13 21:20:15,21
https://www.foxtons.co.uk/properties-for-sale/se6/chpk1995511,https://www.foxtons.co.uk/houses-for-sale/london?page=13,2025-06-13 21:09:51,13
https://www.foxtons.co.uk/properties-for-sale/se6/chpk2011597,https://www.foxtons.co.uk/properties-for-sale/london?page=20,2025-06-13 21:20:09,20
https://www.foxtons.co.uk/properties-for-sale/se6/chpk2099082,https://www.foxtons.co.uk/houses-for-sale/london?page=5,2025-06-13 21:06:19,5
https://www.foxtons.co.uk/properties-for-sale/se6/chpk4130863,https://www.foxtons.co.uk/flats-for-sale/london?page=45,2025-06-13 21:14:05,45
https://www.foxtons.co.uk/properties-for-sale/se6/chpk4130877,https://www.foxtons.co.uk/flats-for-sale/london?page=36,2025-06-13 21:13:15,36
https://www.foxtons.co.uk/properties-for-sale/se6/chpk4345711,https://www.foxtons.co.uk/flats-for-sale/london?page=34,2025-06-13 21:13:02,34
https://www.foxtons.co.uk/properties-for-sale/se6/chpk4627742,https://www.foxtons.co.uk/flats-for-sale/london?page=28,2025-06-13 21:12:29,28
https://www.foxtons.co.uk/properties-for-sale/se6/chpk4627744,https://www.foxtons.co.uk/flats-for-sale/london?page=31,2025-06-13 21:12:46,31
https://www.foxtons.co.uk/properties-for-sale/se6/chpk4637786,https://www.foxtons.co.uk/flats-for-sale/london?page=42,2025-06-13 21:13:48,42
https://www.foxtons.co.uk/properties-for-sale/se6/chpk4637794,https://www.foxtons.co.uk/flats-for-sale/london?page=40,2025-06-13 21:13:37,40
https://www.foxtons.co.uk/properties-for-sale/se6/chpk4642412,https://www.foxtons.co.uk/flats-for-sale/london?page=28,2025-06-13 21:12:29,28
https://www.foxtons.co.uk/properties-for-sale/se6/chpk5266099,https://www.foxtons.co.uk/flats-for-sale/london?page=36,2025-06-13 21:13:15,36
https://www.foxtons.co.uk/properties-for-sale/se6/nwca5271243,https://www.foxtons.co.uk/flats-for-sale/london?page=30,2025-06-13 21:12:40,30
https://www.foxtons.co.uk/properties-for-sale/se6/ptny5268316,https://www.foxtons.co.uk/houses-for-sale/london?page=13,2025-06-13 21:09:51,13
https://www.foxtons.co.uk/properties-for-sale/se6/ptny5272299,https://www.foxtons.co.uk/properties-for-sale/london?page=5,2025-06-13 21:18:21,5
https://www.foxtons.co.uk/properties-for-sale/se7/chpk1228367,https://www.foxtons.co.uk/flats-for-sale/london?page=47,2025-06-13 21:14:29,47
https://www.foxtons.co.uk/properties-for-sale/se7/chpk1241391,https://www.foxtons.co.uk/flats-for-sale/london?page=55,2025-06-13 21:17:48,55
https://www.foxtons.co.uk/properties-for-sale/se7/chpk1389045,https://www.foxtons.co.uk/properties-for-sale/london?page=21,2025-06-13 21:20:15,21
https://www.foxtons.co.uk/properties-for-sale/se7/chpk1518098,https://www.foxtons.co.uk/flats-for-sale/london?page=54,2025-06-13 21:17:43,54
https://www.foxtons.co.uk/properties-for-sale/se7/chpk1566215,https://www.foxtons.co.uk/houses-for-sale/london?page=6,2025-06-13 21:06:25,6
https://www.foxtons.co.uk/properties-for-sale/se7/chpk1572471,https://www.foxtons.co.uk/houses-for-sale/london?page=5,2025-06-13 21:06:19,5
https://www.foxtons.co.uk/properties-for-sale/se8/chpk0583693,https://www.foxtons.co.uk/flats-for-sale/london?page=29,2025-06-13 21:12:35,29
https://www.foxtons.co.uk/properties-for-sale/se8/chpk0583718,https://www.foxtons.co.uk/flats-for-sale/london?page=24,2025-06-13 21:12:07,24
https://www.foxtons.co.uk/properties-for-sale/se8/chpk0584481,https://www.foxtons.co.uk/houses-for-sale/london?page=12,2025-06-13 21:09:46,12
https://www.foxtons.co.uk/properties-for-sale/se8/chpk0587076,https://www.foxtons.co.uk/houses-for-sale/london?page=9,2025-06-13 21:07:22,9
https://www.foxtons.co.uk/properties-for-sale/se8/chpk0588217,https://www.foxtons.co.uk/flats-for-sale/london?page=21,2025-06-13 21:11:50,21
https://www.foxtons.co.uk/properties-for-sale/se8/chpk0588345,https://www.foxtons.co.uk/flats-for-sale/london?page=41,2025-06-13 21:13:43,41
https://www.foxtons.co.uk/properties-for-sale/se8/chpk0588749,https://www.foxtons.co.uk/properties-for-sale/london?page=8,2025-06-13 21:18:39,8
https://www.foxtons.co.uk/properties-for-sale/se8/chpk0591103,https://www.foxtons.co.uk/flats-for-sale/london?page=39,2025-06-13 21:13:32,39
https://www.foxtons.co.uk/properties-for-sale/se8/chpk0592504,https://www.foxtons.co.uk/flats-for-sale/london?page=54,2025-06-13 21:17:43,54
https://www.foxtons.co.uk/properties-for-sale/se8/chpk3599891,https://www.foxtons.co.uk/flats-for-sale/london?page=29,2025-06-13 21:12:35,29
https://www.foxtons.co.uk/properties-for-sale/se8/chpk3630791,https://www.foxtons.co.uk/flats-for-sale/london?page=47,2025-06-13 21:14:29,47
https://www.foxtons.co.uk/properties-for-sale/se8/chpk3664552,https://www.foxtons.co.uk/flats-for-sale/london?page=11,2025-06-13 21:10:56,11
https://www.foxtons.co.uk/properties-for-sale/se8/chpk3664569,https://www.foxtons.co.uk/flats-for-sale/london?page=26,2025-06-13 21:12:18,26
https://www.foxtons.co.uk/properties-for-sale/se8/chpk3673424,https://www.foxtons.co.uk/flats-for-sale/london?page=22,2025-06-13 21:11:56,22
https://www.foxtons.co.uk/properties-for-sale/se8/chpk3673446,https://www.foxtons.co.uk/flats-for-sale/london?page=17,2025-06-13 21:11:29,17
https://www.foxtons.co.uk/properties-for-sale/se8/chpk3673455,https://www.foxtons.co.uk/flats-for-sale/london?page=40,2025-06-13 21:13:37,40
https://www.foxtons.co.uk/properties-for-sale/se8/chpk3679129,https://www.foxtons.co.uk/flats-for-sale/london?page=6,2025-06-13 21:10:28,6
https://www.foxtons.co.uk/properties-for-sale/se8/chpk3688824,https://www.foxtons.co.uk/flats-for-sale/london?page=32,2025-06-13 21:12:51,32
https://www.foxtons.co.uk/properties-for-sale/se8/chpk3688842,https://www.foxtons.co.uk/flats-for-sale/london?page=31,2025-06-13 21:12:46,31
https://www.foxtons.co.uk/properties-for-sale/se8/chpk3882220,https://www.foxtons.co.uk/flats-for-sale/london?page=30,2025-06-13 21:12:40,30
https://www.foxtons.co.uk/properties-for-sale/se8/chpk3882246,https://www.foxtons.co.uk/flats-for-sale/london?page=28,2025-06-13 21:12:29,28
https://www.foxtons.co.uk/properties-for-sale/se8/chpk4423863,https://www.foxtons.co.uk/flats-for-sale/london?page=18,2025-06-13 21:11:34,18
https://www.foxtons.co.uk/properties-for-sale/se8/chpk4893208,https://www.foxtons.co.uk/flats-for-sale/london?page=14,2025-06-13 21:11:12,14
https://www.foxtons.co.uk/properties-for-sale/se8/chpk5118352,https://www.foxtons.co.uk/flats-for-sale/london?page=36,2025-06-13 21:13:15,36
https://www.foxtons.co.uk/properties-for-sale/se8/chpk5142322,https://www.foxtons.co.uk/flats-for-sale/london?page=15,2025-06-13 21:11:17,15
https://www.foxtons.co.uk/properties-for-sale/se8/chpk5142499,https://www.foxtons.co.uk/flats-for-sale/london?page=38,2025-06-13 21:13:26,38
https://www.foxtons.co.uk/properties-for-sale/se8/chpk5256404,https://www.foxtons.co.uk/flats-for-sale/london?page=36,2025-06-13 21:13:15,36
https://www.foxtons.co.uk/properties-for-sale/se8/chpk5259945,https://www.foxtons.co.uk/houses-for-sale/london?page=13,2025-06-13 21:09:51,13
https://www.foxtons.co.uk/properties-for-sale/se8/chpk5260271,https://www.foxtons.co.uk/flats-for-sale/london?page=17,2025-06-13 21:11:29,17
https://www.foxtons.co.uk/properties-for-sale/se8/chpk5956378,https://www.foxtons.co.uk/flats-for-sale/london?page=42,2025-06-13 21:13:48,42
https://www.foxtons.co.uk/properties-for-sale/se8/mwhl0340958,https://www.foxtons.co.uk/houses-for-sale/london?page=5,2025-06-13 21:06:19,5
https://www.foxtons.co.uk/properties-for-sale/se8/nwca5245437,https://www.foxtons.co.uk/flats-for-sale/london?page=44,2025-06-13 21:13:59,44
https://www.foxtons.co.uk/properties-for-sale/se8/nwca5245438,https://www.foxtons.co.uk/flats-for-sale/london?page=27,2025-06-13 21:12:24,27
https://www.foxtons.co.uk/properties-for-sale/se9/chpk0547840,https://www.foxtons.co.uk/houses-for-sale/london?page=13,2025-06-13 21:09:51,13
https://www.foxtons.co.uk/properties-for-sale/se9/chpk0547841,https://www.foxtons.co.uk/houses-for-sale/london?page=12,2025-06-13 21:09:46,12
https://www.foxtons.co.uk/properties-for-sale/se9/chpk0554863,https://www.foxtons.co.uk/flats-for-sale/london?page=25,2025-06-13 21:12:13,25
https://www.foxtons.co.uk/properties-for-sale/se9/chpk0562736,https://www.foxtons.co.uk/flats-for-sale/london?page=37,2025-06-13 21:13:20,37
https://www.foxtons.co.uk/properties-for-sale/se9/chpk0582835,https://www.foxtons.co.uk/houses-for-sale/london?page=11,2025-06-13 21:09:41,11
https://www.foxtons.co.uk/properties-for-sale/se9/chpk3880050,https://www.foxtons.co.uk/flats-for-sale/london?page=48,2025-06-13 21:14:37,48
https://www.foxtons.co.uk/properties-for-sale/sm1/chpk4228521,https://www.foxtons.co.uk/houses-for-sale/london?page=13,2025-06-13 21:09:51,13
https://www.foxtons.co.uk/properties-for-sale/sm1/chpk6204832,https://www.foxtons.co.uk/flats-for-sale/london?page=30,2025-06-13 21:12:40,30
https://www.foxtons.co.uk/properties-for-sale/sm2/chpk4236740,https://www.foxtons.co.uk/flats-for-sale/london?page=52,2025-06-13 21:17:29,52
https://www.foxtons.co.uk/properties-for-sale/sm2/chpk4240371,https://www.foxtons.co.uk/flats-for-sale/london?page=28,2025-06-13 21:12:29,28
https://www.foxtons.co.uk/properties-for-sale/sm2/chpk4244037,https://www.foxtons.co.uk/flats-for-sale/london?page=31,2025-06-13 21:12:46,31
https://www.foxtons.co.uk/properties-for-sale/sm4/chpk3588258,https://www.foxtons.co.uk/houses-for-sale/london?page=11,2025-06-13 21:09:41,11
https://www.foxtons.co.uk/properties-for-sale/sm4/chpk3593493,https://www.foxtons.co.uk/flats-for-sale/london?page=48,2025-06-13 21:14:37,48
https://www.foxtons.co.uk/properties-for-sale/sm6/chpk4281070,https://www.foxtons.co.uk/flats-for-sale/london?page=54,2025-06-13 21:17:43,54
https://www.foxtons.co.uk/properties-for-sale/sm6/chpk4281647,https://www.foxtons.co.uk/houses-for-sale/london?page=13,2025-06-13 21:09:51,13
https://www.foxtons.co.uk/properties-for-sale/sm6/chpk5025406,https://www.foxtons.co.uk/houses-for-sale/london?page=13,2025-06-13 21:09:51,13
https://www.foxtons.co.uk/properties-for-sale/sw10/chpk0011169,https://www.foxtons.co.uk/flats-for-sale/london?page=11,2025-06-13 21:10:56,11
https://www.foxtons.co.uk/properties-for-sale/sw10/chpk0019982,https://www.foxtons.co.uk/flats-for-sale/london?page=23,2025-06-13 21:12:01,23
https://www.foxtons.co.uk/properties-for-sale/sw10/chpk0026010,https://www.foxtons.co.uk/flats-for-sale/london?page=11,2025-06-13 21:10:56,11
https://www.foxtons.co.uk/properties-for-sale/sw10/chpk0035450,https://www.foxtons.co.uk/flats-for-sale/london?page=3,2025-06-13 21:10:10,3
https://www.foxtons.co.uk/properties-for-sale/sw10/chpk0039246,https://www.foxtons.co.uk/flats-for-sale/london?page=10,2025-06-13 21:10:50,10
https://www.foxtons.co.uk/properties-for-sale/sw10/chpk0047766,https://www.foxtons.co.uk/flats-for-sale/london?page=16,2025-06-13 21:11:23,16
https://www.foxtons.co.uk/properties-for-sale/sw10/chpk0051738,https://www.foxtons.co.uk/flats-for-sale/london?page=17,2025-06-13 21:11:29,17
https://www.foxtons.co.uk/properties-for-sale/sw10/chpk0059273,https://www.foxtons.co.uk/flats-for-sale/london?page=6,2025-06-13 21:10:28,6
https://www.foxtons.co.uk/properties-for-sale/sw10/chpk0075849,https://www.foxtons.co.uk/flats-for-sale/london?page=11,2025-06-13 21:10:56,11
https://www.foxtons.co.uk/properties-for-sale/sw10/chpk0085796,https://www.foxtons.co.uk/flats-for-sale/london?page=2,2025-06-13 21:10:05,2
https://www.foxtons.co.uk/properties-for-sale/sw10/chpk0107282,https://www.foxtons.co.uk/flats-for-sale/london?page=1,2025-06-13 21:09:59,1
https://www.foxtons.co.uk/properties-for-sale/sw10/chpk0113086,https://www.foxtons.co.uk/flats-for-sale/london?page=4,2025-06-13 21:10:16,4
https://www.foxtons.co.uk/properties-for-sale/sw10/chpk0124296,https://www.foxtons.co.uk/houses-for-sale/london?page=2,2025-06-13 21:05:20,2
https://www.foxtons.co.uk/properties-for-sale/sw10/chpk0137566,https://www.foxtons.co.uk/houses-for-sale/london?page=1,2025-06-13 21:05:14,1
https://www.foxtons.co.uk/properties-for-sale/sw10/chpk0158098,https://www.foxtons.co.uk/flats-for-sale/london?page=12,2025-06-13 21:11:01,12
https://www.foxtons.co.uk/properties-for-sale/sw10/chpk0231199,https://www.foxtons.co.uk/flats-for-sale/london?page=4,2025-06-13 21:10:16,4
https://www.foxtons.co.uk/properties-for-sale/sw10/chpk0235413,https://www.foxtons.co.uk/flats-for-sale/london?page=35,2025-06-13 21:13:07,35
https://www.foxtons.co.uk/properties-for-sale/sw10/chpk0244166,https://www.foxtons.co.uk/houses-for-sale/london?page=1,2025-06-13 21:05:14,1
https://www.foxtons.co.uk/properties-for-sale/sw10/chpk0244279,https://www.foxtons.co.uk/flats-for-sale/london?page=16,2025-06-13 21:11:23,16
https://www.foxtons.co.uk/properties-for-sale/sw10/chpk0271458,https://www.foxtons.co.uk/flats-for-sale/london?page=14,2025-06-13 21:11:12,14
https://www.foxtons.co.uk/properties-for-sale/sw10/chpk0277591,https://www.foxtons.co.uk/houses-for-sale/london?page=1,2025-06-13 21:05:14,1
https://www.foxtons.co.uk/properties-for-sale/sw10/chpk0280317,https://www.foxtons.co.uk/flats-for-sale/london?page=16,2025-06-13 21:11:23,16
https://www.foxtons.co.uk/properties-for-sale/sw10/chpk0290189,https://www.foxtons.co.uk/flats-for-sale/london?page=8,2025-06-13 21:10:39,8
https://www.foxtons.co.uk/properties-for-sale/sw10/chpk0315912,https://www.foxtons.co.uk/flats-for-sale/london?page=17,2025-06-13 21:11:29,17
https://www.foxtons.co.uk/properties-for-sale/sw10/chpk0317805,https://www.foxtons.co.uk/flats-for-sale/london?page=3,2025-06-13 21:10:10,3
https://www.foxtons.co.uk/properties-for-sale/sw10/chpk0323038,https://www.foxtons.co.uk/flats-for-sale/london?page=9,2025-06-13 21:10:45,9
https://www.foxtons.co.uk/properties-for-sale/sw10/chpk0337312,https://www.foxtons.co.uk/flats-for-sale/london?page=6,2025-06-13 21:10:28,6
https://www.foxtons.co.uk/properties-for-sale/sw10/chpk0356540,https://www.foxtons.co.uk/flats-for-sale/london?page=41,2025-06-13 21:13:43,41
https://www.foxtons.co.uk/properties-for-sale/sw10/chpk0363872,https://www.foxtons.co.uk/flats-for-sale/london?page=19,2025-06-13 21:11:39,19
https://www.foxtons.co.uk/properties-for-sale/sw10/chpk0472647,https://www.foxtons.co.uk/houses-for-sale/london?page=1,2025-06-13 21:05:14,1
https://www.foxtons.co.uk/properties-for-sale/sw10/chpk0478242,https://www.foxtons.co.uk/flats-for-sale/london?page=25,2025-06-13 21:12:13,25
https://www.foxtons.co.uk/properties-for-sale/sw10/chpk0478326,https://www.foxtons.co.uk/flats-for-sale/london?page=3,2025-06-13 21:10:10,3
https://www.foxtons.co.uk/properties-for-sale/sw10/chpk0478367,https://www.foxtons.co.uk/flats-for-sale/london?page=1,2025-06-13 21:09:59,1
https://www.foxtons.co.uk/properties-for-sale/sw10/chpk0478456,https://www.foxtons.co.uk/flats-for-sale/london?page=7,2025-06-13 21:10:34,7
https://www.foxtons.co.uk/properties-for-sale/sw10/chpk0478546,https://www.foxtons.co.uk/flats-for-sale/london?page=23,2025-06-13 21:12:01,23
https://www.foxtons.co.uk/properties-for-sale/sw10/chpk0478554,https://www.foxtons.co.uk/flats-for-sale/london?page=11,2025-06-13 21:10:56,11
https://www.foxtons.co.uk/properties-for-sale/sw10/chpk0486813,https://www.foxtons.co.uk/flats-for-sale/london?page=7,2025-06-13 21:10:34,7
https://www.foxtons.co.uk/properties-for-sale/sw10/chpk1133900,https://www.foxtons.co.uk/flats-for-sale/london?page=4,2025-06-13 21:10:16,4
https://www.foxtons.co.uk/properties-for-sale/sw10/chpk1175525,https://www.foxtons.co.uk/flats-for-sale/london?page=13,2025-06-13 21:11:07,13
https://www.foxtons.co.uk/properties-for-sale/sw10/chpk1206072,https://www.foxtons.co.uk/flats-for-sale/london?page=5,2025-06-13 21:10:22,5
https://www.foxtons.co.uk/properties-for-sale/sw10/chpk1213579,https://www.foxtons.co.uk/flats-for-sale/london?page=4,2025-06-13 21:10:16,4
https://www.foxtons.co.uk/properties-for-sale/sw10/chpk1230084,https://www.foxtons.co.uk/flats-for-sale/london?page=2,2025-06-13 21:10:05,2
https://www.foxtons.co.uk/properties-for-sale/sw10/chpk1275374,https://www.foxtons.co.uk/flats-for-sale/london?page=5,2025-06-13 21:10:22,5
https://www.foxtons.co.uk/properties-for-sale/sw10/chpk1280317,https://www.foxtons.co.uk/flats-for-sale/london?page=5,2025-06-13 21:10:22,5
https://www.foxtons.co.uk/properties-for-sale/sw10/chpk1346772,https://www.foxtons.co.uk/flats-for-sale/london?page=14,2025-06-13 21:11:12,14
https://www.foxtons.co.uk/properties-for-sale/sw10/chpk3377390,https://www.foxtons.co.uk/flats-for-sale/london?page=5,2025-06-13 21:10:22,5
https://www.foxtons.co.uk/properties-for-sale/sw10/chpk3596166,https://www.foxtons.co.uk/flats-for-sale/london?page=20,2025-06-13 21:11:45,20
https://www.foxtons.co.uk/properties-for-sale/sw10/chpk3661131,https://www.foxtons.co.uk/flats-for-sale/london?page=7,2025-06-13 21:10:34,7
https://www.foxtons.co.uk/properties-for-sale/sw10/chpk3679789,https://www.foxtons.co.uk/flats-for-sale/london?page=7,2025-06-13 21:10:34,7
https://www.foxtons.co.uk/properties-for-sale/sw10/chpk3824876,https://www.foxtons.co.uk/flats-for-sale/london?page=24,2025-06-13 21:12:07,24
https://www.foxtons.co.uk/properties-for-sale/sw10/chpk3871650,https://www.foxtons.co.uk/flats-for-sale/london?page=10,2025-06-13 21:10:50,10
https://www.foxtons.co.uk/properties-for-sale/sw10/chpk3871651,https://www.foxtons.co.uk/flats-for-sale/london?page=13,2025-06-13 21:11:07,13
https://www.foxtons.co.uk/properties-for-sale/sw10/chpk4420431,https://www.foxtons.co.uk/flats-for-sale/london?page=22,2025-06-13 21:11:56,22
https://www.foxtons.co.uk/properties-for-sale/sw10/chpk4892932,https://www.foxtons.co.uk/flats-for-sale/london?page=13,2025-06-13 21:11:07,13
https://www.foxtons.co.uk/properties-for-sale/sw10/chpk5015653,https://www.foxtons.co.uk/flats-for-sale/london?page=8,2025-06-13 21:10:39,8
https://www.foxtons.co.uk/properties-for-sale/sw10/chpk5230041,https://www.foxtons.co.uk/flats-for-sale/london?page=13,2025-06-13 21:11:07,13
https://www.foxtons.co.uk/properties-for-sale/sw10/chpk5269343,https://www.foxtons.co.uk/flats-for-sale/london?page=14,2025-06-13 21:11:12,14
https://www.foxtons.co.uk/properties-for-sale/sw10/chpk6206210,https://www.foxtons.co.uk/flats-for-sale/london?page=8,2025-06-13 21:10:39,8
https://www.foxtons.co.uk/properties-for-sale/sw10/isln0087894,https://www.foxtons.co.uk/flats-for-sale/london?page=3,2025-06-13 21:10:10,3
https://www.foxtons.co.uk/properties-for-sale/sw10/kncl0029974,https://www.foxtons.co.uk/flats-for-sale/london?page=12,2025-06-13 21:11:01,12
https://www.foxtons.co.uk/properties-for-sale/sw10/kncl0043729,https://www.foxtons.co.uk/flats-for-sale/london?page=2,2025-06-13 21:10:05,2
https://www.foxtons.co.uk/properties-for-sale/sw10/kncl0052859,https://www.foxtons.co.uk/flats-for-sale/london?page=25,2025-06-13 21:12:13,25
https://www.foxtons.co.uk/properties-for-sale/sw10/kncl0094585,https://www.foxtons.co.uk/flats-for-sale/london?page=10,2025-06-13 21:10:50,10
https://www.foxtons.co.uk/properties-for-sale/sw10/kncl0184577,https://www.foxtons.co.uk/flats-for-sale/london?page=13,2025-06-13 21:11:07,13
https://www.foxtons.co.uk/properties-for-sale/sw10/kncl4337977,https://www.foxtons.co.uk/flats-for-sale/london?page=10,2025-06-13 21:10:50,10
https://www.foxtons.co.uk/properties-for-sale/sw10/nwca4355063,https://www.foxtons.co.uk/flats-for-sale/london?page=4,2025-06-13 21:10:16,4
https://www.foxtons.co.uk/properties-for-sale/sw10/nwca4355071,https://www.foxtons.co.uk/flats-for-sale/london?page=2,2025-06-13 21:10:05,2
https://www.foxtons.co.uk/properties-for-sale/sw10/nwca4355079,https://www.foxtons.co.uk/flats-for-sale/london?page=1,2025-06-13 21:09:59,1
https://www.foxtons.co.uk/properties-for-sale/sw10/nwca4932130,https://www.foxtons.co.uk/flats-for-sale/london?page=1,2025-06-13 21:09:59,1
https://www.foxtons.co.uk/properties-for-sale/sw10/nwca4932131,https://www.foxtons.co.uk/flats-for-sale/london?page=2,2025-06-13 21:10:05,2
https://www.foxtons.co.uk/properties-for-sale/sw10/nwca4932132,https://www.foxtons.co.uk/flats-for-sale/london?page=1,2025-06-13 21:09:59,1
https://www.foxtons.co.uk/properties-for-sale/sw10/nwca5232210,https://www.foxtons.co.uk/flats-for-sale/london?page=1,2025-06-13 21:09:59,1
https://www.foxtons.co.uk/properties-for-sale/sw10/nwca5233473,https://www.foxtons.co.uk/flats-for-sale/london?page=6,2025-06-13 21:10:28,6
https://www.foxtons.co.uk/properties-for-sale/sw10/nwca5233634,https://www.foxtons.co.uk/flats-for-sale/london?page=1,2025-06-13 21:09:59,1
https://www.foxtons.co.uk/properties-for-sale/sw10/nwca5237081,https://www.foxtons.co.uk/flats-for-sale/london?page=4,2025-06-13 21:10:16,4
https://www.foxtons.co.uk/properties-for-sale/sw10/nwca5251688,https://www.foxtons.co.uk/flats-for-sale/london?page=2,2025-06-13 21:10:05,2
https://www.foxtons.co.uk/properties-for-sale/sw10/nwca5272516,https://www.foxtons.co.uk/flats-for-sale/london?page=1,2025-06-13 21:09:59,1
https://www.foxtons.co.uk/properties-for-sale/sw10/nwca5272517,https://www.foxtons.co.uk/flats-for-sale/london?page=1,2025-06-13 21:09:59,1
https://www.foxtons.co.uk/properties-for-sale/sw10/nwca5272518,https://www.foxtons.co.uk/flats-for-sale/london?page=1,2025-06-13 21:09:59,1
https://www.foxtons.co.uk/properties-for-sale/sw10/ptny5270028,https://www.foxtons.co.uk/flats-for-sale/london?page=12,2025-06-13 21:11:01,12
https://www.foxtons.co.uk/properties-for-sale/sw10/slsq0154761,https://www.foxtons.co.uk/flats-for-sale/london?page=15,2025-06-13 21:11:17,15
https://www.foxtons.co.uk/properties-for-sale/sw10/wimb0090880,https://www.foxtons.co.uk/flats-for-sale/london?page=25,2025-06-13 21:12:13,25
https://www.foxtons.co.uk/properties-for-sale/sw11/balm0150310,https://www.foxtons.co.uk/flats-for-sale/london?page=50,2025-06-13 21:15:33,50
https://www.foxtons.co.uk/properties-for-sale/sw11/batt0032292,https://www.foxtons.co.uk/flats-for-sale/london?page=35,2025-06-13 21:13:07,35
https://www.foxtons.co.uk/properties-for-sale/sw11/batt0064017,https://www.foxtons.co.uk/flats-for-sale/london?page=7,2025-06-13 21:10:34,7
https://www.foxtons.co.uk/properties-for-sale/sw11/batt5268791,https://www.foxtons.co.uk/flats-for-sale/london?page=1,2025-06-13 21:09:59,1
https://www.foxtons.co.uk/properties-for-sale/sw11/batt6206381,https://www.foxtons.co.uk/flats-for-sale/london?page=54,2025-06-13 21:17:43,54
https://www.foxtons.co.uk/properties-for-sale/sw11/chpk0027613,https://www.foxtons.co.uk/flats-for-sale/london?page=29,2025-06-13 21:12:35,29
https://www.foxtons.co.uk/properties-for-sale/sw11/chpk0127313,https://www.foxtons.co.uk/flats-for-sale/london?page=29,2025-06-13 21:12:35,29
https://www.foxtons.co.uk/properties-for-sale/sw11/chpk0131564,https://www.foxtons.co.uk/houses-for-sale/london?page=7,2025-06-13 21:06:42,7
https://www.foxtons.co.uk/properties-for-sale/sw11/chpk0136006,https://www.foxtons.co.uk/flats-for-sale/london?page=1,2025-06-13 21:09:59,1
https://www.foxtons.co.uk/properties-for-sale/sw11/chpk0142926,https://www.foxtons.co.uk/flats-for-sale/london?page=53,2025-06-13 21:17:34,53
https://www.foxtons.co.uk/properties-for-sale/sw11/chpk0193175,https://www.foxtons.co.uk/flats-for-sale/london?page=18,2025-06-13 21:11:34,18
https://www.foxtons.co.uk/properties-for-sale/sw11/chpk0197186,https://www.foxtons.co.uk/flats-for-sale/london?page=6,2025-06-13 21:10:28,6
https://www.foxtons.co.uk/properties-for-sale/sw11/chpk0203646,https://www.foxtons.co.uk/flats-for-sale/london?page=8,2025-06-13 21:10:39,8
https://www.foxtons.co.uk/properties-for-sale/sw11/chpk0204931,https://www.foxtons.co.uk/flats-for-sale/london?page=8,2025-06-13 21:10:39,8
https://www.foxtons.co.uk/properties-for-sale/sw11/chpk0228549,https://www.foxtons.co.uk/flats-for-sale/london?page=23,2025-06-13 21:12:01,23
https://www.foxtons.co.uk/properties-for-sale/sw11/chpk0230010,https://www.foxtons.co.uk/flats-for-sale/london?page=14,2025-06-13 21:11:12,14
https://www.foxtons.co.uk/properties-for-sale/sw11/chpk0266363,https://www.foxtons.co.uk/flats-for-sale/london?page=32,2025-06-13 21:12:51,32
https://www.foxtons.co.uk/properties-for-sale/sw11/chpk0311721,https://www.foxtons.co.uk/houses-for-sale/london?page=2,2025-06-13 21:05:20,2
https://www.foxtons.co.uk/properties-for-sale/sw11/chpk0337456,https://www.foxtons.co.uk/properties-for-sale/balham?page=3,2025-06-13 21:31:21,3
https://www.foxtons.co.uk/properties-for-sale/sw11/chpk0345599,https://www.foxtons.co.uk/properties-for-sale/balham?page=1,2025-06-13 21:31:10,1
https://www.foxtons.co.uk/properties-for-sale/sw11/chpk0434896,https://www.foxtons.co.uk/properties-for-sale/balham?page=3,2025-06-13 21:31:21,3
https://www.foxtons.co.uk/properties-for-sale/sw11/chpk0436507,https://www.foxtons.co.uk/flats-for-sale/london?page=3,2025-06-13 21:10:10,3
https://www.foxtons.co.uk/properties-for-sale/sw11/chpk0436725,https://www.foxtons.co.uk/flats-for-sale/london?page=27,2025-06-13 21:12:24,27
https://www.foxtons.co.uk/properties-for-sale/sw11/chpk0440666,https://www.foxtons.co.uk/houses-for-sale/london?page=7,2025-06-13 21:06:42,7
https://www.foxtons.co.uk/properties-for-sale/sw11/chpk0440718,https://www.foxtons.co.uk/flats-for-sale/london?page=38,2025-06-13 21:13:26,38
https://www.foxtons.co.uk/properties-for-sale/sw11/chpk0445317,https://www.foxtons.co.uk/flats-for-sale/london?page=41,2025-06-13 21:13:43,41
https://www.foxtons.co.uk/properties-for-sale/sw11/chpk0450820,https://www.foxtons.co.uk/flats-for-sale/london?page=3,2025-06-13 21:10:10,3
https://www.foxtons.co.uk/properties-for-sale/sw11/chpk0450870,https://www.foxtons.co.uk/flats-for-sale/london?page=2,2025-06-13 21:10:05,2
https://www.foxtons.co.uk/properties-for-sale/sw11/chpk0450896,https://www.foxtons.co.uk/flats-for-sale/london?page=1,2025-06-13 21:09:59,1
https://www.foxtons.co.uk/properties-for-sale/sw11/chpk0453111,https://www.foxtons.co.uk/flats-for-sale/london?page=21,2025-06-13 21:11:50,21
https://www.foxtons.co.uk/properties-for-sale/sw11/chpk0453337,https://www.foxtons.co.uk/flats-for-sale/london?page=14,2025-06-13 21:11:12,14
https://www.foxtons.co.uk/properties-for-sale/sw11/chpk0453471,https://www.foxtons.co.uk/flats-for-sale/london?page=28,2025-06-13 21:12:29,28
https://www.foxtons.co.uk/properties-for-sale/sw11/chpk0458704,https://www.foxtons.co.uk/flats-for-sale/london?page=44,2025-06-13 21:13:59,44
https://www.foxtons.co.uk/properties-for-sale/sw11/chpk0459171,https://www.foxtons.co.uk/flats-for-sale/london?page=14,2025-06-13 21:11:12,14
https://www.foxtons.co.uk/properties-for-sale/sw11/chpk0465584,https://www.foxtons.co.uk/flats-for-sale/london?page=23,2025-06-13 21:12:01,23
https://www.foxtons.co.uk/properties-for-sale/sw11/chpk0467393,https://www.foxtons.co.uk/flats-for-sale/london?page=33,2025-06-13 21:12:57,33
https://www.foxtons.co.uk/properties-for-sale/sw11/chpk0469537,https://www.foxtons.co.uk/flats-for-sale/london?page=23,2025-06-13 21:12:01,23
https://www.foxtons.co.uk/properties-for-sale/sw11/chpk0476319,https://www.foxtons.co.uk/flats-for-sale/london?page=52,2025-06-13 21:17:29,52
https://www.foxtons.co.uk/properties-for-sale/sw11/chpk0476560,https://www.foxtons.co.uk/flats-for-sale/london?page=30,2025-06-13 21:12:40,30
https://www.foxtons.co.uk/properties-for-sale/sw11/chpk0480919,https://www.foxtons.co.uk/flats-for-sale/london?page=29,2025-06-13 21:12:35,29
https://www.foxtons.co.uk/properties-for-sale/sw11/chpk0481103,https://www.foxtons.co.uk/houses-for-sale/london?page=2,2025-06-13 21:05:20,2
https://www.foxtons.co.uk/properties-for-sale/sw11/chpk0486032,https://www.foxtons.co.uk/properties-for-sale/balham?page=3,2025-06-13 21:31:21,3
https://www.foxtons.co.uk/properties-for-sale/sw11/chpk1490840,https://www.foxtons.co.uk/properties-for-sale/balham?page=3,2025-06-13 21:31:21,3
https://www.foxtons.co.uk/properties-for-sale/sw11/chpk1583911,https://www.foxtons.co.uk/flats-for-sale/london?page=43,2025-06-13 21:13:54,43
https://www.foxtons.co.uk/properties-for-sale/sw11/chpk1634558,https://www.foxtons.co.uk/flats-for-sale/london?page=19,2025-06-13 21:11:39,19
https://www.foxtons.co.uk/properties-for-sale/sw11/chpk1720536,https://www.foxtons.co.uk/properties-for-sale/balham?page=3,2025-06-13 21:31:21,3
https://www.foxtons.co.uk/properties-for-sale/sw11/chpk3356944,https://www.foxtons.co.uk/flats-for-sale/london?page=19,2025-06-13 21:11:39,19
https://www.foxtons.co.uk/properties-for-sale/sw11/chpk3388417,https://www.foxtons.co.uk/flats-for-sale/london?page=11,2025-06-13 21:10:56,11
https://www.foxtons.co.uk/properties-for-sale/sw11/chpk3577879,https://www.foxtons.co.uk/flats-for-sale/london?page=43,2025-06-13 21:13:54,43
https://www.foxtons.co.uk/properties-for-sale/sw11/chpk3578214,https://www.foxtons.co.uk/flats-for-sale/london?page=11,2025-06-13 21:10:56,11
https://www.foxtons.co.uk/properties-for-sale/sw11/chpk3596678,https://www.foxtons.co.uk/flats-for-sale/london?page=20,2025-06-13 21:11:45,20
https://www.foxtons.co.uk/properties-for-sale/sw11/chpk3596681,https://www.foxtons.co.uk/flats-for-sale/london?page=37,2025-06-13 21:13:20,37
https://www.foxtons.co.uk/properties-for-sale/sw11/chpk3642836,https://www.foxtons.co.uk/flats-for-sale/london?page=34,2025-06-13 21:13:02,34
https://www.foxtons.co.uk/properties-for-sale/sw11/chpk3713124,https://www.foxtons.co.uk/flats-for-sale/london?page=30,2025-06-13 21:12:40,30
https://www.foxtons.co.uk/properties-for-sale/sw11/chpk4068010,https://www.foxtons.co.uk/flats-for-sale/london?page=20,2025-06-13 21:11:45,20
https://www.foxtons.co.uk/properties-for-sale/sw11/chpk4072356,https://www.foxtons.co.uk/flats-for-sale/london?page=16,2025-06-13 21:11:23,16
https://www.foxtons.co.uk/properties-for-sale/sw11/chpk4136200,https://www.foxtons.co.uk/properties-for-sale/balham?page=3,2025-06-13 21:31:21,3
https://www.foxtons.co.uk/properties-for-sale/sw11/chpk4323714,https://www.foxtons.co.uk/flats-for-sale/london?page=12,2025-06-13 21:11:01,12
https://www.foxtons.co.uk/properties-for-sale/sw11/chpk4330469,https://www.foxtons.co.uk/flats-for-sale/london?page=26,2025-06-13 21:12:18,26
https://www.foxtons.co.uk/properties-for-sale/sw11/chpk4333740,https://www.foxtons.co.uk/flats-for-sale/london?page=10,2025-06-13 21:10:50,10
https://www.foxtons.co.uk/properties-for-sale/sw11/chpk4334676,https://www.foxtons.co.uk/flats-for-sale/london?page=9,2025-06-13 21:10:45,9
https://www.foxtons.co.uk/properties-for-sale/sw11/chpk4343604,https://www.foxtons.co.uk/flats-for-sale/london?page=5,2025-06-13 21:10:22,5
https://www.foxtons.co.uk/properties-for-sale/sw11/chpk4348340,https://www.foxtons.co.uk/flats-for-sale/london?page=15,2025-06-13 21:11:17,15
https://www.foxtons.co.uk/properties-for-sale/sw11/chpk4414685,https://www.foxtons.co.uk/flats-for-sale/london?page=6,2025-06-13 21:10:28,6
https://www.foxtons.co.uk/properties-for-sale/sw11/chpk4414749,https://www.foxtons.co.uk/flats-for-sale/london?page=13,2025-06-13 21:11:07,13
https://www.foxtons.co.uk/properties-for-sale/sw11/chpk4414760,https://www.foxtons.co.uk/flats-for-sale/london?page=17,2025-06-13 21:11:29,17
https://www.foxtons.co.uk/properties-for-sale/sw11/chpk4415183,https://www.foxtons.co.uk/flats-for-sale/london?page=13,2025-06-13 21:11:07,13
https://www.foxtons.co.uk/properties-for-sale/sw11/chpk4415392,https://www.foxtons.co.uk/flats-for-sale/london?page=18,2025-06-13 21:11:34,18
https://www.foxtons.co.uk/properties-for-sale/sw11/chpk4434547,https://www.foxtons.co.uk/flats-for-sale/london?page=22,2025-06-13 21:11:56,22
https://www.foxtons.co.uk/properties-for-sale/sw11/chpk4542949,https://www.foxtons.co.uk/flats-for-sale/london?page=9,2025-06-13 21:10:45,9
https://www.foxtons.co.uk/properties-for-sale/sw11/chpk4543094,https://www.foxtons.co.uk/flats-for-sale/london?page=4,2025-06-13 21:10:16,4
https://www.foxtons.co.uk/properties-for-sale/sw11/chpk4550760,https://www.foxtons.co.uk/flats-for-sale/london?page=9,2025-06-13 21:10:45,9
https://www.foxtons.co.uk/properties-for-sale/sw11/chpk4557263,https://www.foxtons.co.uk/flats-for-sale/london?page=22,2025-06-13 21:11:56,22
https://www.foxtons.co.uk/properties-for-sale/sw11/chpk4627474,https://www.foxtons.co.uk/flats-for-sale/london?page=24,2025-06-13 21:12:07,24
https://www.foxtons.co.uk/properties-for-sale/sw11/chpk4637625,https://www.foxtons.co.uk/flats-for-sale/london?page=33,2025-06-13 21:12:57,33
https://www.foxtons.co.uk/properties-for-sale/sw11/chpk4637632,https://www.foxtons.co.uk/flats-for-sale/london?page=24,2025-06-13 21:12:07,24
https://www.foxtons.co.uk/properties-for-sale/sw11/chpk4655912,https://www.foxtons.co.uk/flats-for-sale/london?page=6,2025-06-13 21:10:28,6
https://www.foxtons.co.uk/properties-for-sale/sw11/chpk4655922,https://www.foxtons.co.uk/flats-for-sale/london?page=4,2025-06-13 21:10:16,4
https://www.foxtons.co.uk/properties-for-sale/sw11/chpk4655954,https://www.foxtons.co.uk/flats-for-sale/london?page=6,2025-06-13 21:10:28,6
https://www.foxtons.co.uk/properties-for-sale/sw11/chpk5155520,https://www.foxtons.co.uk/flats-for-sale/london?page=15,2025-06-13 21:11:17,15
https://www.foxtons.co.uk/properties-for-sale/sw11/chpk5155578,https://www.foxtons.co.uk/flats-for-sale/london?page=1,2025-06-13 21:09:59,1
https://www.foxtons.co.uk/properties-for-sale/sw11/chpk5222058,https://www.foxtons.co.uk/flats-for-sale/london?page=17,2025-06-13 21:11:29,17
https://www.foxtons.co.uk/properties-for-sale/sw11/chpk5262488,https://www.foxtons.co.uk/flats-for-sale/london?page=7,2025-06-13 21:10:34,7
https://www.foxtons.co.uk/properties-for-sale/sw11/chpk5269149,https://www.foxtons.co.uk/flats-for-sale/london?page=17,2025-06-13 21:11:29,17
https://www.foxtons.co.uk/properties-for-sale/sw11/chpk5270755,https://www.foxtons.co.uk/flats-for-sale/london?page=6,2025-06-13 21:10:28,6
https://www.foxtons.co.uk/properties-for-sale/sw11/chpk5762223,https://www.foxtons.co.uk/flats-for-sale/london?page=18,2025-06-13 21:11:34,18
https://www.foxtons.co.uk/properties-for-sale/sw11/chpk5813889,https://www.foxtons.co.uk/flats-for-sale/london?page=13,2025-06-13 21:11:07,13
https://www.foxtons.co.uk/properties-for-sale/sw11/chpk5865635,https://www.foxtons.co.uk/flats-for-sale/london?page=10,2025-06-13 21:10:50,10
https://www.foxtons.co.uk/properties-for-sale/sw11/chpk5891635,https://www.foxtons.co.uk/flats-for-sale/london?page=2,2025-06-13 21:10:05,2
https://www.foxtons.co.uk/properties-for-sale/sw11/chpk5967209,https://www.foxtons.co.uk/flats-for-sale/london?page=24,2025-06-13 21:12:07,24
https://www.foxtons.co.uk/properties-for-sale/sw11/chpk6198703,https://www.foxtons.co.uk/flats-for-sale/london?page=7,2025-06-13 21:10:34,7
https://www.foxtons.co.uk/properties-for-sale/sw11/chpk6199379,https://www.foxtons.co.uk/flats-for-sale/london?page=5,2025-06-13 21:10:22,5
https://www.foxtons.co.uk/properties-for-sale/sw11/chpk6204813,https://www.foxtons.co.uk/flats-for-sale/london?page=14,2025-06-13 21:11:12,14
https://www.foxtons.co.uk/properties-for-sale/sw11/chpk6205044,https://www.foxtons.co.uk/flats-for-sale/london?page=10,2025-06-13 21:10:50,10
https://www.foxtons.co.uk/properties-for-sale/sw11/chpk6205626,https://www.foxtons.co.uk/flats-for-sale/london?page=54,2025-06-13 21:17:43,54
https://www.foxtons.co.uk/properties-for-sale/sw11/nwca5223583,https://www.foxtons.co.uk/flats-for-sale/london?page=19,2025-06-13 21:11:39,19
https://www.foxtons.co.uk/properties-for-sale/sw11/nwca5224175,https://www.foxtons.co.uk/flats-for-sale/london?page=23,2025-06-13 21:12:01,23
https://www.foxtons.co.uk/properties-for-sale/sw11/nwca5224176,https://www.foxtons.co.uk/flats-for-sale/london?page=12,2025-06-13 21:11:01,12
https://www.foxtons.co.uk/properties-for-sale/sw11/nwca5224177,https://www.foxtons.co.uk/flats-for-sale/london?page=4,2025-06-13 21:10:16,4
https://www.foxtons.co.uk/properties-for-sale/sw11/nwca5231562,https://www.foxtons.co.uk/flats-for-sale/london?page=3,2025-06-13 21:10:10,3
https://www.foxtons.co.uk/properties-for-sale/sw11/nwca5261602,https://www.foxtons.co.uk/flats-for-sale/london?page=13,2025-06-13 21:11:07,13
https://www.foxtons.co.uk/properties-for-sale/sw11/nwca5261603,https://www.foxtons.co.uk/flats-for-sale/london?page=5,2025-06-13 21:10:22,5
https://www.foxtons.co.uk/properties-for-sale/sw11/nwca5271301,https://www.foxtons.co.uk/flats-for-sale/london?page=15,2025-06-13 21:11:17,15
https://www.foxtons.co.uk/properties-for-sale/sw11/nwca5271304,https://www.foxtons.co.uk/flats-for-sale/london?page=7,2025-06-13 21:10:34,7
https://www.foxtons.co.uk/properties-for-sale/sw11/nwca6205441,https://www.foxtons.co.uk/flats-for-sale/london?page=8,2025-06-13 21:10:39,8
https://www.foxtons.co.uk/properties-for-sale/sw11/nwca6205677,https://www.foxtons.co.uk/flats-for-sale/london?page=20,2025-06-13 21:11:45,20
https://www.foxtons.co.uk/properties-for-sale/sw11/nwhm0134249,https://www.foxtons.co.uk/flats-for-sale/london?page=10,2025-06-13 21:10:50,10
https://www.foxtons.co.uk/properties-for-sale/sw11/vaux5266722,https://www.foxtons.co.uk/flats-for-sale/london?page=4,2025-06-13 21:10:16,4
https://www.foxtons.co.uk/properties-for-sale/sw12/balm0190678,https://www.foxtons.co.uk/flats-for-sale/london?page=38,2025-06-13 21:13:26,38
https://www.foxtons.co.uk/properties-for-sale/sw12/chpk0189260,https://www.foxtons.co.uk/houses-for-sale/london?page=2,2025-06-13 21:05:20,2
https://www.foxtons.co.uk/properties-for-sale/sw12/chpk0344855,https://www.foxtons.co.uk/flats-for-sale/london?page=15,2025-06-13 21:11:17,15
https://www.foxtons.co.uk/properties-for-sale/sw12/chpk0434099,https://www.foxtons.co.uk/flats-for-sale/london?page=11,2025-06-13 21:10:56,11
https://www.foxtons.co.uk/properties-for-sale/sw12/chpk0434135,https://www.foxtons.co.uk/flats-for-sale/london?page=7,2025-06-13 21:10:34,7
https://www.foxtons.co.uk/properties-for-sale/sw12/chpk0446563,https://www.foxtons.co.uk/flats-for-sale/london?page=16,2025-06-13 21:11:23,16
https://www.foxtons.co.uk/properties-for-sale/sw12/chpk0446591,https://www.foxtons.co.uk/houses-for-sale/london?page=3,2025-06-13 21:05:38,3
https://www.foxtons.co.uk/properties-for-sale/sw12/chpk0451091,https://www.foxtons.co.uk/flats-for-sale/london?page=9,2025-06-13 21:10:45,9
https://www.foxtons.co.uk/properties-for-sale/sw12/chpk0452548,https://www.foxtons.co.uk/flats-for-sale/london?page=11,2025-06-13 21:10:56,11
https://www.foxtons.co.uk/properties-for-sale/sw12/chpk0455706,https://www.foxtons.co.uk/houses-for-sale/london?page=3,2025-06-13 21:05:38,3
https://www.foxtons.co.uk/properties-for-sale/sw12/chpk0456157,https://www.foxtons.co.uk/flats-for-sale/london?page=14,2025-06-13 21:11:12,14
https://www.foxtons.co.uk/properties-for-sale/sw12/chpk0457662,https://www.foxtons.co.uk/houses-for-sale/london?page=13,2025-06-13 21:09:51,13
https://www.foxtons.co.uk/properties-for-sale/sw12/chpk0459591,https://www.foxtons.co.uk/flats-for-sale/london?page=37,2025-06-13 21:13:20,37
https://www.foxtons.co.uk/properties-for-sale/sw12/chpk1243460,https://www.foxtons.co.uk/flats-for-sale/london?page=46,2025-06-13 21:14:10,46
https://www.foxtons.co.uk/properties-for-sale/sw12/chpk1324138,https://www.foxtons.co.uk/flats-for-sale/london?page=32,2025-06-13 21:12:51,32
https://www.foxtons.co.uk/properties-for-sale/sw12/chpk1828101,https://www.foxtons.co.uk/flats-for-sale/london?page=34,2025-06-13 21:13:02,34
https://www.foxtons.co.uk/properties-for-sale/sw12/chpk4415841,https://www.foxtons.co.uk/flats-for-sale/london?page=20,2025-06-13 21:11:45,20
https://www.foxtons.co.uk/properties-for-sale/sw12/chpk5119855,https://www.foxtons.co.uk/flats-for-sale/london?page=27,2025-06-13 21:12:24,27
https://www.foxtons.co.uk/properties-for-sale/sw12/chpk5182357,https://www.foxtons.co.uk/flats-for-sale/london?page=13,2025-06-13 21:11:07,13
https://www.foxtons.co.uk/properties-for-sale/sw12/nwca5247966,https://www.foxtons.co.uk/flats-for-sale/london?page=17,2025-06-13 21:11:29,17
https://www.foxtons.co.uk/properties-for-sale/sw12/nwca5247967,https://www.foxtons.co.uk/flats-for-sale/london?page=12,2025-06-13 21:11:01,12
https://www.foxtons.co.uk/properties-for-sale/sw12/nwca5247968,https://www.foxtons.co.uk/flats-for-sale/london?page=6,2025-06-13 21:10:28,6
https://www.foxtons.co.uk/properties-for-sale/sw12/wimb0070687,https://www.foxtons.co.uk/flats-for-sale/london?page=17,2025-06-13 21:11:29,17
https://www.foxtons.co.uk/properties-for-sale/sw13/chpk0439076,https://www.foxtons.co.uk/flats-for-sale/london?page=16,2025-06-13 21:11:23,16
https://www.foxtons.co.uk/properties-for-sale/sw13/chpk0443062,https://www.foxtons.co.uk/flats-for-sale/london?page=8,2025-06-13 21:10:39,8
https://www.foxtons.co.uk/properties-for-sale/sw15/batt0120749,https://www.foxtons.co.uk/flats-for-sale/london?page=47,2025-06-13 21:14:29,47
https://www.foxtons.co.uk/properties-for-sale/sw15/batt0236230,https://www.foxtons.co.uk/flats-for-sale/london?page=19,2025-06-13 21:11:39,19
https://www.foxtons.co.uk/properties-for-sale/sw15/chpk0112218,https://www.foxtons.co.uk/properties-for-sale/london?page=8,2025-06-13 21:18:39,8
https://www.foxtons.co.uk/properties-for-sale/sw15/chpk0121728,https://www.foxtons.co.uk/flats-for-sale/london?page=19,2025-06-13 21:11:39,19
https://www.foxtons.co.uk/properties-for-sale/sw15/chpk0137714,https://www.foxtons.co.uk/flats-for-sale/london?page=53,2025-06-13 21:17:34,53
https://www.foxtons.co.uk/properties-for-sale/sw15/chpk0241302,https://www.foxtons.co.uk/houses-for-sale/london?page=12,2025-06-13 21:09:46,12
https://www.foxtons.co.uk/properties-for-sale/sw15/chpk0253686,https://www.foxtons.co.uk/flats-for-sale/london?page=19,2025-06-13 21:11:39,19
https://www.foxtons.co.uk/properties-for-sale/sw15/chpk0324929,https://www.foxtons.co.uk/properties-for-sale/putney?page=2,2025-06-13 23:50:38,2
https://www.foxtons.co.uk/properties-for-sale/sw15/chpk0330078,https://www.foxtons.co.uk/flats-for-sale/london?page=14,2025-06-13 21:11:12,14
https://www.foxtons.co.uk/properties-for-sale/sw15/chpk0331811,https://www.foxtons.co.uk/flats-for-sale/london?page=35,2025-06-13 21:13:07,35
https://www.foxtons.co.uk/properties-for-sale/sw15/chpk0340622,https://www.foxtons.co.uk/flats-for-sale/london?page=6,2025-06-13 21:10:28,6
https://www.foxtons.co.uk/properties-for-sale/sw15/chpk0364605,https://www.foxtons.co.uk/flats-for-sale/london?page=24,2025-06-13 21:12:07,24
https://www.foxtons.co.uk/properties-for-sale/sw15/chpk0366215,https://www.foxtons.co.uk/houses-for-sale/london?page=5,2025-06-13 21:06:19,5
https://www.foxtons.co.uk/properties-for-sale/sw15/chpk0369932,https://www.foxtons.co.uk/flats-for-sale/london?page=52,2025-06-13 21:17:29,52
https://www.foxtons.co.uk/properties-for-sale/sw15/chpk0403443,https://www.foxtons.co.uk/flats-for-sale/london?page=35,2025-06-13 21:13:07,35
https://www.foxtons.co.uk/properties-for-sale/sw15/chpk0404868,https://www.foxtons.co.uk/flats-for-sale/london?page=14,2025-06-13 21:11:12,14
https://www.foxtons.co.uk/properties-for-sale/sw15/chpk0405030,https://www.foxtons.co.uk/flats-for-sale/london?page=35,2025-06-13 21:13:07,35
https://www.foxtons.co.uk/properties-for-sale/sw15/chpk0406007,https://www.foxtons.co.uk/flats-for-sale/london?page=53,2025-06-13 21:17:34,53
https://www.foxtons.co.uk/properties-for-sale/sw15/chpk0407465,https://www.foxtons.co.uk/flats-for-sale/london?page=32,2025-06-13 21:12:51,32
https://www.foxtons.co.uk/properties-for-sale/sw15/chpk0408416,https://www.foxtons.co.uk/flats-for-sale/london?page=12,2025-06-13 21:11:01,12
https://www.foxtons.co.uk/properties-for-sale/sw15/chpk0412046,https://www.foxtons.co.uk/flats-for-sale/london?page=27,2025-06-13 21:12:24,27
https://www.foxtons.co.uk/properties-for-sale/sw15/chpk0412082,https://www.foxtons.co.uk/houses-for-sale/london?page=9,2025-06-13 21:07:22,9
https://www.foxtons.co.uk/properties-for-sale/sw15/chpk0413632,https://www.foxtons.co.uk/properties-for-sale/london?page=20,2025-06-13 21:20:09,20
https://www.foxtons.co.uk/properties-for-sale/sw15/chpk0414057,https://www.foxtons.co.uk/flats-for-sale/london?page=37,2025-06-13 21:13:20,37
https://www.foxtons.co.uk/properties-for-sale/sw15/chpk0414061,https://www.foxtons.co.uk/flats-for-sale/london?page=29,2025-06-13 21:12:35,29
https://www.foxtons.co.uk/properties-for-sale/sw15/chpk0414075,https://www.foxtons.co.uk/flats-for-sale/london?page=32,2025-06-13 21:12:51,32
https://www.foxtons.co.uk/properties-for-sale/sw15/chpk0414555,https://www.foxtons.co.uk/flats-for-sale/london?page=32,2025-06-13 21:12:51,32
https://www.foxtons.co.uk/properties-for-sale/sw15/chpk0417241,https://www.foxtons.co.uk/houses-for-sale/london?page=3,2025-06-13 21:05:38,3
https://www.foxtons.co.uk/properties-for-sale/sw15/chpk0417968,https://www.foxtons.co.uk/flats-for-sale/london?page=19,2025-06-13 21:11:39,19
https://www.foxtons.co.uk/properties-for-sale/sw15/chpk0418168,https://www.foxtons.co.uk/flats-for-sale/london?page=35,2025-06-13 21:13:07,35
https://www.foxtons.co.uk/properties-for-sale/sw15/chpk0418308,https://www.foxtons.co.uk/flats-for-sale/london?page=32,2025-06-13 21:12:51,32
https://www.foxtons.co.uk/properties-for-sale/sw15/chpk0419301,https://www.foxtons.co.uk/flats-for-sale/london?page=53,2025-06-13 21:17:34,53
https://www.foxtons.co.uk/properties-for-sale/sw15/chpk0421487,https://www.foxtons.co.uk/flats-for-sale/london?page=3,2025-06-13 21:10:10,3
https://www.foxtons.co.uk/properties-for-sale/sw15/chpk0424189,https://www.foxtons.co.uk/flats-for-sale/london?page=50,2025-06-13 21:15:33,50
https://www.foxtons.co.uk/properties-for-sale/sw15/chpk0425082,https://www.foxtons.co.uk/houses-for-sale/london?page=7,2025-06-13 21:06:42,7
https://www.foxtons.co.uk/properties-for-sale/sw15/chpk0425318,https://www.foxtons.co.uk/flats-for-sale/london?page=27,2025-06-13 21:12:24,27
https://www.foxtons.co.uk/properties-for-sale/sw15/chpk0425690,https://www.foxtons.co.uk/flats-for-sale/london?page=23,2025-06-13 21:12:01,23
https://www.foxtons.co.uk/properties-for-sale/sw15/chpk0428023,https://www.foxtons.co.uk/flats-for-sale/london?page=27,2025-06-13 21:12:24,27
https://www.foxtons.co.uk/properties-for-sale/sw15/chpk0429162,https://www.foxtons.co.uk/flats-for-sale/london?page=27,2025-06-13 21:12:24,27
https://www.foxtons.co.uk/properties-for-sale/sw15/chpk0429470,https://www.foxtons.co.uk/flats-for-sale/london?page=6,2025-06-13 21:10:28,6
https://www.foxtons.co.uk/properties-for-sale/sw15/chpk0430394,https://www.foxtons.co.uk/flats-for-sale/london?page=21,2025-06-13 21:11:50,21
https://www.foxtons.co.uk/properties-for-sale/sw15/chpk0432276,https://www.foxtons.co.uk/flats-for-sale/london?page=41,2025-06-13 21:13:43,41
https://www.foxtons.co.uk/properties-for-sale/sw15/chpk0432491,https://www.foxtons.co.uk/flats-for-sale/london?page=52,2025-06-13 21:17:29,52
https://www.foxtons.co.uk/properties-for-sale/sw15/chpk1151591,https://www.foxtons.co.uk/flats-for-sale/london?page=23,2025-06-13 21:12:01,23
https://www.foxtons.co.uk/properties-for-sale/sw15/chpk1187348,https://www.foxtons.co.uk/flats-for-sale/london?page=42,2025-06-13 21:13:48,42
https://www.foxtons.co.uk/properties-for-sale/sw15/chpk1237559,https://www.foxtons.co.uk/flats-for-sale/london?page=37,2025-06-13 21:13:20,37
https://www.foxtons.co.uk/properties-for-sale/sw15/chpk1679318,https://www.foxtons.co.uk/flats-for-sale/london?page=23,2025-06-13 21:12:01,23
https://www.foxtons.co.uk/properties-for-sale/sw15/chpk2024750,https://www.foxtons.co.uk/flats-for-sale/london?page=7,2025-06-13 21:10:34,7
https://www.foxtons.co.uk/properties-for-sale/sw15/chpk3379205,https://www.foxtons.co.uk/houses-for-sale/london?page=2,2025-06-13 21:05:20,2
https://www.foxtons.co.uk/properties-for-sale/sw15/chpk3391929,https://www.foxtons.co.uk/flats-for-sale/london?page=43,2025-06-13 21:13:54,43
https://www.foxtons.co.uk/properties-for-sale/sw15/chpk3642139,https://www.foxtons.co.uk/flats-for-sale/london?page=31,2025-06-13 21:12:46,31
https://www.foxtons.co.uk/properties-for-sale/sw15/chpk3717991,https://www.foxtons.co.uk/flats-for-sale/london?page=19,2025-06-13 21:11:39,19
https://www.foxtons.co.uk/properties-for-sale/sw15/chpk3717992,https://www.foxtons.co.uk/flats-for-sale/london?page=34,2025-06-13 21:13:02,34
https://www.foxtons.co.uk/properties-for-sale/sw15/chpk3717995,https://www.foxtons.co.uk/flats-for-sale/london?page=22,2025-06-13 21:11:56,22
https://www.foxtons.co.uk/properties-for-sale/sw15/chpk3717996,https://www.foxtons.co.uk/flats-for-sale/london?page=48,2025-06-13 21:14:37,48
https://www.foxtons.co.uk/properties-for-sale/sw15/chpk3880896,https://www.foxtons.co.uk/flats-for-sale/london?page=10,2025-06-13 21:10:50,10
https://www.foxtons.co.uk/properties-for-sale/sw15/chpk4321830,https://www.foxtons.co.uk/flats-for-sale/london?page=28,2025-06-13 21:12:29,28
https://www.foxtons.co.uk/properties-for-sale/sw15/chpk4343901,https://www.foxtons.co.uk/flats-for-sale/london?page=16,2025-06-13 21:11:23,16
https://www.foxtons.co.uk/properties-for-sale/sw15/chpk4343912,https://www.foxtons.co.uk/flats-for-sale/london?page=34,2025-06-13 21:13:02,34
https://www.foxtons.co.uk/properties-for-sale/sw15/chpk4343915,https://www.foxtons.co.uk/flats-for-sale/london?page=18,2025-06-13 21:11:34,18
https://www.foxtons.co.uk/properties-for-sale/sw15/chpk4384806,https://www.foxtons.co.uk/houses-for-sale/london?page=3,2025-06-13 21:05:38,3
https://www.foxtons.co.uk/properties-for-sale/sw15/chpk4633885,https://www.foxtons.co.uk/flats-for-sale/london?page=22,2025-06-13 21:11:56,22
https://www.foxtons.co.uk/properties-for-sale/sw15/chpk5268534,https://www.foxtons.co.uk/properties-for-sale/putney?page=1,2025-06-13 23:50:33,1
https://www.foxtons.co.uk/properties-for-sale/sw15/kngs6199138,https://www.foxtons.co.uk/houses-for-sale/london?page=3,2025-06-13 21:05:38,3
https://www.foxtons.co.uk/properties-for-sale/sw15/nwca5262767,https://www.foxtons.co.uk/flats-for-sale/london?page=7,2025-06-13 21:10:34,7
https://www.foxtons.co.uk/properties-for-sale/sw15/nwca5269412,https://www.foxtons.co.uk/flats-for-sale/london?page=20,2025-06-13 21:11:45,20
https://www.foxtons.co.uk/properties-for-sale/sw15/ptny0064337,https://www.foxtons.co.uk/properties-for-sale/putney?page=1,2025-06-13 23:50:33,1
https://www.foxtons.co.uk/properties-for-sale/sw15/ptny0064796,https://www.foxtons.co.uk/houses-for-sale/london?page=3,2025-06-13 21:05:38,3
https://www.foxtons.co.uk/properties-for-sale/sw15/ptny0168599,https://www.foxtons.co.uk/flats-for-sale/london?page=42,2025-06-13 21:13:48,42
https://www.foxtons.co.uk/properties-for-sale/sw15/ptny0211791,https://www.foxtons.co.uk/flats-for-sale/london?page=47,2025-06-13 21:14:29,47
https://www.foxtons.co.uk/properties-for-sale/sw15/ptny0231957,https://www.foxtons.co.uk/flats-for-sale/london?page=21,2025-06-13 21:11:50,21
https://www.foxtons.co.uk/properties-for-sale/sw15/ptny0237469,https://www.foxtons.co.uk/flats-for-sale/london?page=14,2025-06-13 21:11:12,14
https://www.foxtons.co.uk/properties-for-sale/sw15/ptny4420397,https://www.foxtons.co.uk/flats-for-sale/london?page=15,2025-06-13 21:11:17,15
https://www.foxtons.co.uk/properties-for-sale/sw15/ptny5260592,https://www.foxtons.co.uk/flats-for-sale/london?page=54,2025-06-13 21:17:43,54
https://www.foxtons.co.uk/properties-for-sale/sw15/sjwd0068626,https://www.foxtons.co.uk/flats-for-sale/london?page=7,2025-06-13 21:10:34,7
https://www.foxtons.co.uk/properties-for-sale/sw16/balm0137633,https://www.foxtons.co.uk/flats-for-sale/london?page=29,2025-06-13 21:12:35,29
https://www.foxtons.co.uk/properties-for-sale/sw16/balm0164395,https://www.foxtons.co.uk/flats-for-sale/london?page=53,2025-06-13 21:17:34,53
https://www.foxtons.co.uk/properties-for-sale/sw16/balm0181710,https://www.foxtons.co.uk/properties-for-sale/norbury?page=1,2025-06-13 23:40:54,1
https://www.foxtons.co.uk/properties-for-sale/sw16/balm0193724,https://www.foxtons.co.uk/flats-for-sale/london?page=44,2025-06-13 21:13:59,44
https://www.foxtons.co.uk/properties-for-sale/sw16/chpk0112161,https://www.foxtons.co.uk/flats-for-sale/london?page=53,2025-06-13 21:17:34,53
https://www.foxtons.co.uk/properties-for-sale/sw16/chpk0124580,https://www.foxtons.co.uk/properties-for-sale/balham?page=3,2025-06-13 21:31:21,3
https://www.foxtons.co.uk/properties-for-sale/sw16/chpk0187160,https://www.foxtons.co.uk/houses-for-sale/london?page=2,2025-06-13 21:05:20,2
https://www.foxtons.co.uk/properties-for-sale/sw16/chpk0224646,https://www.foxtons.co.uk/flats-for-sale/london?page=44,2025-06-13 21:13:59,44
https://www.foxtons.co.uk/properties-for-sale/sw16/chpk0316934,https://www.foxtons.co.uk/flats-for-sale/london?page=52,2025-06-13 21:17:29,52
https://www.foxtons.co.uk/properties-for-sale/sw16/chpk0336619,https://www.foxtons.co.uk/properties-for-sale/norbury?page=1,2025-06-13 23:40:54,1
https://www.foxtons.co.uk/properties-for-sale/sw16/chpk0376580,https://www.foxtons.co.uk/houses-for-sale/london?page=2,2025-06-13 21:05:20,2
https://www.foxtons.co.uk/properties-for-sale/sw16/chpk0376722,https://www.foxtons.co.uk/properties-for-sale/crystal-palace?page=1,2025-06-13 22:59:56,1
https://www.foxtons.co.uk/properties-for-sale/sw16/chpk0378901,https://www.foxtons.co.uk/flats-for-sale/london?page=46,2025-06-13 21:14:10,46
https://www.foxtons.co.uk/properties-for-sale/sw16/chpk0379278,https://www.foxtons.co.uk/houses-for-sale/london?page=11,2025-06-13 21:09:41,11
https://www.foxtons.co.uk/properties-for-sale/sw16/chpk0379436,https://www.foxtons.co.uk/properties-for-sale/london?page=21,2025-06-13 21:20:15,21
https://www.foxtons.co.uk/properties-for-sale/sw16/chpk0379441,https://www.foxtons.co.uk/houses-for-sale/london?page=11,2025-06-13 21:09:41,11
https://www.foxtons.co.uk/properties-for-sale/sw16/chpk0379502,https://www.foxtons.co.uk/flats-for-sale/london?page=46,2025-06-13 21:14:10,46
https://www.foxtons.co.uk/properties-for-sale/sw16/chpk0382162,https://www.foxtons.co.uk/houses-for-sale/london?page=12,2025-06-13 21:09:46,12
https://www.foxtons.co.uk/properties-for-sale/sw16/chpk0383025,https://www.foxtons.co.uk/houses-for-sale/london?page=12,2025-06-13 21:09:46,12
https://www.foxtons.co.uk/properties-for-sale/sw16/chpk0383762,https://www.foxtons.co.uk/houses-for-sale/london?page=5,2025-06-13 21:06:19,5
https://www.foxtons.co.uk/properties-for-sale/sw16/chpk0384680,https://www.foxtons.co.uk/houses-for-sale/london?page=7,2025-06-13 21:06:42,7
https://www.foxtons.co.uk/properties-for-sale/sw16/chpk0386514,https://www.foxtons.co.uk/flats-for-sale/london?page=50,2025-06-13 21:15:33,50
https://www.foxtons.co.uk/properties-for-sale/sw16/chpk0387646,https://www.foxtons.co.uk/houses-for-sale/london?page=11,2025-06-13 21:09:41,11
https://www.foxtons.co.uk/properties-for-sale/sw16/chpk0388177,https://www.foxtons.co.uk/properties-for-sale/london?page=21,2025-06-13 21:20:15,21
https://www.foxtons.co.uk/properties-for-sale/sw16/chpk0389039,https://www.foxtons.co.uk/houses-for-sale/london?page=11,2025-06-13 21:09:41,11
https://www.foxtons.co.uk/properties-for-sale/sw16/chpk0389940,https://www.foxtons.co.uk/houses-for-sale/london?page=13,2025-06-13 21:09:51,13
https://www.foxtons.co.uk/properties-for-sale/sw16/chpk0390065,https://www.foxtons.co.uk/flats-for-sale/london?page=54,2025-06-13 21:17:43,54
https://www.foxtons.co.uk/properties-for-sale/sw16/chpk0390105,https://www.foxtons.co.uk/houses-for-sale/london?page=12,2025-06-13 21:09:46,12
https://www.foxtons.co.uk/properties-for-sale/sw16/chpk0393942,https://www.foxtons.co.uk/flats-for-sale/london?page=32,2025-06-13 21:12:51,32
https://www.foxtons.co.uk/properties-for-sale/sw16/chpk0394143,https://www.foxtons.co.uk/properties-for-sale/london?page=9,2025-06-13 21:18:45,9
https://www.foxtons.co.uk/properties-for-sale/sw16/chpk0394162,https://www.foxtons.co.uk/properties-for-sale/norbury?page=1,2025-06-13 23:40:54,1
https://www.foxtons.co.uk/properties-for-sale/sw16/chpk0394244,https://www.foxtons.co.uk/houses-for-sale/london?page=7,2025-06-13 21:06:42,7
https://www.foxtons.co.uk/properties-for-sale/sw16/chpk0394641,https://www.foxtons.co.uk/houses-for-sale/london?page=12,2025-06-13 21:09:46,12
https://www.foxtons.co.uk/properties-for-sale/sw16/chpk0394802,https://www.foxtons.co.uk/houses-for-sale/london?page=12,2025-06-13 21:09:46,12
https://www.foxtons.co.uk/properties-for-sale/sw16/chpk0395970,https://www.foxtons.co.uk/houses-for-sale/london?page=13,2025-06-13 21:09:51,13
https://www.foxtons.co.uk/properties-for-sale/sw16/chpk0398682,https://www.foxtons.co.uk/flats-for-sale/london?page=32,2025-06-13 21:12:51,32
https://www.foxtons.co.uk/properties-for-sale/sw16/chpk0398933,https://www.foxtons.co.uk/flats-for-sale/london?page=41,2025-06-13 21:13:43,41
https://www.foxtons.co.uk/properties-for-sale/sw16/chpk0399032,https://www.foxtons.co.uk/houses-for-sale/london?page=9,2025-06-13 21:07:22,9
https://www.foxtons.co.uk/properties-for-sale/sw16/chpk0399268,https://www.foxtons.co.uk/properties-for-sale/london?page=22,2025-06-13 21:20:21,22
https://www.foxtons.co.uk/properties-for-sale/sw16/chpk0399969,https://www.foxtons.co.uk/flats-for-sale/london?page=46,2025-06-13 21:14:10,46
https://www.foxtons.co.uk/properties-for-sale/sw16/chpk0400817,https://www.foxtons.co.uk/houses-for-sale/london?page=11,2025-06-13 21:09:41,11
https://www.foxtons.co.uk/properties-for-sale/sw16/chpk0402019,https://www.foxtons.co.uk/houses-for-sale/london?page=13,2025-06-13 21:09:51,13
https://www.foxtons.co.uk/properties-for-sale/sw16/chpk0404386,https://www.foxtons.co.uk/houses-for-sale/london?page=12,2025-06-13 21:09:46,12
https://www.foxtons.co.uk/properties-for-sale/sw16/chpk0416752,https://www.foxtons.co.uk/houses-for-sale/london?page=9,2025-06-13 21:07:22,9
https://www.foxtons.co.uk/properties-for-sale/sw16/chpk0428717,https://www.foxtons.co.uk/flats-for-sale/london?page=47,2025-06-13 21:14:29,47
https://www.foxtons.co.uk/properties-for-sale/sw16/chpk0433783,https://www.foxtons.co.uk/flats-for-sale/london?page=41,2025-06-13 21:13:43,41
https://www.foxtons.co.uk/properties-for-sale/sw16/chpk1211577,https://www.foxtons.co.uk/flats-for-sale/london?page=46,2025-06-13 21:14:10,46
https://www.foxtons.co.uk/properties-for-sale/sw16/chpk1240347,https://www.foxtons.co.uk/properties-for-sale/streatham?page=2,2025-06-14 00:07:22,2
https://www.foxtons.co.uk/properties-for-sale/sw16/chpk1273842,https://www.foxtons.co.uk/flats-for-sale/london?page=25,2025-06-13 21:12:13,25
https://www.foxtons.co.uk/properties-for-sale/sw16/chpk1280355,https://www.foxtons.co.uk/flats-for-sale/london?page=46,2025-06-13 21:14:10,46
https://www.foxtons.co.uk/properties-for-sale/sw16/chpk3349601,https://www.foxtons.co.uk/houses-for-sale/london?page=5,2025-06-13 21:06:19,5
https://www.foxtons.co.uk/properties-for-sale/sw16/chpk3350360,https://www.foxtons.co.uk/properties-for-sale/london?page=21,2025-06-13 21:20:15,21
https://www.foxtons.co.uk/properties-for-sale/sw16/chpk3350709,https://www.foxtons.co.uk/houses-for-sale/london?page=7,2025-06-13 21:06:42,7
https://www.foxtons.co.uk/properties-for-sale/sw16/chpk3351841,https://www.foxtons.co.uk/flats-for-sale/london?page=47,2025-06-13 21:14:29,47
https://www.foxtons.co.uk/properties-for-sale/sw16/chpk3353039,https://www.foxtons.co.uk/houses-for-sale/london?page=11,2025-06-13 21:09:41,11
https://www.foxtons.co.uk/properties-for-sale/sw16/chpk3396302,https://www.foxtons.co.uk/flats-for-sale/london?page=44,2025-06-13 21:13:59,44
https://www.foxtons.co.uk/properties-for-sale/sw16/chpk3839998,https://www.foxtons.co.uk/flats-for-sale/london?page=16,2025-06-13 21:11:23,16
https://www.foxtons.co.uk/properties-for-sale/sw16/chpk3855771,https://www.foxtons.co.uk/flats-for-sale/london?page=41,2025-06-13 21:13:43,41
https://www.foxtons.co.uk/properties-for-sale/sw16/chpk4057935,https://www.foxtons.co.uk/flats-for-sale/london?page=35,2025-06-13 21:13:07,35
https://www.foxtons.co.uk/properties-for-sale/sw16/chpk4088233,https://www.foxtons.co.uk/flats-for-sale/london?page=31,2025-06-13 21:12:46,31
https://www.foxtons.co.uk/properties-for-sale/sw16/chpk4146155,https://www.foxtons.co.uk/flats-for-sale/london?page=50,2025-06-13 21:15:33,50
https://www.foxtons.co.uk/properties-for-sale/sw16/chpk4323537,https://www.foxtons.co.uk/flats-for-sale/london?page=45,2025-06-13 21:14:05,45
https://www.foxtons.co.uk/properties-for-sale/sw16/chpk4340011,https://www.foxtons.co.uk/flats-for-sale/london?page=52,2025-06-13 21:17:29,52
https://www.foxtons.co.uk/properties-for-sale/sw16/chpk4354170,https://www.foxtons.co.uk/houses-for-sale/london?page=5,2025-06-13 21:06:19,5
https://www.foxtons.co.uk/properties-for-sale/sw16/chpk4421877,https://www.foxtons.co.uk/flats-for-sale/london?page=17,2025-06-13 21:11:29,17
https://www.foxtons.co.uk/properties-for-sale/sw16/chpk5116420,https://www.foxtons.co.uk/flats-for-sale/london?page=33,2025-06-13 21:12:57,33
https://www.foxtons.co.uk/properties-for-sale/sw16/chpk5116473,https://www.foxtons.co.uk/flats-for-sale/london?page=39,2025-06-13 21:13:32,39
https://www.foxtons.co.uk/properties-for-sale/sw16/chpk5234695,https://www.foxtons.co.uk/flats-for-sale/london?page=50,2025-06-13 21:15:33,50
https://www.foxtons.co.uk/properties-for-sale/sw16/chpk5262301,https://www.foxtons.co.uk/flats-for-sale/london?page=36,2025-06-13 21:13:15,36
https://www.foxtons.co.uk/properties-for-sale/sw16/chpk5264574,https://www.foxtons.co.uk/flats-for-sale/london?page=26,2025-06-13 21:12:18,26
https://www.foxtons.co.uk/properties-for-sale/sw16/chpk5264576,https://www.foxtons.co.uk/flats-for-sale/london?page=23,2025-06-13 21:12:01,23
https://www.foxtons.co.uk/properties-for-sale/sw16/chpk5264577,https://www.foxtons.co.uk/flats-for-sale/london?page=38,2025-06-13 21:13:26,38
https://www.foxtons.co.uk/properties-for-sale/sw16/chpk5264579,https://www.foxtons.co.uk/flats-for-sale/london?page=21,2025-06-13 21:11:50,21
https://www.foxtons.co.uk/properties-for-sale/sw16/chpk5264580,https://www.foxtons.co.uk/houses-for-sale/london?page=9,2025-06-13 21:07:22,9
https://www.foxtons.co.uk/properties-for-sale/sw16/chpk5270126,https://www.foxtons.co.uk/properties-for-sale/norbury?page=1,2025-06-13 23:40:54,1
https://www.foxtons.co.uk/properties-for-sale/sw16/chpk5270127,https://www.foxtons.co.uk/properties-for-sale/norbury?page=1,2025-06-13 23:40:54,1
https://www.foxtons.co.uk/properties-for-sale/sw16/chpk5270128,https://www.foxtons.co.uk/flats-for-sale/london?page=36,2025-06-13 21:13:15,36
https://www.foxtons.co.uk/properties-for-sale/sw16/nwca4926403,https://www.foxtons.co.uk/flats-for-sale/london?page=38,2025-06-13 21:13:26,38
https://www.foxtons.co.uk/properties-for-sale/sw16/nwhm4022905,https://www.foxtons.co.uk/flats-for-sale/london?page=21,2025-06-13 21:11:50,21
https://www.foxtons.co.uk/properties-for-sale/sw16/sthm5223766,https://www.foxtons.co.uk/flats-for-sale/london?page=38,2025-06-13 21:13:26,38
https://www.foxtons.co.uk/properties-for-sale/sw16/wimb0059790,https://www.foxtons.co.uk/flats-for-sale/london?page=15,2025-06-13 21:11:17,15
https://www.foxtons.co.uk/properties-for-sale/sw16/wimb0101400,https://www.foxtons.co.uk/flats-for-sale/london?page=50,2025-06-13 21:15:33,50
https://www.foxtons.co.uk/properties-for-sale/sw17/balm0034965,https://www.foxtons.co.uk/houses-for-sale/london?page=7,2025-06-13 21:06:42,7
https://www.foxtons.co.uk/properties-for-sale/sw17/chpk0032827,https://www.foxtons.co.uk/flats-for-sale/london?page=36,2025-06-13 21:13:15,36
https://www.foxtons.co.uk/properties-for-sale/sw17/chpk0146961,https://www.foxtons.co.uk/flats-for-sale/london?page=41,2025-06-13 21:13:43,41
https://www.foxtons.co.uk/properties-for-sale/sw17/chpk0223718,https://www.foxtons.co.uk/flats-for-sale/london?page=41,2025-06-13 21:13:43,41
https://www.foxtons.co.uk/properties-for-sale/sw17/chpk0244457,https://www.foxtons.co.uk/flats-for-sale/london?page=32,2025-06-13 21:12:51,32
https://www.foxtons.co.uk/properties-for-sale/sw17/chpk0330164,https://www.foxtons.co.uk/flats-for-sale/london?page=8,2025-06-13 21:10:39,8
https://www.foxtons.co.uk/properties-for-sale/sw17/chpk0364534,https://www.foxtons.co.uk/properties-for-sale/balham?page=1,2025-06-13 21:31:10,1
https://www.foxtons.co.uk/properties-for-sale/sw17/chpk0372114,https://www.foxtons.co.uk/flats-for-sale/london?page=37,2025-06-13 21:13:20,37
https://www.foxtons.co.uk/properties-for-sale/sw17/chpk0375758,https://www.foxtons.co.uk/properties-for-sale/london?page=20,2025-06-13 21:20:09,20
https://www.foxtons.co.uk/properties-for-sale/sw17/chpk0376371,https://www.foxtons.co.uk/flats-for-sale/london?page=27,2025-06-13 21:12:24,27
https://www.foxtons.co.uk/properties-for-sale/sw17/chpk0377036,https://www.foxtons.co.uk/houses-for-sale/london?page=6,2025-06-13 21:06:25,6
https://www.foxtons.co.uk/properties-for-sale/sw17/chpk0385681,https://www.foxtons.co.uk/flats-for-sale/london?page=23,2025-06-13 21:12:01,23
https://www.foxtons.co.uk/properties-for-sale/sw17/chpk0385686,https://www.foxtons.co.uk/houses-for-sale/london?page=5,2025-06-13 21:06:19,5
https://www.foxtons.co.uk/properties-for-sale/sw17/chpk0386065,https://www.foxtons.co.uk/flats-for-sale/london?page=35,2025-06-13 21:13:07,35
https://www.foxtons.co.uk/properties-for-sale/sw17/chpk0388314,https://www.foxtons.co.uk/houses-for-sale/london?page=2,2025-06-13 21:05:20,2
https://www.foxtons.co.uk/properties-for-sale/sw17/chpk0388554,https://www.foxtons.co.uk/houses-for-sale/london?page=7,2025-06-13 21:06:42,7
https://www.foxtons.co.uk/properties-for-sale/sw17/chpk0389286,https://www.foxtons.co.uk/flats-for-sale/london?page=44,2025-06-13 21:13:59,44
https://www.foxtons.co.uk/properties-for-sale/sw17/chpk0389306,https://www.foxtons.co.uk/flats-for-sale/london?page=29,2025-06-13 21:12:35,29
https://www.foxtons.co.uk/properties-for-sale/sw17/chpk0396823,https://www.foxtons.co.uk/houses-for-sale/london?page=5,2025-06-13 21:06:19,5
https://www.foxtons.co.uk/properties-for-sale/sw17/chpk0396937,https://www.foxtons.co.uk/flats-for-sale/london?page=38,2025-06-13 21:13:26,38
https://www.foxtons.co.uk/properties-for-sale/sw17/chpk0399656,https://www.foxtons.co.uk/flats-for-sale/london?page=14,2025-06-13 21:11:12,14
https://www.foxtons.co.uk/properties-for-sale/sw17/chpk0405146,https://www.foxtons.co.uk/flats-for-sale/london?page=35,2025-06-13 21:13:07,35
https://www.foxtons.co.uk/properties-for-sale/sw17/chpk1284638,https://www.foxtons.co.uk/flats-for-sale/london?page=23,2025-06-13 21:12:01,23
https://www.foxtons.co.uk/properties-for-sale/sw17/chpk1365432,https://www.foxtons.co.uk/flats-for-sale/london?page=14,2025-06-13 21:11:12,14
https://www.foxtons.co.uk/properties-for-sale/sw17/chpk1550815,https://www.foxtons.co.uk/properties-for-sale/balham?page=2,2025-06-13 21:31:16,2
https://www.foxtons.co.uk/properties-for-sale/sw17/chpk1845983,https://www.foxtons.co.uk/flats-for-sale/london?page=47,2025-06-13 21:14:29,47
https://www.foxtons.co.uk/properties-for-sale/sw17/chpk2636459,https://www.foxtons.co.uk/flats-for-sale/london?page=23,2025-06-13 21:12:01,23
https://www.foxtons.co.uk/properties-for-sale/sw17/chpk2643940,https://www.foxtons.co.uk/houses-for-sale/london?page=3,2025-06-13 21:05:38,3
https://www.foxtons.co.uk/properties-for-sale/sw17/chpk2652012,https://www.foxtons.co.uk/flats-for-sale/london?page=46,2025-06-13 21:14:10,46
https://www.foxtons.co.uk/properties-for-sale/sw17/chpk2654359,https://www.foxtons.co.uk/houses-for-sale/london?page=6,2025-06-13 21:06:25,6
https://www.foxtons.co.uk/properties-for-sale/sw17/chpk2654364,https://www.foxtons.co.uk/houses-for-sale/london?page=6,2025-06-13 21:06:25,6
https://www.foxtons.co.uk/properties-for-sale/sw17/chpk3660967,https://www.foxtons.co.uk/flats-for-sale/london?page=28,2025-06-13 21:12:29,28
https://www.foxtons.co.uk/properties-for-sale/sw17/chpk3693533,https://www.foxtons.co.uk/flats-for-sale/london?page=44,2025-06-13 21:13:59,44
https://www.foxtons.co.uk/properties-for-sale/sw17/chpk3847962,https://www.foxtons.co.uk/flats-for-sale/london?page=19,2025-06-13 21:11:39,19
https://www.foxtons.co.uk/properties-for-sale/sw17/chpk4551125,https://www.foxtons.co.uk/flats-for-sale/london?page=42,2025-06-13 21:13:48,42
https://www.foxtons.co.uk/properties-for-sale/sw17/chpk4923771,https://www.foxtons.co.uk/flats-for-sale/london?page=36,2025-06-13 21:13:15,36
https://www.foxtons.co.uk/properties-for-sale/sw17/chpk5085699,https://www.foxtons.co.uk/flats-for-sale/london?page=45,2025-06-13 21:14:05,45
https://www.foxtons.co.uk/properties-for-sale/sw17/chpk5155834,https://www.foxtons.co.uk/flats-for-sale/london?page=12,2025-06-13 21:11:01,12
https://www.foxtons.co.uk/properties-for-sale/sw17/chpk5764838,https://www.foxtons.co.uk/flats-for-sale/london?page=33,2025-06-13 21:12:57,33
https://www.foxtons.co.uk/properties-for-sale/sw17/chpk6198466,https://www.foxtons.co.uk/flats-for-sale/london?page=54,2025-06-13 21:17:43,54
https://www.foxtons.co.uk/properties-for-sale/sw17/nwca5260708,https://www.foxtons.co.uk/flats-for-sale/london?page=20,2025-06-13 21:11:45,20
https://www.foxtons.co.uk/properties-for-sale/sw17/nwca5260709,https://www.foxtons.co.uk/flats-for-sale/london?page=11,2025-06-13 21:10:56,11
https://www.foxtons.co.uk/properties-for-sale/sw17/nwca5260938,https://www.foxtons.co.uk/houses-for-sale/london?page=2,2025-06-13 21:05:20,2
https://www.foxtons.co.uk/properties-for-sale/sw17/nwca5260939,https://www.foxtons.co.uk/houses-for-sale/london?page=1,2025-06-13 21:05:14,1
https://www.foxtons.co.uk/properties-for-sale/sw17/nwca5262414,https://www.foxtons.co.uk/flats-for-sale/london?page=39,2025-06-13 21:13:32,39
https://www.foxtons.co.uk/properties-for-sale/sw17/nwca5262415,https://www.foxtons.co.uk/flats-for-sale/london?page=24,2025-06-13 21:12:07,24
https://www.foxtons.co.uk/properties-for-sale/sw17/wimb0090499,https://www.foxtons.co.uk/flats-for-sale/london?page=47,2025-06-13 21:14:29,47
https://www.foxtons.co.uk/properties-for-sale/sw18/batt0073379,https://www.foxtons.co.uk/flats-for-sale/london?page=12,2025-06-13 21:11:01,12
https://www.foxtons.co.uk/properties-for-sale/sw18/batt0085059,https://www.foxtons.co.uk/flats-for-sale/london?page=44,2025-06-13 21:13:59,44
https://www.foxtons.co.uk/properties-for-sale/sw18/batt0278583,https://www.foxtons.co.uk/flats-for-sale/london?page=23,2025-06-13 21:12:01,23
https://www.foxtons.co.uk/properties-for-sale/sw18/batt0285670,https://www.foxtons.co.uk/houses-for-sale/london?page=1,2025-06-13 21:05:14,1
https://www.foxtons.co.uk/properties-for-sale/sw18/batt0307226,https://www.foxtons.co.uk/flats-for-sale/london?page=23,2025-06-13 21:12:01,23
https://www.foxtons.co.uk/properties-for-sale/sw18/batt6198787,https://www.foxtons.co.uk/flats-for-sale/london?page=55,2025-06-13 21:17:48,55
https://www.foxtons.co.uk/properties-for-sale/sw18/chpk0033332,https://www.foxtons.co.uk/flats-for-sale/london?page=18,2025-06-13 21:11:34,18
https://www.foxtons.co.uk/properties-for-sale/sw18/chpk0096377,https://www.foxtons.co.uk/flats-for-sale/london?page=23,2025-06-13 21:12:01,23
https://www.foxtons.co.uk/properties-for-sale/sw18/chpk0111450,https://www.foxtons.co.uk/flats-for-sale/london?page=27,2025-06-13 21:12:24,27
https://www.foxtons.co.uk/properties-for-sale/sw18/chpk0116710,https://www.foxtons.co.uk/flats-for-sale/london?page=50,2025-06-13 21:15:33,50
https://www.foxtons.co.uk/properties-for-sale/sw18/chpk0252557,https://www.foxtons.co.uk/flats-for-sale/london?page=38,2025-06-13 21:13:26,38
https://www.foxtons.co.uk/properties-for-sale/sw18/chpk0285263,https://www.foxtons.co.uk/flats-for-sale/london?page=21,2025-06-13 21:11:50,21
https://www.foxtons.co.uk/properties-for-sale/sw18/chpk0328759,https://www.foxtons.co.uk/flats-for-sale/london?page=32,2025-06-13 21:12:51,32
https://www.foxtons.co.uk/properties-for-sale/sw18/chpk0340362,https://www.foxtons.co.uk/flats-for-sale/london?page=17,2025-06-13 21:11:29,17
https://www.foxtons.co.uk/properties-for-sale/sw18/chpk2613637,https://www.foxtons.co.uk/flats-for-sale/london?page=19,2025-06-13 21:11:39,19
https://www.foxtons.co.uk/properties-for-sale/sw18/chpk2622020,https://www.foxtons.co.uk/flats-for-sale/london?page=10,2025-06-13 21:10:50,10
https://www.foxtons.co.uk/properties-for-sale/sw18/chpk2622362,https://www.foxtons.co.uk/flats-for-sale/london?page=34,2025-06-13 21:13:02,34
https://www.foxtons.co.uk/properties-for-sale/sw18/chpk2625025,https://www.foxtons.co.uk/flats-for-sale/london?page=16,2025-06-13 21:11:23,16
https://www.foxtons.co.uk/properties-for-sale/sw18/chpk2625082,https://www.foxtons.co.uk/flats-for-sale/london?page=39,2025-06-13 21:13:32,39
https://www.foxtons.co.uk/properties-for-sale/sw18/chpk2625472,https://www.foxtons.co.uk/flats-for-sale/london?page=16,2025-06-13 21:11:23,16
https://www.foxtons.co.uk/properties-for-sale/sw18/chpk2626201,https://www.foxtons.co.uk/flats-for-sale/london?page=29,2025-06-13 21:12:35,29
https://www.foxtons.co.uk/properties-for-sale/sw18/chpk2626600,https://www.foxtons.co.uk/flats-for-sale/london?page=27,2025-06-13 21:12:24,27
https://www.foxtons.co.uk/properties-for-sale/sw18/chpk2629540,https://www.foxtons.co.uk/houses-for-sale/london?page=2,2025-06-13 21:05:20,2
https://www.foxtons.co.uk/properties-for-sale/sw18/chpk2630450,https://www.foxtons.co.uk/houses-for-sale/london?page=6,2025-06-13 21:06:25,6
https://www.foxtons.co.uk/properties-for-sale/sw18/chpk2631491,https://www.foxtons.co.uk/flats-for-sale/london?page=14,2025-06-13 21:11:12,14
https://www.foxtons.co.uk/properties-for-sale/sw18/chpk2633174,https://www.foxtons.co.uk/houses-for-sale/london?page=12,2025-06-13 21:09:46,12
https://www.foxtons.co.uk/properties-for-sale/sw18/chpk2633747,https://www.foxtons.co.uk/flats-for-sale/london?page=11,2025-06-13 21:10:56,11
https://www.foxtons.co.uk/properties-for-sale/sw18/chpk2634067,https://www.foxtons.co.uk/flats-for-sale/london?page=19,2025-06-13 21:11:39,19
https://www.foxtons.co.uk/properties-for-sale/sw18/chpk2635389,https://www.foxtons.co.uk/flats-for-sale/london?page=17,2025-06-13 21:11:29,17
https://www.foxtons.co.uk/properties-for-sale/sw18/chpk2637691,https://www.foxtons.co.uk/flats-for-sale/london?page=52,2025-06-13 21:17:29,52
https://www.foxtons.co.uk/properties-for-sale/sw18/chpk2641193,https://www.foxtons.co.uk/flats-for-sale/london?page=43,2025-06-13 21:13:54,43
https://www.foxtons.co.uk/properties-for-sale/sw18/chpk2644936,https://www.foxtons.co.uk/properties-for-sale/london?page=8,2025-06-13 21:18:39,8
https://www.foxtons.co.uk/properties-for-sale/sw18/chpk2653015,https://www.foxtons.co.uk/houses-for-sale/london?page=2,2025-06-13 21:05:20,2
https://www.foxtons.co.uk/properties-for-sale/sw18/chpk2653099,https://www.foxtons.co.uk/flats-for-sale/london?page=23,2025-06-13 21:12:01,23
https://www.foxtons.co.uk/properties-for-sale/sw18/chpk2653260,https://www.foxtons.co.uk/flats-for-sale/london?page=3,2025-06-13 21:10:10,3
https://www.foxtons.co.uk/properties-for-sale/sw18/chpk2656599,https://www.foxtons.co.uk/flats-for-sale/london?page=26,2025-06-13 21:12:18,26
https://www.foxtons.co.uk/properties-for-sale/sw18/chpk2656717,https://www.foxtons.co.uk/flats-for-sale/london?page=37,2025-06-13 21:13:20,37
https://www.foxtons.co.uk/properties-for-sale/sw18/chpk3390014,https://www.foxtons.co.uk/flats-for-sale/london?page=40,2025-06-13 21:13:37,40
https://www.foxtons.co.uk/properties-for-sale/sw18/chpk3404900,https://www.foxtons.co.uk/flats-for-sale/london?page=37,2025-06-13 21:13:20,37
https://www.foxtons.co.uk/properties-for-sale/sw18/chpk3648612,https://www.foxtons.co.uk/flats-for-sale/london?page=6,2025-06-13 21:10:28,6
https://www.foxtons.co.uk/properties-for-sale/sw18/chpk3648662,https://www.foxtons.co.uk/flats-for-sale/london?page=15,2025-06-13 21:11:17,15
https://www.foxtons.co.uk/properties-for-sale/sw18/chpk3648670,https://www.foxtons.co.uk/flats-for-sale/london?page=5,2025-06-13 21:10:22,5
https://www.foxtons.co.uk/properties-for-sale/sw18/chpk3664215,https://www.foxtons.co.uk/flats-for-sale/london?page=17,2025-06-13 21:11:29,17
https://www.foxtons.co.uk/properties-for-sale/sw18/chpk3695552,https://www.foxtons.co.uk/flats-for-sale/london?page=24,2025-06-13 21:12:07,24
https://www.foxtons.co.uk/properties-for-sale/sw18/chpk3695649,https://www.foxtons.co.uk/flats-for-sale/london?page=55,2025-06-13 21:17:48,55
https://www.foxtons.co.uk/properties-for-sale/sw18/chpk3714154,https://www.foxtons.co.uk/flats-for-sale/london?page=34,2025-06-13 21:13:02,34
https://www.foxtons.co.uk/properties-for-sale/sw18/chpk3714159,https://www.foxtons.co.uk/flats-for-sale/london?page=36,2025-06-13 21:13:15,36
https://www.foxtons.co.uk/properties-for-sale/sw18/chpk3878413,https://www.foxtons.co.uk/flats-for-sale/london?page=19,2025-06-13 21:11:39,19
https://www.foxtons.co.uk/properties-for-sale/sw18/chpk3883003,https://www.foxtons.co.uk/flats-for-sale/london?page=13,2025-06-13 21:11:07,13
https://www.foxtons.co.uk/properties-for-sale/sw18/chpk4025329,https://www.foxtons.co.uk/flats-for-sale/london?page=16,2025-06-13 21:11:23,16
https://www.foxtons.co.uk/properties-for-sale/sw18/chpk4115392,https://www.foxtons.co.uk/flats-for-sale/london?page=31,2025-06-13 21:12:46,31
https://www.foxtons.co.uk/properties-for-sale/sw18/chpk4115414,https://www.foxtons.co.uk/flats-for-sale/london?page=43,2025-06-13 21:13:54,43
https://www.foxtons.co.uk/properties-for-sale/sw18/chpk4125061,https://www.foxtons.co.uk/flats-for-sale/london?page=13,2025-06-13 21:11:07,13
https://www.foxtons.co.uk/properties-for-sale/sw18/chpk4128513,https://www.foxtons.co.uk/flats-for-sale/london?page=36,2025-06-13 21:13:15,36
https://www.foxtons.co.uk/properties-for-sale/sw18/chpk4146822,https://www.foxtons.co.uk/flats-for-sale/london?page=24,2025-06-13 21:12:07,24
https://www.foxtons.co.uk/properties-for-sale/sw18/chpk4319991,https://www.foxtons.co.uk/flats-for-sale/london?page=40,2025-06-13 21:13:37,40
https://www.foxtons.co.uk/properties-for-sale/sw18/chpk4349430,https://www.foxtons.co.uk/flats-for-sale/london?page=10,2025-06-13 21:10:50,10
https://www.foxtons.co.uk/properties-for-sale/sw18/chpk4627600,https://www.foxtons.co.uk/flats-for-sale/london?page=16,2025-06-13 21:11:23,16
https://www.foxtons.co.uk/properties-for-sale/sw18/chpk4655505,https://www.foxtons.co.uk/properties-for-sale/putney?page=2,2025-06-13 23:50:38,2
https://www.foxtons.co.uk/properties-for-sale/sw18/chpk4659779,https://www.foxtons.co.uk/flats-for-sale/london?page=22,2025-06-13 21:11:56,22
https://www.foxtons.co.uk/properties-for-sale/sw18/chpk4914726,https://www.foxtons.co.uk/flats-for-sale/london?page=12,2025-06-13 21:11:01,12
https://www.foxtons.co.uk/properties-for-sale/sw18/chpk4939821,https://www.foxtons.co.uk/flats-for-sale/london?page=13,2025-06-13 21:11:07,13
https://www.foxtons.co.uk/properties-for-sale/sw18/chpk5138634,https://www.foxtons.co.uk/flats-for-sale/london?page=24,2025-06-13 21:12:07,24
https://www.foxtons.co.uk/properties-for-sale/sw18/chpk5155737,https://www.foxtons.co.uk/flats-for-sale/london?page=22,2025-06-13 21:11:56,22
https://www.foxtons.co.uk/properties-for-sale/sw18/chpk5265548,https://www.foxtons.co.uk/flats-for-sale/london?page=55,2025-06-13 21:17:48,55
https://www.foxtons.co.uk/properties-for-sale/sw18/chpk5268308,https://www.foxtons.co.uk/properties-for-sale/putney?page=1,2025-06-13 23:50:33,1
https://www.foxtons.co.uk/properties-for-sale/sw18/nwca5229171,https://www.foxtons.co.uk/flats-for-sale/london?page=2,2025-06-13 21:10:05,2
https://www.foxtons.co.uk/properties-for-sale/sw18/nwca5233954,https://www.foxtons.co.uk/flats-for-sale/london?page=4,2025-06-13 21:10:16,4
https://www.foxtons.co.uk/properties-for-sale/sw18/nwca5271800,https://www.foxtons.co.uk/flats-for-sale/london?page=6,2025-06-13 21:10:28,6
https://www.foxtons.co.uk/properties-for-sale/sw18/ptny0037285,https://www.foxtons.co.uk/flats-for-sale/london?page=30,2025-06-13 21:12:40,30
https://www.foxtons.co.uk/properties-for-sale/sw18/ptny0056269,https://www.foxtons.co.uk/properties-for-sale/london?page=9,2025-06-13 21:18:45,9
https://www.foxtons.co.uk/properties-for-sale/sw18/ptny0158567,https://www.foxtons.co.uk/flats-for-sale/london?page=36,2025-06-13 21:13:15,36
https://www.foxtons.co.uk/properties-for-sale/sw18/ptny0186464,https://www.foxtons.co.uk/properties-for-sale/putney?page=1,2025-06-13 23:50:33,1
https://www.foxtons.co.uk/properties-for-sale/sw18/ptny5248017,https://www.foxtons.co.uk/flats-for-sale/london?page=28,2025-06-13 21:12:29,28
https://www.foxtons.co.uk/properties-for-sale/sw18/wimb0037881,https://www.foxtons.co.uk/houses-for-sale/london?page=3,2025-06-13 21:05:38,3
https://www.foxtons.co.uk/properties-for-sale/sw19/chpk0034002,https://www.foxtons.co.uk/flats-for-sale/london?page=45,2025-06-13 21:14:05,45
https://www.foxtons.co.uk/properties-for-sale/sw19/chpk0076137,https://www.foxtons.co.uk/flats-for-sale/london?page=4,2025-06-13 21:10:16,4
https://www.foxtons.co.uk/properties-for-sale/sw19/chpk0112656,https://www.foxtons.co.uk/flats-for-sale/london?page=41,2025-06-13 21:13:43,41
https://www.foxtons.co.uk/properties-for-sale/sw19/chpk0117386,https://www.foxtons.co.uk/flats-for-sale/london?page=21,2025-06-13 21:11:50,21
https://www.foxtons.co.uk/properties-for-sale/sw19/chpk0142348,https://www.foxtons.co.uk/flats-for-sale/london?page=14,2025-06-13 21:11:12,14
https://www.foxtons.co.uk/properties-for-sale/sw19/chpk0250301,https://www.foxtons.co.uk/flats-for-sale/london?page=10,2025-06-13 21:10:50,10
https://www.foxtons.co.uk/properties-for-sale/sw19/chpk0253494,https://www.foxtons.co.uk/flats-for-sale/london?page=9,2025-06-13 21:10:45,9
https://www.foxtons.co.uk/properties-for-sale/sw19/chpk0304890,https://www.foxtons.co.uk/flats-for-sale/london?page=39,2025-06-13 21:13:32,39
https://www.foxtons.co.uk/properties-for-sale/sw19/chpk2594272,https://www.foxtons.co.uk/flats-for-sale/london?page=31,2025-06-13 21:12:46,31
https://www.foxtons.co.uk/properties-for-sale/sw19/chpk2594296,https://www.foxtons.co.uk/flats-for-sale/london?page=43,2025-06-13 21:13:54,43
https://www.foxtons.co.uk/properties-for-sale/sw19/chpk2596501,https://www.foxtons.co.uk/houses-for-sale/london?page=1,2025-06-13 21:05:14,1
https://www.foxtons.co.uk/properties-for-sale/sw19/chpk2600160,https://www.foxtons.co.uk/flats-for-sale/london?page=43,2025-06-13 21:13:54,43
https://www.foxtons.co.uk/properties-for-sale/sw19/chpk2600641,https://www.foxtons.co.uk/flats-for-sale/london?page=23,2025-06-13 21:12:01,23
https://www.foxtons.co.uk/properties-for-sale/sw19/chpk2603100,https://www.foxtons.co.uk/flats-for-sale/london?page=39,2025-06-13 21:13:32,39
https://www.foxtons.co.uk/properties-for-sale/sw19/chpk2604024,https://www.foxtons.co.uk/flats-for-sale/london?page=48,2025-06-13 21:14:37,48
https://www.foxtons.co.uk/properties-for-sale/sw19/chpk2604409,https://www.foxtons.co.uk/flats-for-sale/london?page=34,2025-06-13 21:13:02,34
https://www.foxtons.co.uk/properties-for-sale/sw19/chpk2605185,https://www.foxtons.co.uk/flats-for-sale/london?page=35,2025-06-13 21:13:07,35
https://www.foxtons.co.uk/properties-for-sale/sw19/chpk2607146,https://www.foxtons.co.uk/flats-for-sale/london?page=31,2025-06-13 21:12:46,31
https://www.foxtons.co.uk/properties-for-sale/sw19/chpk2607580,https://www.foxtons.co.uk/flats-for-sale/london?page=46,2025-06-13 21:14:10,46
https://www.foxtons.co.uk/properties-for-sale/sw19/chpk2609961,https://www.foxtons.co.uk/houses-for-sale/london?page=6,2025-06-13 21:06:25,6
https://www.foxtons.co.uk/properties-for-sale/sw19/chpk2613317,https://www.foxtons.co.uk/flats-for-sale/london?page=50,2025-06-13 21:15:33,50
https://www.foxtons.co.uk/properties-for-sale/sw19/chpk2614505,https://www.foxtons.co.uk/flats-for-sale/london?page=8,2025-06-13 21:10:39,8
https://www.foxtons.co.uk/properties-for-sale/sw19/chpk2616290,https://www.foxtons.co.uk/flats-for-sale/london?page=26,2025-06-13 21:12:18,26
https://www.foxtons.co.uk/properties-for-sale/sw19/chpk2617352,https://www.foxtons.co.uk/houses-for-sale/london?page=6,2025-06-13 21:06:25,6
https://www.foxtons.co.uk/properties-for-sale/sw19/chpk2617757,https://www.foxtons.co.uk/flats-for-sale/london?page=29,2025-06-13 21:12:35,29
https://www.foxtons.co.uk/properties-for-sale/sw19/chpk2617900,https://www.foxtons.co.uk/flats-for-sale/london?page=24,2025-06-13 21:12:07,24
https://www.foxtons.co.uk/properties-for-sale/sw19/chpk2619974,https://www.foxtons.co.uk/flats-for-sale/london?page=24,2025-06-13 21:12:07,24
https://www.foxtons.co.uk/properties-for-sale/sw19/chpk2620203,https://www.foxtons.co.uk/flats-for-sale/london?page=21,2025-06-13 21:11:50,21
https://www.foxtons.co.uk/properties-for-sale/sw19/chpk2624639,https://www.foxtons.co.uk/houses-for-sale/wimbledon?page=1,2025-06-14 00:25:21,1
https://www.foxtons.co.uk/properties-for-sale/sw19/chpk2628876,https://www.foxtons.co.uk/flats-for-sale/london?page=46,2025-06-13 21:14:10,46
https://www.foxtons.co.uk/properties-for-sale/sw19/chpk2632292,https://www.foxtons.co.uk/flats-for-sale/london?page=52,2025-06-13 21:17:29,52
https://www.foxtons.co.uk/properties-for-sale/sw19/chpk2636072,https://www.foxtons.co.uk/flats-for-sale/london?page=14,2025-06-13 21:11:12,14
https://www.foxtons.co.uk/properties-for-sale/sw19/chpk2639235,https://www.foxtons.co.uk/flats-for-sale/london?page=25,2025-06-13 21:12:13,25
https://www.foxtons.co.uk/properties-for-sale/sw19/chpk3592891,https://www.foxtons.co.uk/houses-for-sale/london?page=3,2025-06-13 21:05:38,3
https://www.foxtons.co.uk/properties-for-sale/sw19/chpk3595772,https://www.foxtons.co.uk/flats-for-sale/london?page=38,2025-06-13 21:13:26,38
https://www.foxtons.co.uk/properties-for-sale/sw19/chpk3631847,https://www.foxtons.co.uk/flats-for-sale/london?page=34,2025-06-13 21:13:02,34
https://www.foxtons.co.uk/properties-for-sale/sw19/chpk3695716,https://www.foxtons.co.uk/flats-for-sale/london?page=50,2025-06-13 21:15:33,50
https://www.foxtons.co.uk/properties-for-sale/sw19/chpk4062206,https://www.foxtons.co.uk/flats-for-sale/london?page=43,2025-06-13 21:13:54,43
https://www.foxtons.co.uk/properties-for-sale/sw19/chpk4323798,https://www.foxtons.co.uk/apartments-for-sale/new-malden?page=1,2025-06-13 23:39:24,1
https://www.foxtons.co.uk/properties-for-sale/sw19/chpk4559443,https://www.foxtons.co.uk/flats-for-sale/london?page=47,2025-06-13 21:14:29,47
https://www.foxtons.co.uk/properties-for-sale/sw19/chpk4624418,https://www.foxtons.co.uk/flats-for-sale/london?page=29,2025-06-13 21:12:35,29
https://www.foxtons.co.uk/properties-for-sale/sw19/chpk4633167,https://www.foxtons.co.uk/flats-for-sale/london?page=33,2025-06-13 21:12:57,33
https://www.foxtons.co.uk/properties-for-sale/sw19/chpk4990018,https://www.foxtons.co.uk/flats-for-sale/london?page=26,2025-06-13 21:12:18,26
https://www.foxtons.co.uk/properties-for-sale/sw19/chpk5230992,https://www.foxtons.co.uk/flats-for-sale/london?page=47,2025-06-13 21:14:29,47
https://www.foxtons.co.uk/properties-for-sale/sw19/chpk6198536,https://www.foxtons.co.uk/flats-for-sale/london?page=54,2025-06-13 21:17:43,54
https://www.foxtons.co.uk/properties-for-sale/sw19/kncl0142582,https://www.foxtons.co.uk/flats-for-sale/london?page=39,2025-06-13 21:13:32,39
https://www.foxtons.co.uk/properties-for-sale/sw19/nwca5224274,https://www.foxtons.co.uk/flats-for-sale/london?page=30,2025-06-13 21:12:40,30
https://www.foxtons.co.uk/properties-for-sale/sw19/nwhm3580370,https://www.foxtons.co.uk/flats-for-sale/london?page=42,2025-06-13 21:13:48,42
https://www.foxtons.co.uk/properties-for-sale/sw19/nwhm4323579,https://www.foxtons.co.uk/flats-for-sale/london?page=39,2025-06-13 21:13:32,39
https://www.foxtons.co.uk/properties-for-sale/sw19/ptny5229144,https://www.foxtons.co.uk/flats-for-sale/london?page=17,2025-06-13 21:11:29,17
https://www.foxtons.co.uk/properties-for-sale/sw19/ptny5265871,https://www.foxtons.co.uk/flats-for-sale/london?page=54,2025-06-13 21:17:43,54
https://www.foxtons.co.uk/properties-for-sale/sw19/wimb0033722,https://www.foxtons.co.uk/flats-for-sale/london?page=13,2025-06-13 21:11:07,13
https://www.foxtons.co.uk/properties-for-sale/sw19/wimb0069410,https://www.foxtons.co.uk/flats-for-sale/london?page=13,2025-06-13 21:11:07,13
https://www.foxtons.co.uk/properties-for-sale/sw19/wimb0077889,https://www.foxtons.co.uk/flats-for-sale/london?page=42,2025-06-13 21:13:48,42
https://www.foxtons.co.uk/properties-for-sale/sw19/wimb0096263,https://www.foxtons.co.uk/properties-for-sale/balham?page=3,2025-06-13 21:31:21,3
https://www.foxtons.co.uk/properties-for-sale/sw19/wimb0099927,https://www.foxtons.co.uk/flats-for-sale/london?page=14,2025-06-13 21:11:12,14
https://www.foxtons.co.uk/properties-for-sale/sw19/wimb0104324,https://www.foxtons.co.uk/flats-for-sale/london?page=29,2025-06-13 21:12:35,29
https://www.foxtons.co.uk/properties-for-sale/sw19/wimb0153715,https://www.foxtons.co.uk/flats-for-sale/london?page=11,2025-06-13 21:10:56,11
https://www.foxtons.co.uk/properties-for-sale/sw19/wimb0213346,https://www.foxtons.co.uk/flats-for-sale/london?page=39,2025-06-13 21:13:32,39
https://www.foxtons.co.uk/properties-for-sale/sw19/wimb0214151,https://www.foxtons.co.uk/flats-for-sale/london?page=28,2025-06-13 21:12:29,28
https://www.foxtons.co.uk/properties-for-sale/sw19/wimb0221741,https://www.foxtons.co.uk/flats-for-sale/london?page=30,2025-06-13 21:12:40,30
https://www.foxtons.co.uk/properties-for-sale/sw1a/chpk1335594,https://www.foxtons.co.uk/flats-for-sale/london?page=2,2025-06-13 21:10:05,2
https://www.foxtons.co.uk/properties-for-sale/sw1a/chpk4062229,https://www.foxtons.co.uk/flats-for-sale/london?page=2,2025-06-13 21:10:05,2
https://www.foxtons.co.uk/properties-for-sale/sw1e/chpk0240052,https://www.foxtons.co.uk/flats-for-sale/london?page=21,2025-06-13 21:11:50,21
https://www.foxtons.co.uk/properties-for-sale/sw1e/chpk1249233,https://www.foxtons.co.uk/flats-for-sale/london?page=40,2025-06-13 21:13:37,40
https://www.foxtons.co.uk/properties-for-sale/sw1e/chpk2171483,https://www.foxtons.co.uk/flats-for-sale/london?page=8,2025-06-13 21:10:39,8
https://www.foxtons.co.uk/properties-for-sale/sw1e/chpk3403534,https://www.foxtons.co.uk/houses-for-sale/london?page=1,2025-06-13 21:05:14,1
https://www.foxtons.co.uk/properties-for-sale/sw1e/chpk4332762,https://www.foxtons.co.uk/flats-for-sale/london?page=2,2025-06-13 21:10:05,2
https://www.foxtons.co.uk/properties-for-sale/sw1e/chpk4917983,https://www.foxtons.co.uk/flats-for-sale/london?page=1,2025-06-13 21:09:59,1
https://www.foxtons.co.uk/properties-for-sale/sw1h/chpk1201524,https://www.foxtons.co.uk/flats-for-sale/london?page=27,2025-06-13 21:12:24,27
https://www.foxtons.co.uk/properties-for-sale/sw1h/chpk1364000,https://www.foxtons.co.uk/flats-for-sale/london?page=9,2025-06-13 21:10:45,9
https://www.foxtons.co.uk/properties-for-sale/sw1h/chpk5069841,https://www.foxtons.co.uk/houses-for-sale/london?page=1,2025-06-13 21:05:14,1
https://www.foxtons.co.uk/properties-for-sale/sw1h/myfr0182620,https://www.foxtons.co.uk/flats-for-sale/london?page=7,2025-06-13 21:10:34,7
https://www.foxtons.co.uk/properties-for-sale/sw1p/chpk0122405,https://www.foxtons.co.uk/flats-for-sale/london?page=25,2025-06-13 21:12:13,25
https://www.foxtons.co.uk/properties-for-sale/sw1p/chpk0151603,https://www.foxtons.co.uk/flats-for-sale/london?page=6,2025-06-13 21:10:28,6
https://www.foxtons.co.uk/properties-for-sale/sw1p/chpk0195889,https://www.foxtons.co.uk/flats-for-sale/london?page=44,2025-06-13 21:13:59,44
https://www.foxtons.co.uk/properties-for-sale/sw1p/chpk0236117,https://www.foxtons.co.uk/flats-for-sale/london?page=38,2025-06-13 21:13:26,38
https://www.foxtons.co.uk/properties-for-sale/sw1p/chpk0299313,https://www.foxtons.co.uk/flats-for-sale/london?page=12,2025-06-13 21:11:01,12
https://www.foxtons.co.uk/properties-for-sale/sw1p/chpk1190143,https://www.foxtons.co.uk/flats-for-sale/london?page=23,2025-06-13 21:12:01,23
https://www.foxtons.co.uk/properties-for-sale/sw1p/chpk1193705,https://www.foxtons.co.uk/flats-for-sale/london?page=8,2025-06-13 21:10:39,8
https://www.foxtons.co.uk/properties-for-sale/sw1p/chpk1208880,https://www.foxtons.co.uk/flats-for-sale/london?page=37,2025-06-13 21:13:20,37
https://www.foxtons.co.uk/properties-for-sale/sw1p/chpk1214520,https://www.foxtons.co.uk/flats-for-sale/london?page=44,2025-06-13 21:13:59,44
https://www.foxtons.co.uk/properties-for-sale/sw1p/chpk1217106,https://www.foxtons.co.uk/flats-for-sale/london?page=5,2025-06-13 21:10:22,5
https://www.foxtons.co.uk/properties-for-sale/sw1p/chpk1228047,https://www.foxtons.co.uk/flats-for-sale/london?page=29,2025-06-13 21:12:35,29
https://www.foxtons.co.uk/properties-for-sale/sw1p/chpk1242348,https://www.foxtons.co.uk/flats-for-sale/london?page=7,2025-06-13 21:10:34,7
https://www.foxtons.co.uk/properties-for-sale/sw1p/chpk1246043,https://www.foxtons.co.uk/flats-for-sale/london?page=39,2025-06-13 21:13:32,39
https://www.foxtons.co.uk/properties-for-sale/sw1p/chpk1264281,https://www.foxtons.co.uk/flats-for-sale/london?page=2,2025-06-13 21:10:05,2
https://www.foxtons.co.uk/properties-for-sale/sw1p/chpk1266814,https://www.foxtons.co.uk/flats-for-sale/london?page=1,2025-06-13 21:09:59,1
https://www.foxtons.co.uk/properties-for-sale/sw1p/chpk1274344,https://www.foxtons.co.uk/flats-for-sale/london?page=28,2025-06-13 21:12:29,28
https://www.foxtons.co.uk/properties-for-sale/sw1p/chpk1305846,https://www.foxtons.co.uk/flats-for-sale/london?page=2,2025-06-13 21:10:05,2
https://www.foxtons.co.uk/properties-for-sale/sw1p/chpk1306284,https://www.foxtons.co.uk/flats-for-sale/london?page=19,2025-06-13 21:11:39,19
https://www.foxtons.co.uk/properties-for-sale/sw1p/chpk1310047,https://www.foxtons.co.uk/flats-for-sale/london?page=8,2025-06-13 21:10:39,8
https://www.foxtons.co.uk/properties-for-sale/sw1p/chpk1314461,https://www.foxtons.co.uk/flats-for-sale/london?page=6,2025-06-13 21:10:28,6
https://www.foxtons.co.uk/properties-for-sale/sw1p/chpk1343746,https://www.foxtons.co.uk/flats-for-sale/london?page=6,2025-06-13 21:10:28,6
https://www.foxtons.co.uk/properties-for-sale/sw1p/chpk1773605,https://www.foxtons.co.uk/flats-for-sale/london?page=20,2025-06-13 21:11:45,20
https://www.foxtons.co.uk/properties-for-sale/sw1p/chpk2167671,https://www.foxtons.co.uk/flats-for-sale/london?page=27,2025-06-13 21:12:24,27
https://www.foxtons.co.uk/properties-for-sale/sw1p/chpk2167725,https://www.foxtons.co.uk/flats-for-sale/london?page=3,2025-06-13 21:10:10,3
https://www.foxtons.co.uk/properties-for-sale/sw1p/chpk2167833,https://www.foxtons.co.uk/flats-for-sale/london?page=14,2025-06-13 21:11:12,14
https://www.foxtons.co.uk/properties-for-sale/sw1p/chpk2167923,https://www.foxtons.co.uk/flats-for-sale/london?page=2,2025-06-13 21:10:05,2
https://www.foxtons.co.uk/properties-for-sale/sw1p/chpk2174858,https://www.foxtons.co.uk/flats-for-sale/london?page=2,2025-06-13 21:10:05,2
https://www.foxtons.co.uk/properties-for-sale/sw1p/chpk2174948,https://www.foxtons.co.uk/flats-for-sale/london?page=5,2025-06-13 21:10:22,5
https://www.foxtons.co.uk/properties-for-sale/sw1p/chpk2175061,https://www.foxtons.co.uk/flats-for-sale/london?page=37,2025-06-13 21:13:20,37
https://www.foxtons.co.uk/properties-for-sale/sw1p/chpk2178445,https://www.foxtons.co.uk/flats-for-sale/london?page=34,2025-06-13 21:13:02,34
https://www.foxtons.co.uk/properties-for-sale/sw1p/chpk2178478,https://www.foxtons.co.uk/flats-for-sale/london?page=29,2025-06-13 21:12:35,29
https://www.foxtons.co.uk/properties-for-sale/sw1p/chpk2178629,https://www.foxtons.co.uk/flats-for-sale/london?page=8,2025-06-13 21:10:39,8
https://www.foxtons.co.uk/properties-for-sale/sw1p/chpk2181878,https://www.foxtons.co.uk/flats-for-sale/london?page=17,2025-06-13 21:11:29,17
https://www.foxtons.co.uk/properties-for-sale/sw1p/chpk2185436,https://www.foxtons.co.uk/flats-for-sale/london?page=32,2025-06-13 21:12:51,32
https://www.foxtons.co.uk/properties-for-sale/sw1p/chpk2185606,https://www.foxtons.co.uk/flats-for-sale/london?page=12,2025-06-13 21:11:01,12
https://www.foxtons.co.uk/properties-for-sale/sw1p/chpk2185762,https://www.foxtons.co.uk/flats-for-sale/london?page=6,2025-06-13 21:10:28,6
https://www.foxtons.co.uk/properties-for-sale/sw1p/chpk2185813,https://www.foxtons.co.uk/flats-for-sale/london?page=25,2025-06-13 21:12:13,25
https://www.foxtons.co.uk/properties-for-sale/sw1p/chpk3577719,https://www.foxtons.co.uk/flats-for-sale/london?page=3,2025-06-13 21:10:10,3
https://www.foxtons.co.uk/properties-for-sale/sw1p/chpk3854403,https://www.foxtons.co.uk/flats-for-sale/london?page=7,2025-06-13 21:10:34,7
https://www.foxtons.co.uk/properties-for-sale/sw1p/chpk4116054,https://www.foxtons.co.uk/flats-for-sale/london?page=16,2025-06-13 21:11:23,16
https://www.foxtons.co.uk/properties-for-sale/sw1p/chpk4116058,https://www.foxtons.co.uk/flats-for-sale/london?page=12,2025-06-13 21:11:01,12
https://www.foxtons.co.uk/properties-for-sale/sw1p/chpk4344838,https://www.foxtons.co.uk/flats-for-sale/london?page=2,2025-06-13 21:10:05,2
https://www.foxtons.co.uk/properties-for-sale/sw1p/chpk4385591,https://www.foxtons.co.uk/flats-for-sale/london?page=11,2025-06-13 21:10:56,11
https://www.foxtons.co.uk/properties-for-sale/sw1p/chpk4385597,https://www.foxtons.co.uk/flats-for-sale/london?page=2,2025-06-13 21:10:05,2
https://www.foxtons.co.uk/properties-for-sale/sw1p/chpk4418980,https://www.foxtons.co.uk/flats-for-sale/london?page=3,2025-06-13 21:10:10,3
https://www.foxtons.co.uk/properties-for-sale/sw1p/chpk5184130,https://www.foxtons.co.uk/flats-for-sale/london?page=7,2025-06-13 21:10:34,7
https://www.foxtons.co.uk/properties-for-sale/sw1p/chpk5222218,https://www.foxtons.co.uk/flats-for-sale/london?page=4,2025-06-13 21:10:16,4
https://www.foxtons.co.uk/properties-for-sale/sw1p/chpk5222363,https://www.foxtons.co.uk/flats-for-sale/london?page=7,2025-06-13 21:10:34,7
https://www.foxtons.co.uk/properties-for-sale/sw1p/chpk6204638,https://www.foxtons.co.uk/properties-for-sale/pimlico?page=2,2025-06-13 23:47:18,2
https://www.foxtons.co.uk/properties-for-sale/sw1p/ealg0286288,https://www.foxtons.co.uk/flats-for-sale/london?page=24,2025-06-13 21:12:07,24
https://www.foxtons.co.uk/properties-for-sale/sw1p/nhgt0078611,https://www.foxtons.co.uk/flats-for-sale/london?page=42,2025-06-13 21:13:48,42
https://www.foxtons.co.uk/properties-for-sale/sw1p/nwca5245592,https://www.foxtons.co.uk/flats-for-sale/london?page=9,2025-06-13 21:10:45,9
https://www.foxtons.co.uk/properties-for-sale/sw1p/nwca5245647,https://www.foxtons.co.uk/flats-for-sale/london?page=3,2025-06-13 21:10:10,3
https://www.foxtons.co.uk/properties-for-sale/sw1p/nwca5245810,https://www.foxtons.co.uk/flats-for-sale/london?page=1,2025-06-13 21:09:59,1
https://www.foxtons.co.uk/properties-for-sale/sw1p/nwhm3878372,https://www.foxtons.co.uk/flats-for-sale/london?page=3,2025-06-13 21:10:10,3
https://www.foxtons.co.uk/properties-for-sale/sw1p/nwhm4135960,https://www.foxtons.co.uk/flats-for-sale/london?page=1,2025-06-13 21:09:59,1
https://www.foxtons.co.uk/properties-for-sale/sw1v/chpk0007534,https://www.foxtons.co.uk/flats-for-sale/london?page=12,2025-06-13 21:11:01,12
https://www.foxtons.co.uk/properties-for-sale/sw1v/chpk0028198,https://www.foxtons.co.uk/flats-for-sale/london?page=14,2025-06-13 21:11:12,14
https://www.foxtons.co.uk/properties-for-sale/sw1v/chpk0035472,https://www.foxtons.co.uk/flats-for-sale/london?page=25,2025-06-13 21:12:13,25
https://www.foxtons.co.uk/properties-for-sale/sw1v/chpk0097341,https://www.foxtons.co.uk/flats-for-sale/london?page=1,2025-06-13 21:09:59,1
https://www.foxtons.co.uk/properties-for-sale/sw1v/chpk0133479,https://www.foxtons.co.uk/flats-for-sale/london?page=12,2025-06-13 21:11:01,12
https://www.foxtons.co.uk/properties-for-sale/sw1v/chpk0219687,https://www.foxtons.co.uk/flats-for-sale/london?page=25,2025-06-13 21:12:13,25
https://www.foxtons.co.uk/properties-for-sale/sw1v/chpk0224714,https://www.foxtons.co.uk/flats-for-sale/london?page=16,2025-06-13 21:11:23,16
https://www.foxtons.co.uk/properties-for-sale/sw1v/chpk0256424,https://www.foxtons.co.uk/flats-for-sale/london?page=11,2025-06-13 21:10:56,11
https://www.foxtons.co.uk/properties-for-sale/sw1v/chpk0262455,https://www.foxtons.co.uk/flats-for-sale/london?page=27,2025-06-13 21:12:24,27
https://www.foxtons.co.uk/properties-for-sale/sw1v/chpk0300439,https://www.foxtons.co.uk/flats-for-sale/london?page=38,2025-06-13 21:13:26,38
https://www.foxtons.co.uk/properties-for-sale/sw1v/chpk0300644,https://www.foxtons.co.uk/flats-for-sale/london?page=14,2025-06-13 21:11:12,14
https://www.foxtons.co.uk/properties-for-sale/sw1v/chpk0318053,https://www.foxtons.co.uk/flats-for-sale/london?page=13,2025-06-13 21:11:07,13
https://www.foxtons.co.uk/properties-for-sale/sw1v/chpk0346876,https://www.foxtons.co.uk/flats-for-sale/london?page=27,2025-06-13 21:12:24,27
https://www.foxtons.co.uk/properties-for-sale/sw1v/chpk0358816,https://www.foxtons.co.uk/flats-for-sale/london?page=16,2025-06-13 21:11:23,16
https://www.foxtons.co.uk/properties-for-sale/sw1v/chpk0365550,https://www.foxtons.co.uk/flats-for-sale/london?page=29,2025-06-13 21:12:35,29
https://www.foxtons.co.uk/properties-for-sale/sw1v/chpk1167974,https://www.foxtons.co.uk/flats-for-sale/london?page=21,2025-06-13 21:11:50,21
https://www.foxtons.co.uk/properties-for-sale/sw1v/chpk1177282,https://www.foxtons.co.uk/flats-for-sale/london?page=29,2025-06-13 21:12:35,29
https://www.foxtons.co.uk/properties-for-sale/sw1v/chpk1178170,https://www.foxtons.co.uk/flats-for-sale/london?page=25,2025-06-13 21:12:13,25
https://www.foxtons.co.uk/properties-for-sale/sw1v/chpk1181678,https://www.foxtons.co.uk/flats-for-sale/london?page=23,2025-06-13 21:12:01,23
https://www.foxtons.co.uk/properties-for-sale/sw1v/chpk1196269,https://www.foxtons.co.uk/flats-for-sale/london?page=12,2025-06-13 21:11:01,12
https://www.foxtons.co.uk/properties-for-sale/sw1v/chpk1196279,https://www.foxtons.co.uk/flats-for-sale/london?page=2,2025-06-13 21:10:05,2
https://www.foxtons.co.uk/properties-for-sale/sw1v/chpk1201732,https://www.foxtons.co.uk/flats-for-sale/london?page=27,2025-06-13 21:12:24,27
https://www.foxtons.co.uk/properties-for-sale/sw1v/chpk1204792,https://www.foxtons.co.uk/flats-for-sale/london?page=4,2025-06-13 21:10:16,4
https://www.foxtons.co.uk/properties-for-sale/sw1v/chpk1208451,https://www.foxtons.co.uk/flats-for-sale/london?page=6,2025-06-13 21:10:28,6
https://www.foxtons.co.uk/properties-for-sale/sw1v/chpk1212671,https://www.foxtons.co.uk/flats-for-sale/london?page=23,2025-06-13 21:12:01,23
https://www.foxtons.co.uk/properties-for-sale/sw1v/chpk1218876,https://www.foxtons.co.uk/flats-for-sale/london?page=17,2025-06-13 21:11:29,17
https://www.foxtons.co.uk/properties-for-sale/sw1v/chpk1225821,https://www.foxtons.co.uk/flats-for-sale/london?page=29,2025-06-13 21:12:35,29
https://www.foxtons.co.uk/properties-for-sale/sw1v/chpk1240773,https://www.foxtons.co.uk/flats-for-sale/london?page=6,2025-06-13 21:10:28,6
https://www.foxtons.co.uk/properties-for-sale/sw1v/chpk1258797,https://www.foxtons.co.uk/flats-for-sale/london?page=29,2025-06-13 21:12:35,29
https://www.foxtons.co.uk/properties-for-sale/sw1v/chpk1290505,https://www.foxtons.co.uk/flats-for-sale/london?page=2,2025-06-13 21:10:05,2
https://www.foxtons.co.uk/properties-for-sale/sw1v/chpk1305762,https://www.foxtons.co.uk/flats-for-sale/london?page=19,2025-06-13 21:11:39,19
https://www.foxtons.co.uk/properties-for-sale/sw1v/chpk1321486,https://www.foxtons.co.uk/flats-for-sale/london?page=50,2025-06-13 21:15:33,50
https://www.foxtons.co.uk/properties-for-sale/sw1v/chpk1321750,https://www.foxtons.co.uk/flats-for-sale/london?page=27,2025-06-13 21:12:24,27
https://www.foxtons.co.uk/properties-for-sale/sw1v/chpk1322731,https://www.foxtons.co.uk/flats-for-sale/london?page=23,2025-06-13 21:12:01,23
https://www.foxtons.co.uk/properties-for-sale/sw1v/chpk1333688,https://www.foxtons.co.uk/flats-for-sale/london?page=40,2025-06-13 21:13:37,40
https://www.foxtons.co.uk/properties-for-sale/sw1v/chpk1333905,https://www.foxtons.co.uk/flats-for-sale/london?page=14,2025-06-13 21:11:12,14
https://www.foxtons.co.uk/properties-for-sale/sw1v/chpk1344668,https://www.foxtons.co.uk/flats-for-sale/london?page=19,2025-06-13 21:11:39,19
https://www.foxtons.co.uk/properties-for-sale/sw1v/chpk1371344,https://www.foxtons.co.uk/flats-for-sale/london?page=29,2025-06-13 21:12:35,29
https://www.foxtons.co.uk/properties-for-sale/sw1v/chpk1406183,https://www.foxtons.co.uk/houses-for-sale/london?page=3,2025-06-13 21:05:38,3
https://www.foxtons.co.uk/properties-for-sale/sw1v/chpk1447636,https://www.foxtons.co.uk/flats-for-sale/london?page=13,2025-06-13 21:11:07,13
https://www.foxtons.co.uk/properties-for-sale/sw1v/chpk1515306,https://www.foxtons.co.uk/flats-for-sale/london?page=10,2025-06-13 21:10:50,10
https://www.foxtons.co.uk/properties-for-sale/sw1v/chpk1520359,https://www.foxtons.co.uk/flats-for-sale/london?page=15,2025-06-13 21:11:17,15
https://www.foxtons.co.uk/properties-for-sale/sw1v/chpk1528453,https://www.foxtons.co.uk/flats-for-sale/london?page=39,2025-06-13 21:13:32,39
https://www.foxtons.co.uk/properties-for-sale/sw1v/chpk1571141,https://www.foxtons.co.uk/flats-for-sale/london?page=19,2025-06-13 21:11:39,19
https://www.foxtons.co.uk/properties-for-sale/sw1v/chpk1577859,https://www.foxtons.co.uk/flats-for-sale/london?page=13,2025-06-13 21:11:07,13
https://www.foxtons.co.uk/properties-for-sale/sw1v/chpk1636025,https://www.foxtons.co.uk/properties-for-sale/pimlico?page=2,2025-06-13 23:47:18,2
https://www.foxtons.co.uk/properties-for-sale/sw1v/chpk1948917,https://www.foxtons.co.uk/houses-for-sale/london?page=3,2025-06-13 21:05:38,3
https://www.foxtons.co.uk/properties-for-sale/sw1v/chpk2112087,https://www.foxtons.co.uk/flats-for-sale/london?page=18,2025-06-13 21:11:34,18
https://www.foxtons.co.uk/properties-for-sale/sw1v/chpk2112890,https://www.foxtons.co.uk/houses-for-sale/london?page=2,2025-06-13 21:05:20,2
https://www.foxtons.co.uk/properties-for-sale/sw1v/chpk2125776,https://www.foxtons.co.uk/flats-for-sale/london?page=33,2025-06-13 21:12:57,33
https://www.foxtons.co.uk/properties-for-sale/sw1v/chpk2166820,https://www.foxtons.co.uk/flats-for-sale/london?page=8,2025-06-13 21:10:39,8
https://www.foxtons.co.uk/properties-for-sale/sw1v/chpk2170897,https://www.foxtons.co.uk/flats-for-sale/london?page=16,2025-06-13 21:11:23,16
https://www.foxtons.co.uk/properties-for-sale/sw1v/chpk3377690,https://www.foxtons.co.uk/flats-for-sale/london?page=5,2025-06-13 21:10:22,5
https://www.foxtons.co.uk/properties-for-sale/sw1v/chpk3397632,https://www.foxtons.co.uk/flats-for-sale/london?page=52,2025-06-13 21:17:29,52
https://www.foxtons.co.uk/properties-for-sale/sw1v/chpk3635824,https://www.foxtons.co.uk/flats-for-sale/london?page=13,2025-06-13 21:11:07,13
https://www.foxtons.co.uk/properties-for-sale/sw1v/chpk3663764,https://www.foxtons.co.uk/flats-for-sale/london?page=9,2025-06-13 21:10:45,9
https://www.foxtons.co.uk/properties-for-sale/sw1v/chpk3666909,https://www.foxtons.co.uk/flats-for-sale/london?page=9,2025-06-13 21:10:45,9
https://www.foxtons.co.uk/properties-for-sale/sw1v/chpk3668672,https://www.foxtons.co.uk/flats-for-sale/london?page=11,2025-06-13 21:10:56,11
https://www.foxtons.co.uk/properties-for-sale/sw1v/chpk3674636,https://www.foxtons.co.uk/flats-for-sale/london?page=24,2025-06-13 21:12:07,24
https://www.foxtons.co.uk/properties-for-sale/sw1v/chpk3697819,https://www.foxtons.co.uk/flats-for-sale/london?page=30,2025-06-13 21:12:40,30
https://www.foxtons.co.uk/properties-for-sale/sw1v/chpk4052136,https://www.foxtons.co.uk/flats-for-sale/london?page=19,2025-06-13 21:11:39,19
https://www.foxtons.co.uk/properties-for-sale/sw1v/chpk4121635,https://www.foxtons.co.uk/flats-for-sale/london?page=1,2025-06-13 21:09:59,1
https://www.foxtons.co.uk/properties-for-sale/sw1v/chpk4548792,https://www.foxtons.co.uk/flats-for-sale/london?page=9,2025-06-13 21:10:45,9
https://www.foxtons.co.uk/properties-for-sale/sw1v/chpk4660160,https://www.foxtons.co.uk/flats-for-sale/london?page=9,2025-06-13 21:10:45,9
https://www.foxtons.co.uk/properties-for-sale/sw1v/chpk4660163,https://www.foxtons.co.uk/flats-for-sale/london?page=4,2025-06-13 21:10:16,4
https://www.foxtons.co.uk/properties-for-sale/sw1v/chpk4893494,https://www.foxtons.co.uk/flats-for-sale/london?page=9,2025-06-13 21:10:45,9
https://www.foxtons.co.uk/properties-for-sale/sw1v/chpk5978079,https://www.foxtons.co.uk/flats-for-sale/london?page=9,2025-06-13 21:10:45,9
https://www.foxtons.co.uk/properties-for-sale/sw1v/ealg0266238,https://www.foxtons.co.uk/flats-for-sale/london?page=22,2025-06-13 21:11:56,22
https://www.foxtons.co.uk/properties-for-sale/sw1v/piml5261700,https://www.foxtons.co.uk/flats-for-sale/london?page=21,2025-06-13 21:11:50,21
https://www.foxtons.co.uk/properties-for-sale/sw1v/slsq0154148,https://www.foxtons.co.uk/flats-for-sale/london?page=50,2025-06-13 21:15:33,50
https://www.foxtons.co.uk/properties-for-sale/sw1v/slsq0185391,https://www.foxtons.co.uk/flats-for-sale/london?page=33,2025-06-13 21:12:57,33
https://www.foxtons.co.uk/properties-for-sale/sw1w/chpk0119977,https://www.foxtons.co.uk/flats-for-sale/london?page=1,2025-06-13 21:09:59,1
https://www.foxtons.co.uk/properties-for-sale/sw1w/chpk0330594,https://www.foxtons.co.uk/flats-for-sale/london?page=2,2025-06-13 21:10:05,2
https://www.foxtons.co.uk/properties-for-sale/sw1w/chpk1223835,https://www.foxtons.co.uk/flats-for-sale/london?page=4,2025-06-13 21:10:16,4
https://www.foxtons.co.uk/properties-for-sale/sw1w/chpk1272316,https://www.foxtons.co.uk/flats-for-sale/london?page=2,2025-06-13 21:10:05,2
https://www.foxtons.co.uk/properties-for-sale/sw1w/chpk1290730,https://www.foxtons.co.uk/flats-for-sale/london?page=7,2025-06-13 21:10:34,7
https://www.foxtons.co.uk/properties-for-sale/sw1w/chpk1318125,https://www.foxtons.co.uk/flats-for-sale/london?page=9,2025-06-13 21:10:45,9
https://www.foxtons.co.uk/properties-for-sale/sw1w/chpk1411891,https://www.foxtons.co.uk/flats-for-sale/london?page=19,2025-06-13 21:11:39,19
https://www.foxtons.co.uk/properties-for-sale/sw1w/chpk1426547,https://www.foxtons.co.uk/flats-for-sale/london?page=21,2025-06-13 21:11:50,21
https://www.foxtons.co.uk/properties-for-sale/sw1w/chpk1835269,https://www.foxtons.co.uk/houses-for-sale/london?page=2,2025-06-13 21:05:20,2
https://www.foxtons.co.uk/properties-for-sale/sw1w/chpk2097301,https://www.foxtons.co.uk/houses-for-sale/london?page=1,2025-06-13 21:05:14,1
https://www.foxtons.co.uk/properties-for-sale/sw1w/chpk2171723,https://www.foxtons.co.uk/flats-for-sale/london?page=6,2025-06-13 21:10:28,6
https://www.foxtons.co.uk/properties-for-sale/sw1w/chpk2175928,https://www.foxtons.co.uk/flats-for-sale/london?page=48,2025-06-13 21:14:37,48
https://www.foxtons.co.uk/properties-for-sale/sw1w/chpk2179272,https://www.foxtons.co.uk/flats-for-sale/london?page=48,2025-06-13 21:14:37,48
https://www.foxtons.co.uk/properties-for-sale/sw1w/chpk2179325,https://www.foxtons.co.uk/flats-for-sale/london?page=6,2025-06-13 21:10:28,6
https://www.foxtons.co.uk/properties-for-sale/sw1w/chpk2179345,https://www.foxtons.co.uk/flats-for-sale/london?page=9,2025-06-13 21:10:45,9
https://www.foxtons.co.uk/properties-for-sale/sw1w/chpk2179346,https://www.foxtons.co.uk/flats-for-sale/london?page=5,2025-06-13 21:10:22,5
https://www.foxtons.co.uk/properties-for-sale/sw1w/chpk2179347,https://www.foxtons.co.uk/flats-for-sale/london?page=6,2025-06-13 21:10:28,6
https://www.foxtons.co.uk/properties-for-sale/sw1w/chpk2179373,https://www.foxtons.co.uk/flats-for-sale/london?page=5,2025-06-13 21:10:22,5
https://www.foxtons.co.uk/properties-for-sale/sw1w/chpk3581875,https://www.foxtons.co.uk/flats-for-sale/london?page=19,2025-06-13 21:11:39,19
https://www.foxtons.co.uk/properties-for-sale/sw1w/chpk3581989,https://www.foxtons.co.uk/flats-for-sale/london?page=43,2025-06-13 21:13:54,43
https://www.foxtons.co.uk/properties-for-sale/sw1w/chpk3581995,https://www.foxtons.co.uk/flats-for-sale/london?page=43,2025-06-13 21:13:54,43
https://www.foxtons.co.uk/properties-for-sale/sw1w/chpk3582046,https://www.foxtons.co.uk/flats-for-sale/london?page=25,2025-06-13 21:12:13,25
https://www.foxtons.co.uk/properties-for-sale/sw1w/chpk3667439,https://www.foxtons.co.uk/flats-for-sale/london?page=11,2025-06-13 21:10:56,11
https://www.foxtons.co.uk/properties-for-sale/sw1w/chpk3667455,https://www.foxtons.co.uk/flats-for-sale/london?page=2,2025-06-13 21:10:05,2
https://www.foxtons.co.uk/properties-for-sale/sw1w/chpk3667493,https://www.foxtons.co.uk/flats-for-sale/london?page=5,2025-06-13 21:10:22,5
https://www.foxtons.co.uk/properties-for-sale/sw1w/chpk3716536,https://www.foxtons.co.uk/flats-for-sale/london?page=21,2025-06-13 21:11:50,21
https://www.foxtons.co.uk/properties-for-sale/sw1w/chpk4360623,https://www.foxtons.co.uk/flats-for-sale/london?page=6,2025-06-13 21:10:28,6
https://www.foxtons.co.uk/properties-for-sale/sw1w/chpk5264293,https://www.foxtons.co.uk/flats-for-sale/london?page=27,2025-06-13 21:12:24,27
https://www.foxtons.co.uk/properties-for-sale/sw1w/chpk6204537,https://www.foxtons.co.uk/flats-for-sale/london?page=25,2025-06-13 21:12:13,25
https://www.foxtons.co.uk/properties-for-sale/sw1x/chpk0085036,https://www.foxtons.co.uk/flats-for-sale/london?page=1,2025-06-13 21:09:59,1
https://www.foxtons.co.uk/properties-for-sale/sw1x/chpk1226034,https://www.foxtons.co.uk/flats-for-sale/london?page=5,2025-06-13 21:10:22,5
https://www.foxtons.co.uk/properties-for-sale/sw1x/chpk1230173,https://www.foxtons.co.uk/flats-for-sale/london?page=2,2025-06-13 21:10:05,2
https://www.foxtons.co.uk/properties-for-sale/sw1x/chpk1234963,https://www.foxtons.co.uk/flats-for-sale/london?page=44,2025-06-13 21:13:59,44
https://www.foxtons.co.uk/properties-for-sale/sw1x/chpk1278126,https://www.foxtons.co.uk/flats-for-sale/london?page=11,2025-06-13 21:10:56,11
https://www.foxtons.co.uk/properties-for-sale/sw1x/chpk1451589,https://www.foxtons.co.uk/flats-for-sale/london?page=8,2025-06-13 21:10:39,8
https://www.foxtons.co.uk/properties-for-sale/sw1x/chpk1660854,https://www.foxtons.co.uk/houses-for-sale/london?page=1,2025-06-13 21:05:14,1
https://www.foxtons.co.uk/properties-for-sale/sw1x/chpk2170035,https://www.foxtons.co.uk/flats-for-sale/london?page=4,2025-06-13 21:10:16,4
https://www.foxtons.co.uk/properties-for-sale/sw1x/chpk4126078,https://www.foxtons.co.uk/houses-for-sale/london?page=1,2025-06-13 21:05:14,1
https://www.foxtons.co.uk/properties-for-sale/sw1x/kncl0220873,https://www.foxtons.co.uk/flats-for-sale/london?page=3,2025-06-13 21:10:10,3
https://www.foxtons.co.uk/properties-for-sale/sw2/balm0047539,https://www.foxtons.co.uk/flats-for-sale/london?page=47,2025-06-13 21:14:29,47
https://www.foxtons.co.uk/properties-for-sale/sw2/balm0102243,https://www.foxtons.co.uk/flats-for-sale/london?page=17,2025-06-13 21:11:29,17
https://www.foxtons.co.uk/properties-for-sale/sw2/chpk0033086,https://www.foxtons.co.uk/flats-for-sale/london?page=14,2025-06-13 21:11:12,14
https://www.foxtons.co.uk/properties-for-sale/sw2/chpk0033164,https://www.foxtons.co.uk/properties-for-sale/london?page=8,2025-06-13 21:18:39,8
https://www.foxtons.co.uk/properties-for-sale/sw2/chpk0050452,https://www.foxtons.co.uk/flats-for-sale/london?page=16,2025-06-13 21:11:23,16
https://www.foxtons.co.uk/properties-for-sale/sw2/chpk0059419,https://www.foxtons.co.uk/properties-for-sale/london?page=9,2025-06-13 21:18:45,9
https://www.foxtons.co.uk/properties-for-sale/sw2/chpk0115546,https://www.foxtons.co.uk/houses-for-sale/london?page=5,2025-06-13 21:06:19,5
https://www.foxtons.co.uk/properties-for-sale/sw2/chpk0310365,https://www.foxtons.co.uk/flats-for-sale/london?page=15,2025-06-13 21:11:17,15
https://www.foxtons.co.uk/properties-for-sale/sw2/chpk0361953,https://www.foxtons.co.uk/flats-for-sale/london?page=19,2025-06-13 21:11:39,19
https://www.foxtons.co.uk/properties-for-sale/sw2/chpk1231272,https://www.foxtons.co.uk/flats-for-sale/london?page=34,2025-06-13 21:13:02,34
https://www.foxtons.co.uk/properties-for-sale/sw2/chpk1243712,https://www.foxtons.co.uk/flats-for-sale/london?page=37,2025-06-13 21:13:20,37
https://www.foxtons.co.uk/properties-for-sale/sw2/chpk1270184,https://www.foxtons.co.uk/flats-for-sale/london?page=17,2025-06-13 21:11:29,17
https://www.foxtons.co.uk/properties-for-sale/sw2/chpk1358642,https://www.foxtons.co.uk/properties-for-sale/brixton?page=2,2025-06-13 22:29:22,2
https://www.foxtons.co.uk/properties-for-sale/sw2/chpk1722586,https://www.foxtons.co.uk/flats-for-sale/london?page=20,2025-06-13 21:11:45,20
https://www.foxtons.co.uk/properties-for-sale/sw2/chpk1866418,https://www.foxtons.co.uk/properties-for-sale/london?page=19,2025-06-13 21:20:03,19
https://www.foxtons.co.uk/properties-for-sale/sw2/chpk2573081,https://www.foxtons.co.uk/flats-for-sale/london?page=46,2025-06-13 21:14:10,46
https://www.foxtons.co.uk/properties-for-sale/sw2/chpk2574156,https://www.foxtons.co.uk/houses-for-sale/balham?page=1,2025-06-13 21:31:54,1
https://www.foxtons.co.uk/properties-for-sale/sw2/chpk2576809,https://www.foxtons.co.uk/flats-for-sale/london?page=54,2025-06-13 21:17:43,54
https://www.foxtons.co.uk/properties-for-sale/sw2/chpk2577755,https://www.foxtons.co.uk/flats-for-sale/london?page=10,2025-06-13 21:10:50,10
https://www.foxtons.co.uk/properties-for-sale/sw2/chpk2578667,https://www.foxtons.co.uk/properties-for-sale/brixton?page=2,2025-06-13 22:29:22,2
https://www.foxtons.co.uk/properties-for-sale/sw2/chpk2578783,https://www.foxtons.co.uk/houses-for-sale/london?page=11,2025-06-13 21:09:41,11
https://www.foxtons.co.uk/properties-for-sale/sw2/chpk2578834,https://www.foxtons.co.uk/flats-for-sale/london?page=39,2025-06-13 21:13:32,39
https://www.foxtons.co.uk/properties-for-sale/sw2/chpk2580295,https://www.foxtons.co.uk/houses-for-sale/london?page=11,2025-06-13 21:09:41,11
https://www.foxtons.co.uk/properties-for-sale/sw2/chpk2580366,https://www.foxtons.co.uk/flats-for-sale/london?page=46,2025-06-13 21:14:10,46
https://www.foxtons.co.uk/properties-for-sale/sw2/chpk2580502,https://www.foxtons.co.uk/flats-for-sale/london?page=44,2025-06-13 21:13:59,44
https://www.foxtons.co.uk/properties-for-sale/sw2/chpk2580803,https://www.foxtons.co.uk/flats-for-sale/london?page=46,2025-06-13 21:14:10,46
https://www.foxtons.co.uk/properties-for-sale/sw2/chpk2582814,https://www.foxtons.co.uk/flats-for-sale/london?page=29,2025-06-13 21:12:35,29
https://www.foxtons.co.uk/properties-for-sale/sw2/chpk2583290,https://www.foxtons.co.uk/houses-for-sale/london?page=11,2025-06-13 21:09:41,11
https://www.foxtons.co.uk/properties-for-sale/sw2/chpk2584203,https://www.foxtons.co.uk/properties-for-sale/london?page=9,2025-06-13 21:18:45,9
https://www.foxtons.co.uk/properties-for-sale/sw2/chpk2584635,https://www.foxtons.co.uk/flats-for-sale/london?page=44,2025-06-13 21:13:59,44
https://www.foxtons.co.uk/properties-for-sale/sw2/chpk2584860,https://www.foxtons.co.uk/flats-for-sale/london?page=54,2025-06-13 21:17:43,54
https://www.foxtons.co.uk/properties-for-sale/sw2/chpk2584958,https://www.foxtons.co.uk/flats-for-sale/london?page=15,2025-06-13 21:11:17,15
https://www.foxtons.co.uk/properties-for-sale/sw2/chpk2586047,https://www.foxtons.co.uk/flats-for-sale/london?page=46,2025-06-13 21:14:10,46
https://www.foxtons.co.uk/properties-for-sale/sw2/chpk2586237,https://www.foxtons.co.uk/flats-for-sale/london?page=45,2025-06-13 21:14:05,45
https://www.foxtons.co.uk/properties-for-sale/sw2/chpk2586322,https://www.foxtons.co.uk/houses-for-sale/london?page=6,2025-06-13 21:06:25,6
https://www.foxtons.co.uk/properties-for-sale/sw2/chpk2586862,https://www.foxtons.co.uk/flats-for-sale/london?page=50,2025-06-13 21:15:33,50
https://www.foxtons.co.uk/properties-for-sale/sw2/chpk2587736,https://www.foxtons.co.uk/houses-for-sale/london?page=3,2025-06-13 21:05:38,3
https://www.foxtons.co.uk/properties-for-sale/sw2/chpk2588185,https://www.foxtons.co.uk/flats-for-sale/london?page=50,2025-06-13 21:15:33,50
https://www.foxtons.co.uk/properties-for-sale/sw2/chpk2589060,https://www.foxtons.co.uk/flats-for-sale/london?page=41,2025-06-13 21:13:43,41
https://www.foxtons.co.uk/properties-for-sale/sw2/chpk2590121,https://www.foxtons.co.uk/houses-for-sale/london?page=5,2025-06-13 21:06:19,5
https://www.foxtons.co.uk/properties-for-sale/sw2/chpk2590535,https://www.foxtons.co.uk/flats-for-sale/london?page=34,2025-06-13 21:13:02,34
https://www.foxtons.co.uk/properties-for-sale/sw2/chpk2590573,https://www.foxtons.co.uk/flats-for-sale/london?page=48,2025-06-13 21:14:37,48
https://www.foxtons.co.uk/properties-for-sale/sw2/chpk2595677,https://www.foxtons.co.uk/flats-for-sale/london?page=37,2025-06-13 21:13:20,37
https://www.foxtons.co.uk/properties-for-sale/sw2/chpk2597219,https://www.foxtons.co.uk/flats-for-sale/london?page=48,2025-06-13 21:14:37,48
https://www.foxtons.co.uk/properties-for-sale/sw2/chpk2599103,https://www.foxtons.co.uk/houses-for-sale/london?page=13,2025-06-13 21:09:51,13
https://www.foxtons.co.uk/properties-for-sale/sw2/chpk2599186,https://www.foxtons.co.uk/flats-for-sale/london?page=4,2025-06-13 21:10:16,4
https://www.foxtons.co.uk/properties-for-sale/sw2/chpk2599197,https://www.foxtons.co.uk/flats-for-sale/london?page=43,2025-06-13 21:13:54,43
https://www.foxtons.co.uk/properties-for-sale/sw2/chpk2599200,https://www.foxtons.co.uk/flats-for-sale/london?page=48,2025-06-13 21:14:37,48
https://www.foxtons.co.uk/properties-for-sale/sw2/chpk2601043,https://www.foxtons.co.uk/flats-for-sale/london?page=50,2025-06-13 21:15:33,50
https://www.foxtons.co.uk/properties-for-sale/sw2/chpk2601060,https://www.foxtons.co.uk/flats-for-sale/london?page=52,2025-06-13 21:17:29,52
https://www.foxtons.co.uk/properties-for-sale/sw2/chpk2601096,https://www.foxtons.co.uk/flats-for-sale/london?page=53,2025-06-13 21:17:34,53
https://www.foxtons.co.uk/properties-for-sale/sw2/chpk2601400,https://www.foxtons.co.uk/flats-for-sale/london?page=46,2025-06-13 21:14:10,46
https://www.foxtons.co.uk/properties-for-sale/sw2/chpk2604907,https://www.foxtons.co.uk/flats-for-sale/london?page=47,2025-06-13 21:14:29,47
https://www.foxtons.co.uk/properties-for-sale/sw2/chpk4056349,https://www.foxtons.co.uk/flats-for-sale/london?page=15,2025-06-13 21:11:17,15
https://www.foxtons.co.uk/properties-for-sale/sw2/chpk4076865,https://www.foxtons.co.uk/flats-for-sale/london?page=33,2025-06-13 21:12:57,33
https://www.foxtons.co.uk/properties-for-sale/sw2/chpk4640150,https://www.foxtons.co.uk/flats-for-sale/london?page=36,2025-06-13 21:13:15,36
https://www.foxtons.co.uk/properties-for-sale/sw2/chpk5107709,https://www.foxtons.co.uk/flats-for-sale/london?page=11,2025-06-13 21:10:56,11
https://www.foxtons.co.uk/properties-for-sale/sw2/chpk5154043,https://www.foxtons.co.uk/properties-for-sale/london?page=22,2025-06-13 21:20:21,22
https://www.foxtons.co.uk/properties-for-sale/sw2/chpk5244378,https://www.foxtons.co.uk/houses-for-sale/london?page=5,2025-06-13 21:06:19,5
https://www.foxtons.co.uk/properties-for-sale/sw2/wimb0065100,https://www.foxtons.co.uk/flats-for-sale/london?page=10,2025-06-13 21:10:50,10
https://www.foxtons.co.uk/properties-for-sale/sw20/chpk0079975,https://www.foxtons.co.uk/flats-for-sale/london?page=23,2025-06-13 21:12:01,23
https://www.foxtons.co.uk/properties-for-sale/sw20/chpk0238482,https://www.foxtons.co.uk/flats-for-sale/london?page=53,2025-06-13 21:17:34,53
https://www.foxtons.co.uk/properties-for-sale/sw20/chpk0282740,https://www.foxtons.co.uk/flats-for-sale/london?page=14,2025-06-13 21:11:12,14
https://www.foxtons.co.uk/properties-for-sale/sw20/chpk2560348,https://www.foxtons.co.uk/properties-for-sale/new-malden?page=1,2025-06-13 23:38:58,1
https://www.foxtons.co.uk/properties-for-sale/sw20/chpk2566767,https://www.foxtons.co.uk/flats-for-sale/london?page=50,2025-06-13 21:15:33,50
https://www.foxtons.co.uk/properties-for-sale/sw20/chpk2574351,https://www.foxtons.co.uk/houses-for-sale/london?page=5,2025-06-13 21:06:19,5
https://www.foxtons.co.uk/properties-for-sale/sw20/chpk2578174,https://www.foxtons.co.uk/flats-for-sale/london?page=8,2025-06-13 21:10:39,8
https://www.foxtons.co.uk/properties-for-sale/sw20/chpk2579344,https://www.foxtons.co.uk/houses-for-sale/london?page=5,2025-06-13 21:06:19,5
https://www.foxtons.co.uk/properties-for-sale/sw20/chpk2585173,https://www.foxtons.co.uk/flats-for-sale/london?page=50,2025-06-13 21:15:33,50
https://www.foxtons.co.uk/properties-for-sale/sw20/chpk2585513,https://www.foxtons.co.uk/houses-for-sale/london?page=6,2025-06-13 21:06:25,6
https://www.foxtons.co.uk/properties-for-sale/sw20/chpk2585783,https://www.foxtons.co.uk/flats-for-sale/london?page=7,2025-06-13 21:10:34,7
https://www.foxtons.co.uk/properties-for-sale/sw20/chpk2589641,https://www.foxtons.co.uk/flats-for-sale/london?page=37,2025-06-13 21:13:20,37
https://www.foxtons.co.uk/properties-for-sale/sw20/chpk3654648,https://www.foxtons.co.uk/flats-for-sale/london?page=28,2025-06-13 21:12:29,28
https://www.foxtons.co.uk/properties-for-sale/sw20/chpk3698790,https://www.foxtons.co.uk/flats-for-sale/london?page=33,2025-06-13 21:12:57,33
https://www.foxtons.co.uk/properties-for-sale/sw20/chpk3865705,https://www.foxtons.co.uk/flats-for-sale/london?page=7,2025-06-13 21:10:34,7
https://www.foxtons.co.uk/properties-for-sale/sw20/chpk4147763,https://www.foxtons.co.uk/flats-for-sale/london?page=20,2025-06-13 21:11:45,20
https://www.foxtons.co.uk/properties-for-sale/sw20/chpk4913252,https://www.foxtons.co.uk/flats-for-sale/london?page=38,2025-06-13 21:13:26,38
https://www.foxtons.co.uk/properties-for-sale/sw20/fulm0105068,https://www.foxtons.co.uk/houses-for-sale/london?page=6,2025-06-13 21:06:25,6
https://www.foxtons.co.uk/properties-for-sale/sw20/nwca5269851,https://www.foxtons.co.uk/houses-for-sale/london?page=6,2025-06-13 21:06:25,6
https://www.foxtons.co.uk/properties-for-sale/sw20/nwca5270316,https://www.foxtons.co.uk/houses-for-sale/london?page=3,2025-06-13 21:05:38,3
https://www.foxtons.co.uk/properties-for-sale/sw20/wimb0071781,https://www.foxtons.co.uk/flats-for-sale/london?page=47,2025-06-13 21:14:29,47
https://www.foxtons.co.uk/properties-for-sale/sw20/wimb0183616,https://www.foxtons.co.uk/houses-for-sale/london?page=5,2025-06-13 21:06:19,5
https://www.foxtons.co.uk/properties-for-sale/sw3/chpk0026073,https://www.foxtons.co.uk/flats-for-sale/london?page=11,2025-06-13 21:10:56,11
https://www.foxtons.co.uk/properties-for-sale/sw3/chpk0029993,https://www.foxtons.co.uk/properties-for-sale/london?page=8,2025-06-13 21:18:39,8
https://www.foxtons.co.uk/properties-for-sale/sw3/chpk0044610,https://www.foxtons.co.uk/flats-for-sale/london?page=27,2025-06-13 21:12:24,27
https://www.foxtons.co.uk/properties-for-sale/sw3/chpk0050603,https://www.foxtons.co.uk/flats-for-sale/london?page=9,2025-06-13 21:10:45,9
https://www.foxtons.co.uk/properties-for-sale/sw3/chpk0098113,https://www.foxtons.co.uk/flats-for-sale/london?page=5,2025-06-13 21:10:22,5
https://www.foxtons.co.uk/properties-for-sale/sw3/chpk0099145,https://www.foxtons.co.uk/flats-for-sale/london?page=8,2025-06-13 21:10:39,8
https://www.foxtons.co.uk/properties-for-sale/sw3/chpk0107115,https://www.foxtons.co.uk/flats-for-sale/london?page=20,2025-06-13 21:11:45,20
https://www.foxtons.co.uk/properties-for-sale/sw3/chpk0117881,https://www.foxtons.co.uk/houses-for-sale/london?page=1,2025-06-13 21:05:14,1
https://www.foxtons.co.uk/properties-for-sale/sw3/chpk0124657,https://www.foxtons.co.uk/flats-for-sale/london?page=25,2025-06-13 21:12:13,25
https://www.foxtons.co.uk/properties-for-sale/sw3/chpk0132481,https://www.foxtons.co.uk/flats-for-sale/london?page=10,2025-06-13 21:10:50,10
https://www.foxtons.co.uk/properties-for-sale/sw3/chpk0220578,https://www.foxtons.co.uk/flats-for-sale/london?page=19,2025-06-13 21:11:39,19
https://www.foxtons.co.uk/properties-for-sale/sw3/chpk0267866,https://www.foxtons.co.uk/flats-for-sale/london?page=32,2025-06-13 21:12:51,32
https://www.foxtons.co.uk/properties-for-sale/sw3/chpk0365853,https://www.foxtons.co.uk/flats-for-sale/london?page=5,2025-06-13 21:10:22,5
https://www.foxtons.co.uk/properties-for-sale/sw3/chpk2551093,https://www.foxtons.co.uk/flats-for-sale/london?page=3,2025-06-13 21:10:10,3
https://www.foxtons.co.uk/properties-for-sale/sw3/chpk2554987,https://www.foxtons.co.uk/flats-for-sale/london?page=11,2025-06-13 21:10:56,11
https://www.foxtons.co.uk/properties-for-sale/sw3/chpk2555322,https://www.foxtons.co.uk/flats-for-sale/london?page=26,2025-06-13 21:12:18,26
https://www.foxtons.co.uk/properties-for-sale/sw3/chpk2559372,https://www.foxtons.co.uk/flats-for-sale/london?page=1,2025-06-13 21:09:59,1
https://www.foxtons.co.uk/properties-for-sale/sw3/chpk2563085,https://www.foxtons.co.uk/flats-for-sale/london?page=2,2025-06-13 21:10:05,2
https://www.foxtons.co.uk/properties-for-sale/sw3/chpk2563128,https://www.foxtons.co.uk/flats-for-sale/london?page=2,2025-06-13 21:10:05,2
https://www.foxtons.co.uk/properties-for-sale/sw3/chpk2563246,https://www.foxtons.co.uk/flats-for-sale/london?page=1,2025-06-13 21:09:59,1
https://www.foxtons.co.uk/properties-for-sale/sw3/chpk2563303,https://www.foxtons.co.uk/flats-for-sale/london?page=1,2025-06-13 21:09:59,1
https://www.foxtons.co.uk/properties-for-sale/sw3/chpk2564928,https://www.foxtons.co.uk/flats-for-sale/london?page=14,2025-06-13 21:11:12,14
https://www.foxtons.co.uk/properties-for-sale/sw3/chpk2564931,https://www.foxtons.co.uk/flats-for-sale/london?page=14,2025-06-13 21:11:12,14
https://www.foxtons.co.uk/properties-for-sale/sw3/chpk2565001,https://www.foxtons.co.uk/flats-for-sale/london?page=26,2025-06-13 21:12:18,26
https://www.foxtons.co.uk/properties-for-sale/sw3/chpk2565658,https://www.foxtons.co.uk/flats-for-sale/london?page=48,2025-06-13 21:14:37,48
https://www.foxtons.co.uk/properties-for-sale/sw3/chpk2565698,https://www.foxtons.co.uk/flats-for-sale/london?page=6,2025-06-13 21:10:28,6
https://www.foxtons.co.uk/properties-for-sale/sw3/chpk2567224,https://www.foxtons.co.uk/houses-for-sale/london?page=1,2025-06-13 21:05:14,1
https://www.foxtons.co.uk/properties-for-sale/sw3/chpk2569340,https://www.foxtons.co.uk/flats-for-sale/london?page=4,2025-06-13 21:10:16,4
https://www.foxtons.co.uk/properties-for-sale/sw3/chpk2572481,https://www.foxtons.co.uk/flats-for-sale/london?page=4,2025-06-13 21:10:16,4
https://www.foxtons.co.uk/properties-for-sale/sw3/chpk2572553,https://www.foxtons.co.uk/flats-for-sale/london?page=2,2025-06-13 21:10:05,2
https://www.foxtons.co.uk/properties-for-sale/sw3/chpk2573533,https://www.foxtons.co.uk/flats-for-sale/london?page=1,2025-06-13 21:09:59,1
https://www.foxtons.co.uk/properties-for-sale/sw3/chpk3396876,https://www.foxtons.co.uk/flats-for-sale/london?page=11,2025-06-13 21:10:56,11
https://www.foxtons.co.uk/properties-for-sale/sw3/chpk3629410,https://www.foxtons.co.uk/flats-for-sale/london?page=6,2025-06-13 21:10:28,6
https://www.foxtons.co.uk/properties-for-sale/sw3/chpk3663057,https://www.foxtons.co.uk/flats-for-sale/london?page=10,2025-06-13 21:10:50,10
https://www.foxtons.co.uk/properties-for-sale/sw3/chpk3846875,https://www.foxtons.co.uk/flats-for-sale/london?page=10,2025-06-13 21:10:50,10
https://www.foxtons.co.uk/properties-for-sale/sw3/chpk4118417,https://www.foxtons.co.uk/flats-for-sale/london?page=18,2025-06-13 21:11:34,18
https://www.foxtons.co.uk/properties-for-sale/sw3/chpk4121745,https://www.foxtons.co.uk/flats-for-sale/london?page=20,2025-06-13 21:11:45,20
https://www.foxtons.co.uk/properties-for-sale/sw3/chpk4555442,https://www.foxtons.co.uk/flats-for-sale/london?page=1,2025-06-13 21:09:59,1
https://www.foxtons.co.uk/properties-for-sale/sw3/chpk4926850,https://www.foxtons.co.uk/flats-for-sale/london?page=7,2025-06-13 21:10:34,7
https://www.foxtons.co.uk/properties-for-sale/sw3/chpk5243465,https://www.foxtons.co.uk/flats-for-sale/london?page=1,2025-06-13 21:09:59,1
https://www.foxtons.co.uk/properties-for-sale/sw3/chpk6199118,https://www.foxtons.co.uk/flats-for-sale/london?page=9,2025-06-13 21:10:45,9
https://www.foxtons.co.uk/properties-for-sale/sw3/chpk6199507,https://www.foxtons.co.uk/flats-for-sale/london?page=3,2025-06-13 21:10:10,3
https://www.foxtons.co.uk/properties-for-sale/sw3/kncl0048755,https://www.foxtons.co.uk/flats-for-sale/london?page=2,2025-06-13 21:10:05,2
https://www.foxtons.co.uk/properties-for-sale/sw3/nwhm3863645,https://www.foxtons.co.uk/flats-for-sale/london?page=2,2025-06-13 21:10:05,2
https://www.foxtons.co.uk/properties-for-sale/sw3/slsq0155640,https://www.foxtons.co.uk/flats-for-sale/london?page=12,2025-06-13 21:11:01,12
https://www.foxtons.co.uk/properties-for-sale/sw3/slsq0158685,https://www.foxtons.co.uk/flats-for-sale/london?page=18,2025-06-13 21:11:34,18
https://www.foxtons.co.uk/properties-for-sale/sw3/slsq0183662,https://www.foxtons.co.uk/flats-for-sale/london?page=11,2025-06-13 21:10:56,11
https://www.foxtons.co.uk/properties-for-sale/sw3/slsq0190543,https://www.foxtons.co.uk/flats-for-sale/london?page=24,2025-06-13 21:12:07,24
https://www.foxtons.co.uk/properties-for-sale/sw3/slsq0208289,https://www.foxtons.co.uk/flats-for-sale/london?page=7,2025-06-13 21:10:34,7
https://www.foxtons.co.uk/properties-for-sale/sw4/batt0051756,https://www.foxtons.co.uk/flats-for-sale/london?page=27,2025-06-13 21:12:24,27
https://www.foxtons.co.uk/properties-for-sale/sw4/chpk0031476,https://www.foxtons.co.uk/flats-for-sale/london?page=35,2025-06-13 21:13:07,35
https://www.foxtons.co.uk/properties-for-sale/sw4/chpk0036455,https://www.foxtons.co.uk/flats-for-sale/london?page=32,2025-06-13 21:12:51,32
https://www.foxtons.co.uk/properties-for-sale/sw4/chpk0129536,https://www.foxtons.co.uk/flats-for-sale/london?page=8,2025-06-13 21:10:39,8
https://www.foxtons.co.uk/properties-for-sale/sw4/chpk0164795,https://www.foxtons.co.uk/flats-for-sale/london?page=27,2025-06-13 21:12:24,27
https://www.foxtons.co.uk/properties-for-sale/sw4/chpk0233400,https://www.foxtons.co.uk/flats-for-sale/london?page=44,2025-06-13 21:13:59,44
https://www.foxtons.co.uk/properties-for-sale/sw4/chpk0275106,https://www.foxtons.co.uk/flats-for-sale/london?page=27,2025-06-13 21:12:24,27
https://www.foxtons.co.uk/properties-for-sale/sw4/chpk0309627,https://www.foxtons.co.uk/flats-for-sale/london?page=23,2025-06-13 21:12:01,23
https://www.foxtons.co.uk/properties-for-sale/sw4/chpk0310776,https://www.foxtons.co.uk/properties-for-sale/london?page=20,2025-06-13 21:20:09,20
https://www.foxtons.co.uk/properties-for-sale/sw4/chpk0366584,https://www.foxtons.co.uk/flats-for-sale/london?page=32,2025-06-13 21:12:51,32
https://www.foxtons.co.uk/properties-for-sale/sw4/chpk2532828,https://www.foxtons.co.uk/flats-for-sale/london?page=29,2025-06-13 21:12:35,29
https://www.foxtons.co.uk/properties-for-sale/sw4/chpk2536096,https://www.foxtons.co.uk/houses-for-sale/london?page=3,2025-06-13 21:05:38,3
https://www.foxtons.co.uk/properties-for-sale/sw4/chpk2542472,https://www.foxtons.co.uk/flats-for-sale/london?page=23,2025-06-13 21:12:01,23
https://www.foxtons.co.uk/properties-for-sale/sw4/chpk2546429,https://www.foxtons.co.uk/properties-for-sale/london?page=9,2025-06-13 21:18:45,9
https://www.foxtons.co.uk/properties-for-sale/sw4/chpk2549043,https://www.foxtons.co.uk/flats-for-sale/london?page=29,2025-06-13 21:12:35,29
https://www.foxtons.co.uk/properties-for-sale/sw4/chpk2550561,https://www.foxtons.co.uk/flats-for-sale/london?page=50,2025-06-13 21:15:33,50
https://www.foxtons.co.uk/properties-for-sale/sw4/chpk2551468,https://www.foxtons.co.uk/flats-for-sale/london?page=40,2025-06-13 21:13:37,40
https://www.foxtons.co.uk/properties-for-sale/sw4/chpk2551526,https://www.foxtons.co.uk/flats-for-sale/london?page=31,2025-06-13 21:12:46,31
https://www.foxtons.co.uk/properties-for-sale/sw4/chpk2555654,https://www.foxtons.co.uk/flats-for-sale/london?page=37,2025-06-13 21:13:20,37
https://www.foxtons.co.uk/properties-for-sale/sw4/chpk2559505,https://www.foxtons.co.uk/houses-for-sale/london?page=11,2025-06-13 21:09:41,11
https://www.foxtons.co.uk/properties-for-sale/sw4/chpk2562646,https://www.foxtons.co.uk/flats-for-sale/london?page=37,2025-06-13 21:13:20,37
https://www.foxtons.co.uk/properties-for-sale/sw4/chpk2562757,https://www.foxtons.co.uk/houses-for-sale/london?page=1,2025-06-13 21:05:14,1
https://www.foxtons.co.uk/properties-for-sale/sw4/chpk2563011,https://www.foxtons.co.uk/flats-for-sale/london?page=29,2025-06-13 21:12:35,29
https://www.foxtons.co.uk/properties-for-sale/sw4/chpk2563823,https://www.foxtons.co.uk/flats-for-sale/london?page=31,2025-06-13 21:12:46,31
https://www.foxtons.co.uk/properties-for-sale/sw4/chpk2565573,https://www.foxtons.co.uk/flats-for-sale/london?page=23,2025-06-13 21:12:01,23
https://www.foxtons.co.uk/properties-for-sale/sw4/chpk2566110,https://www.foxtons.co.uk/flats-for-sale/london?page=31,2025-06-13 21:12:46,31
https://www.foxtons.co.uk/properties-for-sale/sw4/chpk2566542,https://www.foxtons.co.uk/flats-for-sale/london?page=40,2025-06-13 21:13:37,40
https://www.foxtons.co.uk/properties-for-sale/sw4/chpk2569927,https://www.foxtons.co.uk/flats-for-sale/london?page=48,2025-06-13 21:14:37,48
https://www.foxtons.co.uk/properties-for-sale/sw4/chpk2569932,https://www.foxtons.co.uk/flats-for-sale/london?page=35,2025-06-13 21:13:07,35
https://www.foxtons.co.uk/properties-for-sale/sw4/chpk2572415,https://www.foxtons.co.uk/flats-for-sale/london?page=6,2025-06-13 21:10:28,6
https://www.foxtons.co.uk/properties-for-sale/sw4/chpk2572427,https://www.foxtons.co.uk/flats-for-sale/london?page=37,2025-06-13 21:13:20,37
https://www.foxtons.co.uk/properties-for-sale/sw4/chpk3465183,https://www.foxtons.co.uk/flats-for-sale/london?page=26,2025-06-13 21:12:18,26
https://www.foxtons.co.uk/properties-for-sale/sw4/chpk3634057,https://www.foxtons.co.uk/flats-for-sale/london?page=29,2025-06-13 21:12:35,29
https://www.foxtons.co.uk/properties-for-sale/sw4/chpk3824350,https://www.foxtons.co.uk/flats-for-sale/london?page=16,2025-06-13 21:11:23,16
https://www.foxtons.co.uk/properties-for-sale/sw4/chpk4065110,https://www.foxtons.co.uk/flats-for-sale/london?page=27,2025-06-13 21:12:24,27
https://www.foxtons.co.uk/properties-for-sale/sw4/chpk4554059,https://www.foxtons.co.uk/flats-for-sale/london?page=42,2025-06-13 21:13:48,42
https://www.foxtons.co.uk/properties-for-sale/sw4/chpk4930915,https://www.foxtons.co.uk/houses-for-sale/london?page=5,2025-06-13 21:06:19,5
https://www.foxtons.co.uk/properties-for-sale/sw4/chpk4939751,https://www.foxtons.co.uk/flats-for-sale/london?page=42,2025-06-13 21:13:48,42
https://www.foxtons.co.uk/properties-for-sale/sw4/chpk5174843,https://www.foxtons.co.uk/flats-for-sale/london?page=10,2025-06-13 21:10:50,10
https://www.foxtons.co.uk/properties-for-sale/sw4/nwca5265199,https://www.foxtons.co.uk/flats-for-sale/london?page=24,2025-06-13 21:12:07,24
https://www.foxtons.co.uk/properties-for-sale/sw4/nwca5265201,https://www.foxtons.co.uk/flats-for-sale/london?page=14,2025-06-13 21:11:12,14
https://www.foxtons.co.uk/properties-for-sale/sw4/nwca5265203,https://www.foxtons.co.uk/flats-for-sale/london?page=10,2025-06-13 21:10:50,10
https://www.foxtons.co.uk/properties-for-sale/sw4/nwhm4355568,https://www.foxtons.co.uk/flats-for-sale/london?page=21,2025-06-13 21:11:50,21
https://www.foxtons.co.uk/properties-for-sale/sw4/ptny5265319,https://www.foxtons.co.uk/properties-for-sale/london?page=1,2025-06-13 21:17:57,1
https://www.foxtons.co.uk/properties-for-sale/sw5/chpk0015076,https://www.foxtons.co.uk/flats-for-sale/london?page=14,2025-06-13 21:11:12,14
https://www.foxtons.co.uk/properties-for-sale/sw5/chpk0027386,https://www.foxtons.co.uk/flats-for-sale/london?page=12,2025-06-13 21:11:01,12
https://www.foxtons.co.uk/properties-for-sale/sw5/chpk0032570,https://www.foxtons.co.uk/flats-for-sale/london?page=2,2025-06-13 21:10:05,2
https://www.foxtons.co.uk/properties-for-sale/sw5/chpk0050800,https://www.foxtons.co.uk/flats-for-sale/london?page=14,2025-06-13 21:11:12,14
https://www.foxtons.co.uk/properties-for-sale/sw5/chpk0059844,https://www.foxtons.co.uk/houses-for-sale/london?page=1,2025-06-13 21:05:14,1
https://www.foxtons.co.uk/properties-for-sale/sw5/chpk0071667,https://www.foxtons.co.uk/flats-for-sale/london?page=17,2025-06-13 21:11:29,17
https://www.foxtons.co.uk/properties-for-sale/sw5/chpk0092373,https://www.foxtons.co.uk/flats-for-sale/london?page=10,2025-06-13 21:10:50,10
https://www.foxtons.co.uk/properties-for-sale/sw5/chpk0094264,https://www.foxtons.co.uk/houses-for-sale/london?page=2,2025-06-13 21:05:20,2
https://www.foxtons.co.uk/properties-for-sale/sw5/chpk0125821,https://www.foxtons.co.uk/flats-for-sale/london?page=5,2025-06-13 21:10:22,5
https://www.foxtons.co.uk/properties-for-sale/sw5/chpk0134047,https://www.foxtons.co.uk/flats-for-sale/london?page=2,2025-06-13 21:10:05,2
https://www.foxtons.co.uk/properties-for-sale/sw5/chpk0152902,https://www.foxtons.co.uk/flats-for-sale/london?page=20,2025-06-13 21:11:45,20
https://www.foxtons.co.uk/properties-for-sale/sw5/chpk0155857,https://www.foxtons.co.uk/flats-for-sale/london?page=27,2025-06-13 21:12:24,27
https://www.foxtons.co.uk/properties-for-sale/sw5/chpk0215193,https://www.foxtons.co.uk/flats-for-sale/london?page=11,2025-06-13 21:10:56,11
https://www.foxtons.co.uk/properties-for-sale/sw5/chpk0241084,https://www.foxtons.co.uk/flats-for-sale/london?page=8,2025-06-13 21:10:39,8
https://www.foxtons.co.uk/properties-for-sale/sw5/chpk0242504,https://www.foxtons.co.uk/flats-for-sale/london?page=44,2025-06-13 21:13:59,44
https://www.foxtons.co.uk/properties-for-sale/sw5/chpk0267737,https://www.foxtons.co.uk/flats-for-sale/london?page=8,2025-06-13 21:10:39,8
https://www.foxtons.co.uk/properties-for-sale/sw5/chpk0276706,https://www.foxtons.co.uk/flats-for-sale/london?page=4,2025-06-13 21:10:16,4
https://www.foxtons.co.uk/properties-for-sale/sw5/chpk0290130,https://www.foxtons.co.uk/flats-for-sale/london?page=18,2025-06-13 21:11:34,18
https://www.foxtons.co.uk/properties-for-sale/sw5/chpk0290236,https://www.foxtons.co.uk/flats-for-sale/london?page=7,2025-06-13 21:10:34,7
https://www.foxtons.co.uk/properties-for-sale/sw5/chpk0303612,https://www.foxtons.co.uk/flats-for-sale/london?page=5,2025-06-13 21:10:22,5
https://www.foxtons.co.uk/properties-for-sale/sw5/chpk0319514,https://www.foxtons.co.uk/flats-for-sale/london?page=42,2025-06-13 21:13:48,42
https://www.foxtons.co.uk/properties-for-sale/sw5/chpk0347150,https://www.foxtons.co.uk/flats-for-sale/london?page=19,2025-06-13 21:11:39,19
https://www.foxtons.co.uk/properties-for-sale/sw5/chpk0348497,https://www.foxtons.co.uk/flats-for-sale/london?page=4,2025-06-13 21:10:16,4
https://www.foxtons.co.uk/properties-for-sale/sw5/chpk0352226,https://www.foxtons.co.uk/flats-for-sale/london?page=2,2025-06-13 21:10:05,2
https://www.foxtons.co.uk/properties-for-sale/sw5/chpk2528495,https://www.foxtons.co.uk/flats-for-sale/london?page=9,2025-06-13 21:10:45,9
https://www.foxtons.co.uk/properties-for-sale/sw5/chpk2528775,https://www.foxtons.co.uk/flats-for-sale/london?page=21,2025-06-13 21:11:50,21
https://www.foxtons.co.uk/properties-for-sale/sw5/chpk2533129,https://www.foxtons.co.uk/flats-for-sale/london?page=8,2025-06-13 21:10:39,8
https://www.foxtons.co.uk/properties-for-sale/sw5/chpk2536613,https://www.foxtons.co.uk/flats-for-sale/london?page=10,2025-06-13 21:10:50,10
https://www.foxtons.co.uk/properties-for-sale/sw5/chpk2536618,https://www.foxtons.co.uk/flats-for-sale/london?page=17,2025-06-13 21:11:29,17
https://www.foxtons.co.uk/properties-for-sale/sw5/chpk2540799,https://www.foxtons.co.uk/flats-for-sale/london?page=4,2025-06-13 21:10:16,4
https://www.foxtons.co.uk/properties-for-sale/sw5/chpk2540803,https://www.foxtons.co.uk/flats-for-sale/london?page=4,2025-06-13 21:10:16,4
https://www.foxtons.co.uk/properties-for-sale/sw5/chpk2540907,https://www.foxtons.co.uk/flats-for-sale/london?page=1,2025-06-13 21:09:59,1
https://www.foxtons.co.uk/properties-for-sale/sw5/chpk2544150,https://www.foxtons.co.uk/flats-for-sale/london?page=34,2025-06-13 21:13:02,34
https://www.foxtons.co.uk/properties-for-sale/sw5/chpk2544153,https://www.foxtons.co.uk/flats-for-sale/london?page=31,2025-06-13 21:12:46,31
https://www.foxtons.co.uk/properties-for-sale/sw5/chpk2544212,https://www.foxtons.co.uk/flats-for-sale/london?page=37,2025-06-13 21:13:20,37
https://www.foxtons.co.uk/properties-for-sale/sw5/chpk2544364,https://www.foxtons.co.uk/houses-for-sale/london?page=5,2025-06-13 21:06:19,5
https://www.foxtons.co.uk/properties-for-sale/sw5/chpk2544430,https://www.foxtons.co.uk/houses-for-sale/london?page=2,2025-06-13 21:05:20,2
https://www.foxtons.co.uk/properties-for-sale/sw5/chpk2544520,https://www.foxtons.co.uk/flats-for-sale/london?page=7,2025-06-13 21:10:34,7
https://www.foxtons.co.uk/properties-for-sale/sw5/chpk2544577,https://www.foxtons.co.uk/flats-for-sale/london?page=19,2025-06-13 21:11:39,19
https://www.foxtons.co.uk/properties-for-sale/sw5/chpk2547881,https://www.foxtons.co.uk/flats-for-sale/london?page=10,2025-06-13 21:10:50,10
https://www.foxtons.co.uk/properties-for-sale/sw5/chpk2547986,https://www.foxtons.co.uk/flats-for-sale/london?page=11,2025-06-13 21:10:56,11
https://www.foxtons.co.uk/properties-for-sale/sw5/chpk2550024,https://www.foxtons.co.uk/flats-for-sale/london?page=6,2025-06-13 21:10:28,6
https://www.foxtons.co.uk/properties-for-sale/sw5/chpk2553436,https://www.foxtons.co.uk/flats-for-sale/london?page=14,2025-06-13 21:11:12,14
https://www.foxtons.co.uk/properties-for-sale/sw5/chpk2556516,https://www.foxtons.co.uk/flats-for-sale/london?page=26,2025-06-13 21:12:18,26
https://www.foxtons.co.uk/properties-for-sale/sw5/chpk2556592,https://www.foxtons.co.uk/flats-for-sale/london?page=1,2025-06-13 21:09:59,1
https://www.foxtons.co.uk/properties-for-sale/sw5/chpk3468356,https://www.foxtons.co.uk/flats-for-sale/london?page=4,2025-06-13 21:10:16,4
https://www.foxtons.co.uk/properties-for-sale/sw5/chpk3469281,https://www.foxtons.co.uk/flats-for-sale/london?page=7,2025-06-13 21:10:34,7
https://www.foxtons.co.uk/properties-for-sale/sw5/chpk3578738,https://www.foxtons.co.uk/flats-for-sale/london?page=22,2025-06-13 21:11:56,22
https://www.foxtons.co.uk/properties-for-sale/sw5/chpk3662340,https://www.foxtons.co.uk/flats-for-sale/london?page=11,2025-06-13 21:10:56,11
https://www.foxtons.co.uk/properties-for-sale/sw5/chpk3680059,https://www.foxtons.co.uk/flats-for-sale/london?page=8,2025-06-13 21:10:39,8
https://www.foxtons.co.uk/properties-for-sale/sw5/chpk3840391,https://www.foxtons.co.uk/flats-for-sale/london?page=2,2025-06-13 21:10:05,2
https://www.foxtons.co.uk/properties-for-sale/sw5/chpk3854970,https://www.foxtons.co.uk/flats-for-sale/london?page=2,2025-06-13 21:10:05,2
https://www.foxtons.co.uk/properties-for-sale/sw5/chpk4068383,https://www.foxtons.co.uk/flats-for-sale/london?page=15,2025-06-13 21:11:17,15
https://www.foxtons.co.uk/properties-for-sale/sw5/chpk4088893,https://www.foxtons.co.uk/flats-for-sale/london?page=24,2025-06-13 21:12:07,24
https://www.foxtons.co.uk/properties-for-sale/sw5/chpk5014823,https://www.foxtons.co.uk/flats-for-sale/london?page=4,2025-06-13 21:10:16,4
https://www.foxtons.co.uk/properties-for-sale/sw5/chpk5015447,https://www.foxtons.co.uk/flats-for-sale/london?page=4,2025-06-13 21:10:16,4
https://www.foxtons.co.uk/properties-for-sale/sw5/chpk5015632,https://www.foxtons.co.uk/flats-for-sale/london?page=1,2025-06-13 21:09:59,1
https://www.foxtons.co.uk/properties-for-sale/sw5/chpk5213699,https://www.foxtons.co.uk/flats-for-sale/london?page=3,2025-06-13 21:10:10,3
https://www.foxtons.co.uk/properties-for-sale/sw5/fulm0087968,https://www.foxtons.co.uk/flats-for-sale/london?page=41,2025-06-13 21:13:43,41
https://www.foxtons.co.uk/properties-for-sale/sw5/kncl0044290,https://www.foxtons.co.uk/flats-for-sale/london?page=25,2025-06-13 21:12:13,25
https://www.foxtons.co.uk/properties-for-sale/sw5/kncl0052005,https://www.foxtons.co.uk/flats-for-sale/london?page=2,2025-06-13 21:10:05,2
https://www.foxtons.co.uk/properties-for-sale/sw5/kncl0057287,https://www.foxtons.co.uk/flats-for-sale/london?page=8,2025-06-13 21:10:39,8
https://www.foxtons.co.uk/properties-for-sale/sw5/kncl0067331,https://www.foxtons.co.uk/flats-for-sale/london?page=11,2025-06-13 21:10:56,11
https://www.foxtons.co.uk/properties-for-sale/sw5/kncl0091196,https://www.foxtons.co.uk/flats-for-sale/london?page=5,2025-06-13 21:10:22,5
https://www.foxtons.co.uk/properties-for-sale/sw5/kncl0104525,https://www.foxtons.co.uk/flats-for-sale/london?page=3,2025-06-13 21:10:10,3
https://www.foxtons.co.uk/properties-for-sale/sw5/kncl0133039,https://www.foxtons.co.uk/flats-for-sale/london?page=6,2025-06-13 21:10:28,6
https://www.foxtons.co.uk/properties-for-sale/sw5/kncl0158949,https://www.foxtons.co.uk/flats-for-sale/london?page=5,2025-06-13 21:10:22,5
https://www.foxtons.co.uk/properties-for-sale/sw5/kncl0217439,https://www.foxtons.co.uk/properties-for-sale/earls-court?page=2,2025-06-13 23:06:25,2
https://www.foxtons.co.uk/properties-for-sale/sw5/kncl0245412,https://www.foxtons.co.uk/flats-for-sale/london?page=47,2025-06-13 21:14:29,47
https://www.foxtons.co.uk/properties-for-sale/sw5/myfr0056828,https://www.foxtons.co.uk/flats-for-sale/london?page=12,2025-06-13 21:11:01,12
https://www.foxtons.co.uk/properties-for-sale/sw5/rich0054693,https://www.foxtons.co.uk/flats-for-sale/london?page=9,2025-06-13 21:10:45,9
https://www.foxtons.co.uk/properties-for-sale/sw6/chpk0045394,https://www.foxtons.co.uk/flats-for-sale/london?page=19,2025-06-13 21:11:39,19
https://www.foxtons.co.uk/properties-for-sale/sw6/chpk0045422,https://www.foxtons.co.uk/flats-for-sale/london?page=1,2025-06-13 21:09:59,1
https://www.foxtons.co.uk/properties-for-sale/sw6/chpk0046697,https://www.foxtons.co.uk/flats-for-sale/london?page=5,2025-06-13 21:10:22,5
https://www.foxtons.co.uk/properties-for-sale/sw6/chpk0077001,https://www.foxtons.co.uk/flats-for-sale/london?page=17,2025-06-13 21:11:29,17
https://www.foxtons.co.uk/properties-for-sale/sw6/chpk0098229,https://www.foxtons.co.uk/houses-for-sale/london?page=1,2025-06-13 21:05:14,1
https://www.foxtons.co.uk/properties-for-sale/sw6/chpk0124284,https://www.foxtons.co.uk/flats-for-sale/london?page=11,2025-06-13 21:10:56,11
https://www.foxtons.co.uk/properties-for-sale/sw6/chpk0132990,https://www.foxtons.co.uk/flats-for-sale/london?page=27,2025-06-13 21:12:24,27
https://www.foxtons.co.uk/properties-for-sale/sw6/chpk0136779,https://www.foxtons.co.uk/flats-for-sale/london?page=46,2025-06-13 21:14:10,46
https://www.foxtons.co.uk/properties-for-sale/sw6/chpk0183278,https://www.foxtons.co.uk/flats-for-sale/london?page=7,2025-06-13 21:10:34,7
https://www.foxtons.co.uk/properties-for-sale/sw6/chpk0183437,https://www.foxtons.co.uk/flats-for-sale/london?page=25,2025-06-13 21:12:13,25
https://www.foxtons.co.uk/properties-for-sale/sw6/chpk0231596,https://www.foxtons.co.uk/flats-for-sale/london?page=5,2025-06-13 21:10:22,5
https://www.foxtons.co.uk/properties-for-sale/sw6/chpk0231986,https://www.foxtons.co.uk/flats-for-sale/london?page=8,2025-06-13 21:10:39,8
https://www.foxtons.co.uk/properties-for-sale/sw6/chpk0245150,https://www.foxtons.co.uk/properties-for-sale/london?page=9,2025-06-13 21:18:45,9
https://www.foxtons.co.uk/properties-for-sale/sw6/chpk0264785,https://www.foxtons.co.uk/flats-for-sale/london?page=27,2025-06-13 21:12:24,27
https://www.foxtons.co.uk/properties-for-sale/sw6/chpk0270875,https://www.foxtons.co.uk/flats-for-sale/london?page=8,2025-06-13 21:10:39,8
https://www.foxtons.co.uk/properties-for-sale/sw6/chpk0271747,https://www.foxtons.co.uk/flats-for-sale/london?page=8,2025-06-13 21:10:39,8
https://www.foxtons.co.uk/properties-for-sale/sw6/chpk0285741,https://www.foxtons.co.uk/flats-for-sale/london?page=6,2025-06-13 21:10:28,6
https://www.foxtons.co.uk/properties-for-sale/sw6/chpk0308437,https://www.foxtons.co.uk/flats-for-sale/london?page=15,2025-06-13 21:11:17,15
https://www.foxtons.co.uk/properties-for-sale/sw6/chpk0311226,https://www.foxtons.co.uk/flats-for-sale/london?page=27,2025-06-13 21:12:24,27
https://www.foxtons.co.uk/properties-for-sale/sw6/chpk2516485,https://www.foxtons.co.uk/properties-for-sale/london?page=9,2025-06-13 21:18:45,9
https://www.foxtons.co.uk/properties-for-sale/sw6/chpk2516494,https://www.foxtons.co.uk/houses-for-sale/london?page=2,2025-06-13 21:05:20,2
https://www.foxtons.co.uk/properties-for-sale/sw6/chpk2517592,https://www.foxtons.co.uk/flats-for-sale/london?page=21,2025-06-13 21:11:50,21
https://www.foxtons.co.uk/properties-for-sale/sw6/chpk2521598,https://www.foxtons.co.uk/houses-for-sale/london?page=2,2025-06-13 21:05:20,2
https://www.foxtons.co.uk/properties-for-sale/sw6/chpk2525452,https://www.foxtons.co.uk/flats-for-sale/london?page=2,2025-06-13 21:10:05,2
https://www.foxtons.co.uk/properties-for-sale/sw6/chpk2525906,https://www.foxtons.co.uk/flats-for-sale/london?page=20,2025-06-13 21:11:45,20
https://www.foxtons.co.uk/properties-for-sale/sw6/chpk2527007,https://www.foxtons.co.uk/houses-for-sale/london?page=2,2025-06-13 21:05:20,2
https://www.foxtons.co.uk/properties-for-sale/sw6/chpk2529004,https://www.foxtons.co.uk/houses-for-sale/london?page=2,2025-06-13 21:05:20,2
https://www.foxtons.co.uk/properties-for-sale/sw6/chpk2530727,https://www.foxtons.co.uk/houses-for-sale/london?page=2,2025-06-13 21:05:20,2
https://www.foxtons.co.uk/properties-for-sale/sw6/chpk2531054,https://www.foxtons.co.uk/houses-for-sale/london?page=2,2025-06-13 21:05:20,2
https://www.foxtons.co.uk/properties-for-sale/sw6/chpk2531363,https://www.foxtons.co.uk/houses-for-sale/london?page=3,2025-06-13 21:05:38,3
https://www.foxtons.co.uk/properties-for-sale/sw6/chpk2533417,https://www.foxtons.co.uk/houses-for-sale/london?page=1,2025-06-13 21:05:14,1
https://www.foxtons.co.uk/properties-for-sale/sw6/chpk2533502,https://www.foxtons.co.uk/flats-for-sale/london?page=34,2025-06-13 21:13:02,34
https://www.foxtons.co.uk/properties-for-sale/sw6/chpk2534174,https://www.foxtons.co.uk/flats-for-sale/london?page=31,2025-06-13 21:12:46,31
https://www.foxtons.co.uk/properties-for-sale/sw6/chpk2534970,https://www.foxtons.co.uk/flats-for-sale/london?page=38,2025-06-13 21:13:26,38
https://www.foxtons.co.uk/properties-for-sale/sw6/chpk2535088,https://www.foxtons.co.uk/houses-for-sale/london?page=2,2025-06-13 21:05:20,2
https://www.foxtons.co.uk/properties-for-sale/sw6/chpk2535785,https://www.foxtons.co.uk/flats-for-sale/london?page=26,2025-06-13 21:12:18,26
https://www.foxtons.co.uk/properties-for-sale/sw6/chpk2537101,https://www.foxtons.co.uk/flats-for-sale/london?page=9,2025-06-13 21:10:45,9
https://www.foxtons.co.uk/properties-for-sale/sw6/chpk2537827,https://www.foxtons.co.uk/houses-for-sale/london?page=2,2025-06-13 21:05:20,2
https://www.foxtons.co.uk/properties-for-sale/sw6/chpk2538399,https://www.foxtons.co.uk/flats-for-sale/london?page=44,2025-06-13 21:13:59,44
https://www.foxtons.co.uk/properties-for-sale/sw6/chpk2539106,https://www.foxtons.co.uk/houses-for-sale/london?page=1,2025-06-13 21:05:14,1
https://www.foxtons.co.uk/properties-for-sale/sw6/chpk2541938,https://www.foxtons.co.uk/flats-for-sale/london?page=40,2025-06-13 21:13:37,40
https://www.foxtons.co.uk/properties-for-sale/sw6/chpk2543399,https://www.foxtons.co.uk/houses-for-sale/london?page=1,2025-06-13 21:05:14,1
https://www.foxtons.co.uk/properties-for-sale/sw6/chpk3353277,https://www.foxtons.co.uk/flats-for-sale/london?page=26,2025-06-13 21:12:18,26
https://www.foxtons.co.uk/properties-for-sale/sw6/chpk3403616,https://www.foxtons.co.uk/flats-for-sale/london?page=5,2025-06-13 21:10:22,5
https://www.foxtons.co.uk/properties-for-sale/sw6/chpk3471694,https://www.foxtons.co.uk/flats-for-sale/london?page=9,2025-06-13 21:10:45,9
https://www.foxtons.co.uk/properties-for-sale/sw6/chpk3641922,https://www.foxtons.co.uk/flats-for-sale/london?page=5,2025-06-13 21:10:22,5
https://www.foxtons.co.uk/properties-for-sale/sw6/chpk3645022,https://www.foxtons.co.uk/flats-for-sale/london?page=39,2025-06-13 21:13:32,39
https://www.foxtons.co.uk/properties-for-sale/sw6/chpk3645068,https://www.foxtons.co.uk/flats-for-sale/london?page=22,2025-06-13 21:11:56,22
https://www.foxtons.co.uk/properties-for-sale/sw6/chpk3652282,https://www.foxtons.co.uk/flats-for-sale/london?page=28,2025-06-13 21:12:29,28
https://www.foxtons.co.uk/properties-for-sale/sw6/chpk3662330,https://www.foxtons.co.uk/flats-for-sale/london?page=13,2025-06-13 21:11:07,13
https://www.foxtons.co.uk/properties-for-sale/sw6/chpk3667546,https://www.foxtons.co.uk/flats-for-sale/london?page=3,2025-06-13 21:10:10,3
https://www.foxtons.co.uk/properties-for-sale/sw6/chpk3667936,https://www.foxtons.co.uk/flats-for-sale/london?page=1,2025-06-13 21:09:59,1
https://www.foxtons.co.uk/properties-for-sale/sw6/chpk3668006,https://www.foxtons.co.uk/flats-for-sale/london?page=40,2025-06-13 21:13:37,40
https://www.foxtons.co.uk/properties-for-sale/sw6/chpk3674283,https://www.foxtons.co.uk/flats-for-sale/london?page=22,2025-06-13 21:11:56,22
https://www.foxtons.co.uk/properties-for-sale/sw6/chpk3718733,https://www.foxtons.co.uk/flats-for-sale/london?page=20,2025-06-13 21:11:45,20
https://www.foxtons.co.uk/properties-for-sale/sw6/chpk3840424,https://www.foxtons.co.uk/flats-for-sale/london?page=38,2025-06-13 21:13:26,38
https://www.foxtons.co.uk/properties-for-sale/sw6/chpk3843726,https://www.foxtons.co.uk/flats-for-sale/london?page=8,2025-06-13 21:10:39,8
https://www.foxtons.co.uk/properties-for-sale/sw6/chpk4070592,https://www.foxtons.co.uk/flats-for-sale/london?page=19,2025-06-13 21:11:39,19
https://www.foxtons.co.uk/properties-for-sale/sw6/chpk4075995,https://www.foxtons.co.uk/flats-for-sale/london?page=19,2025-06-13 21:11:39,19
https://www.foxtons.co.uk/properties-for-sale/sw6/chpk4080258,https://www.foxtons.co.uk/flats-for-sale/london?page=6,2025-06-13 21:10:28,6
https://www.foxtons.co.uk/properties-for-sale/sw6/chpk4083757,https://www.foxtons.co.uk/flats-for-sale/london?page=8,2025-06-13 21:10:39,8
https://www.foxtons.co.uk/properties-for-sale/sw6/chpk4121865,https://www.foxtons.co.uk/flats-for-sale/london?page=17,2025-06-13 21:11:29,17
https://www.foxtons.co.uk/properties-for-sale/sw6/chpk4142012,https://www.foxtons.co.uk/flats-for-sale/london?page=1,2025-06-13 21:09:59,1
https://www.foxtons.co.uk/properties-for-sale/sw6/chpk4143688,https://www.foxtons.co.uk/flats-for-sale/london?page=13,2025-06-13 21:11:07,13
https://www.foxtons.co.uk/properties-for-sale/sw6/chpk4149499,https://www.foxtons.co.uk/flats-for-sale/london?page=26,2025-06-13 21:12:18,26
https://www.foxtons.co.uk/properties-for-sale/sw6/chpk4149863,https://www.foxtons.co.uk/flats-for-sale/london?page=36,2025-06-13 21:13:15,36
https://www.foxtons.co.uk/properties-for-sale/sw6/chpk4320102,https://www.foxtons.co.uk/flats-for-sale/london?page=6,2025-06-13 21:10:28,6
https://www.foxtons.co.uk/properties-for-sale/sw6/chpk4320150,https://www.foxtons.co.uk/flats-for-sale/london?page=5,2025-06-13 21:10:22,5
https://www.foxtons.co.uk/properties-for-sale/sw6/chpk4328701,https://www.foxtons.co.uk/flats-for-sale/london?page=17,2025-06-13 21:11:29,17
https://www.foxtons.co.uk/properties-for-sale/sw6/chpk4331365,https://www.foxtons.co.uk/flats-for-sale/london?page=2,2025-06-13 21:10:05,2
https://www.foxtons.co.uk/properties-for-sale/sw6/chpk4343382,https://www.foxtons.co.uk/flats-for-sale/london?page=33,2025-06-13 21:12:57,33
https://www.foxtons.co.uk/properties-for-sale/sw6/chpk4343394,https://www.foxtons.co.uk/flats-for-sale/london?page=6,2025-06-13 21:10:28,6
https://www.foxtons.co.uk/properties-for-sale/sw6/chpk4354296,https://www.foxtons.co.uk/flats-for-sale/london?page=44,2025-06-13 21:13:59,44
https://www.foxtons.co.uk/properties-for-sale/sw6/chpk4387009,https://www.foxtons.co.uk/flats-for-sale/london?page=2,2025-06-13 21:10:05,2
https://www.foxtons.co.uk/properties-for-sale/sw6/chpk4413461,https://www.foxtons.co.uk/flats-for-sale/london?page=3,2025-06-13 21:10:10,3
https://www.foxtons.co.uk/properties-for-sale/sw6/chpk4416363,https://www.foxtons.co.uk/flats-for-sale/london?page=13,2025-06-13 21:11:07,13
https://www.foxtons.co.uk/properties-for-sale/sw6/chpk4416527,https://www.foxtons.co.uk/flats-for-sale/london?page=22,2025-06-13 21:11:56,22
https://www.foxtons.co.uk/properties-for-sale/sw6/chpk4422197,https://www.foxtons.co.uk/flats-for-sale/london?page=2,2025-06-13 21:10:05,2
https://www.foxtons.co.uk/properties-for-sale/sw6/chpk4552968,https://www.foxtons.co.uk/flats-for-sale/london?page=10,2025-06-13 21:10:50,10
https://www.foxtons.co.uk/properties-for-sale/sw6/chpk4616222,https://www.foxtons.co.uk/properties-for-sale/fulham-broadway?page=1,2025-06-13 23:11:28,1
https://www.foxtons.co.uk/properties-for-sale/sw6/chpk4932072,https://www.foxtons.co.uk/houses-for-sale/london?page=1,2025-06-13 21:05:14,1
https://www.foxtons.co.uk/properties-for-sale/sw6/chpk4983224,https://www.foxtons.co.uk/flats-for-sale/london?page=18,2025-06-13 21:11:34,18
https://www.foxtons.co.uk/properties-for-sale/sw6/chpk4984907,https://www.foxtons.co.uk/flats-for-sale/london?page=33,2025-06-13 21:12:57,33
https://www.foxtons.co.uk/properties-for-sale/sw6/chpk5231792,https://www.foxtons.co.uk/properties-for-sale/fulham-broadway?page=1,2025-06-13 23:11:28,1
https://www.foxtons.co.uk/properties-for-sale/sw6/chpk5264900,https://www.foxtons.co.uk/flats-for-sale/london?page=8,2025-06-13 21:10:39,8
https://www.foxtons.co.uk/properties-for-sale/sw6/chpk5265258,https://www.foxtons.co.uk/flats-for-sale/london?page=33,2025-06-13 21:12:57,33
https://www.foxtons.co.uk/properties-for-sale/sw6/chpk5269148,https://www.foxtons.co.uk/flats-for-sale/london?page=10,2025-06-13 21:10:50,10
https://www.foxtons.co.uk/properties-for-sale/sw6/chpk5269967,https://www.foxtons.co.uk/flats-for-sale/london?page=3,2025-06-13 21:10:10,3
https://www.foxtons.co.uk/properties-for-sale/sw6/chpk5270895,https://www.foxtons.co.uk/flats-for-sale/london?page=20,2025-06-13 21:11:45,20
https://www.foxtons.co.uk/properties-for-sale/sw6/chpk5270911,https://www.foxtons.co.uk/flats-for-sale/london?page=11,2025-06-13 21:10:56,11
https://www.foxtons.co.uk/properties-for-sale/sw6/chpk5271423,https://www.foxtons.co.uk/flats-for-sale/london?page=17,2025-06-13 21:11:29,17
https://www.foxtons.co.uk/properties-for-sale/sw6/chpk6204881,https://www.foxtons.co.uk/flats-for-sale/london?page=12,2025-06-13 21:11:01,12
https://www.foxtons.co.uk/properties-for-sale/sw6/fulm0052485,https://www.foxtons.co.uk/flats-for-sale/london?page=17,2025-06-13 21:11:29,17
https://www.foxtons.co.uk/properties-for-sale/sw6/fulm0053297,https://www.foxtons.co.uk/flats-for-sale/london?page=36,2025-06-13 21:13:15,36
https://www.foxtons.co.uk/properties-for-sale/sw6/fulm0069894,https://www.foxtons.co.uk/flats-for-sale/london?page=25,2025-06-13 21:12:13,25
https://www.foxtons.co.uk/properties-for-sale/sw6/fulm0070237,https://www.foxtons.co.uk/flats-for-sale/london?page=10,2025-06-13 21:10:50,10
https://www.foxtons.co.uk/properties-for-sale/sw6/fulm0075989,https://www.foxtons.co.uk/flats-for-sale/london?page=2,2025-06-13 21:10:05,2
https://www.foxtons.co.uk/properties-for-sale/sw6/fulm0076038,https://www.foxtons.co.uk/flats-for-sale/london?page=39,2025-06-13 21:13:32,39
https://www.foxtons.co.uk/properties-for-sale/sw6/fulm0083129,https://www.foxtons.co.uk/flats-for-sale/london?page=3,2025-06-13 21:10:10,3
https://www.foxtons.co.uk/properties-for-sale/sw6/fulm0094974,https://www.foxtons.co.uk/flats-for-sale/london?page=15,2025-06-13 21:11:17,15
https://www.foxtons.co.uk/properties-for-sale/sw6/fulm0163437,https://www.foxtons.co.uk/houses-for-sale/london?page=2,2025-06-13 21:05:20,2
https://www.foxtons.co.uk/properties-for-sale/sw6/fulm0165315,https://www.foxtons.co.uk/flats-for-sale/london?page=22,2025-06-13 21:11:56,22
https://www.foxtons.co.uk/properties-for-sale/sw6/fulm0168517,https://www.foxtons.co.uk/flats-for-sale/london?page=18,2025-06-13 21:11:34,18
https://www.foxtons.co.uk/properties-for-sale/sw6/fulm0202478,https://www.foxtons.co.uk/flats-for-sale/london?page=17,2025-06-13 21:11:29,17
https://www.foxtons.co.uk/properties-for-sale/sw6/fulm0214489,https://www.foxtons.co.uk/flats-for-sale/london?page=28,2025-06-13 21:12:29,28
https://www.foxtons.co.uk/properties-for-sale/sw6/fulm0324400,https://www.foxtons.co.uk/flats-for-sale/london?page=33,2025-06-13 21:12:57,33
https://www.foxtons.co.uk/properties-for-sale/sw6/fulm4411712,https://www.foxtons.co.uk/flats-for-sale/london?page=3,2025-06-13 21:10:10,3
https://www.foxtons.co.uk/properties-for-sale/sw6/fulm5234434,https://www.foxtons.co.uk/flats-for-sale/london?page=7,2025-06-13 21:10:34,7
https://www.foxtons.co.uk/properties-for-sale/sw6/fulm5269064,https://www.foxtons.co.uk/flats-for-sale/london?page=8,2025-06-13 21:10:39,8
https://www.foxtons.co.uk/properties-for-sale/sw6/fulm5272329,https://www.foxtons.co.uk/flats-for-sale/london?page=33,2025-06-13 21:12:57,33
https://www.foxtons.co.uk/properties-for-sale/sw6/fulm5272769,https://www.foxtons.co.uk/flats-for-sale/london?page=18,2025-06-13 21:11:34,18
https://www.foxtons.co.uk/properties-for-sale/sw6/fulm6206182,https://www.foxtons.co.uk/flats-for-sale/london?page=53,2025-06-13 21:17:34,53
https://www.foxtons.co.uk/properties-for-sale/sw6/kncl0076507,https://www.foxtons.co.uk/flats-for-sale/london?page=8,2025-06-13 21:10:39,8
https://www.foxtons.co.uk/properties-for-sale/sw6/kncl0095296,https://www.foxtons.co.uk/flats-for-sale/london?page=5,2025-06-13 21:10:22,5
https://www.foxtons.co.uk/properties-for-sale/sw6/nwca5217902,https://www.foxtons.co.uk/flats-for-sale/london?page=4,2025-06-13 21:10:16,4
https://www.foxtons.co.uk/properties-for-sale/sw6/nwca5217903,https://www.foxtons.co.uk/flats-for-sale/london?page=2,2025-06-13 21:10:05,2
https://www.foxtons.co.uk/properties-for-sale/sw6/nwca5217904,https://www.foxtons.co.uk/flats-for-sale/london?page=1,2025-06-13 21:09:59,1
https://www.foxtons.co.uk/properties-for-sale/sw6/nwca5223771,https://www.foxtons.co.uk/flats-for-sale/london?page=8,2025-06-13 21:10:39,8
https://www.foxtons.co.uk/properties-for-sale/sw6/nwca5263963,https://www.foxtons.co.uk/flats-for-sale/london?page=1,2025-06-13 21:09:59,1
https://www.foxtons.co.uk/properties-for-sale/sw6/nwca6198759,https://www.foxtons.co.uk/flats-for-sale/london?page=25,2025-06-13 21:12:13,25
https://www.foxtons.co.uk/properties-for-sale/sw6/nwca6198760,https://www.foxtons.co.uk/flats-for-sale/london?page=12,2025-06-13 21:11:01,12
https://www.foxtons.co.uk/properties-for-sale/sw6/nwhm3712702,https://www.foxtons.co.uk/flats-for-sale/london?page=39,2025-06-13 21:13:32,39
https://www.foxtons.co.uk/properties-for-sale/sw6/nwhm3841877,https://www.foxtons.co.uk/flats-for-sale/london?page=4,2025-06-13 21:10:16,4
https://www.foxtons.co.uk/properties-for-sale/sw6/ptny5243078,https://www.foxtons.co.uk/flats-for-sale/london?page=6,2025-06-13 21:10:28,6
https://www.foxtons.co.uk/properties-for-sale/sw6/ptny5249433,https://www.foxtons.co.uk/flats-for-sale/london?page=30,2025-06-13 21:12:40,30
https://www.foxtons.co.uk/properties-for-sale/sw6/slsq0158363,https://www.foxtons.co.uk/flats-for-sale/london?page=5,2025-06-13 21:10:22,5
https://www.foxtons.co.uk/properties-for-sale/sw6/slsq5267294,https://www.foxtons.co.uk/flats-for-sale/london?page=15,2025-06-13 21:11:17,15
https://www.foxtons.co.uk/properties-for-sale/sw7/chpk0030509,https://www.foxtons.co.uk/flats-for-sale/london?page=4,2025-06-13 21:10:16,4
https://www.foxtons.co.uk/properties-for-sale/sw7/chpk0060392,https://www.foxtons.co.uk/flats-for-sale/london?page=5,2025-06-13 21:10:22,5
https://www.foxtons.co.uk/properties-for-sale/sw7/chpk0092252,https://www.foxtons.co.uk/flats-for-sale/london?page=1,2025-06-13 21:09:59,1
https://www.foxtons.co.uk/properties-for-sale/sw7/chpk0109158,https://www.foxtons.co.uk/houses-for-sale/london?page=1,2025-06-13 21:05:14,1
https://www.foxtons.co.uk/properties-for-sale/sw7/chpk0136848,https://www.foxtons.co.uk/flats-for-sale/london?page=3,2025-06-13 21:10:10,3
https://www.foxtons.co.uk/properties-for-sale/sw7/chpk0137635,https://www.foxtons.co.uk/flats-for-sale/london?page=7,2025-06-13 21:10:34,7
https://www.foxtons.co.uk/properties-for-sale/sw7/chpk0138611,https://www.foxtons.co.uk/flats-for-sale/london?page=5,2025-06-13 21:10:22,5
https://www.foxtons.co.uk/properties-for-sale/sw7/chpk0140810,https://www.foxtons.co.uk/flats-for-sale/london?page=8,2025-06-13 21:10:39,8
https://www.foxtons.co.uk/properties-for-sale/sw7/chpk0164852,https://www.foxtons.co.uk/flats-for-sale/london?page=4,2025-06-13 21:10:16,4
https://www.foxtons.co.uk/properties-for-sale/sw7/chpk0221789,https://www.foxtons.co.uk/flats-for-sale/london?page=6,2025-06-13 21:10:28,6
https://www.foxtons.co.uk/properties-for-sale/sw7/chpk0269291,https://www.foxtons.co.uk/flats-for-sale/london?page=24,2025-06-13 21:12:07,24
https://www.foxtons.co.uk/properties-for-sale/sw7/chpk0314928,https://www.foxtons.co.uk/houses-for-sale/london?page=1,2025-06-13 21:05:14,1
https://www.foxtons.co.uk/properties-for-sale/sw7/chpk0332339,https://www.foxtons.co.uk/flats-for-sale/london?page=2,2025-06-13 21:10:05,2
https://www.foxtons.co.uk/properties-for-sale/sw7/chpk0352908,https://www.foxtons.co.uk/flats-for-sale/london?page=3,2025-06-13 21:10:10,3
https://www.foxtons.co.uk/properties-for-sale/sw7/chpk0354826,https://www.foxtons.co.uk/flats-for-sale/london?page=27,2025-06-13 21:12:24,27
https://www.foxtons.co.uk/properties-for-sale/sw7/chpk2499031,https://www.foxtons.co.uk/houses-for-sale/london?page=1,2025-06-13 21:05:14,1
https://www.foxtons.co.uk/properties-for-sale/sw7/chpk2502804,https://www.foxtons.co.uk/flats-for-sale/london?page=14,2025-06-13 21:11:12,14
https://www.foxtons.co.uk/properties-for-sale/sw7/chpk2502889,https://www.foxtons.co.uk/flats-for-sale/london?page=15,2025-06-13 21:11:17,15
https://www.foxtons.co.uk/properties-for-sale/sw7/chpk2502897,https://www.foxtons.co.uk/flats-for-sale/london?page=48,2025-06-13 21:14:37,48
https://www.foxtons.co.uk/properties-for-sale/sw7/chpk2503235,https://www.foxtons.co.uk/flats-for-sale/london?page=1,2025-06-13 21:09:59,1
https://www.foxtons.co.uk/properties-for-sale/sw7/chpk2510345,https://www.foxtons.co.uk/flats-for-sale/london?page=1,2025-06-13 21:09:59,1
https://www.foxtons.co.uk/properties-for-sale/sw7/chpk2510732,https://www.foxtons.co.uk/flats-for-sale/london?page=8,2025-06-13 21:10:39,8
https://www.foxtons.co.uk/properties-for-sale/sw7/chpk2512737,https://www.foxtons.co.uk/houses-for-sale/london?page=1,2025-06-13 21:05:14,1
https://www.foxtons.co.uk/properties-for-sale/sw7/chpk2514811,https://www.foxtons.co.uk/flats-for-sale/london?page=4,2025-06-13 21:10:16,4
https://www.foxtons.co.uk/properties-for-sale/sw7/chpk2519025,https://www.foxtons.co.uk/flats-for-sale/london?page=4,2025-06-13 21:10:16,4
https://www.foxtons.co.uk/properties-for-sale/sw7/chpk2521808,https://www.foxtons.co.uk/flats-for-sale/london?page=1,2025-06-13 21:09:59,1
https://www.foxtons.co.uk/properties-for-sale/sw7/chpk2521828,https://www.foxtons.co.uk/flats-for-sale/london?page=8,2025-06-13 21:10:39,8
https://www.foxtons.co.uk/properties-for-sale/sw7/chpk2522022,https://www.foxtons.co.uk/flats-for-sale/london?page=23,2025-06-13 21:12:01,23
https://www.foxtons.co.uk/properties-for-sale/sw7/chpk3368567,https://www.foxtons.co.uk/houses-for-sale/london?page=1,2025-06-13 21:05:14,1
https://www.foxtons.co.uk/properties-for-sale/sw7/chpk3645944,https://www.foxtons.co.uk/flats-for-sale/london?page=17,2025-06-13 21:11:29,17
https://www.foxtons.co.uk/properties-for-sale/sw7/chpk3650419,https://www.foxtons.co.uk/flats-for-sale/london?page=5,2025-06-13 21:10:22,5
https://www.foxtons.co.uk/properties-for-sale/sw7/chpk3674269,https://www.foxtons.co.uk/flats-for-sale/london?page=7,2025-06-13 21:10:34,7
https://www.foxtons.co.uk/properties-for-sale/sw7/chpk3715348,https://www.foxtons.co.uk/flats-for-sale/london?page=8,2025-06-13 21:10:39,8
https://www.foxtons.co.uk/properties-for-sale/sw7/chpk3875079,https://www.foxtons.co.uk/flats-for-sale/london?page=10,2025-06-13 21:10:50,10
https://www.foxtons.co.uk/properties-for-sale/sw7/chpk4074055,https://www.foxtons.co.uk/flats-for-sale/london?page=2,2025-06-13 21:10:05,2
https://www.foxtons.co.uk/properties-for-sale/sw7/chpk4086970,https://www.foxtons.co.uk/flats-for-sale/london?page=2,2025-06-13 21:10:05,2
https://www.foxtons.co.uk/properties-for-sale/sw7/chpk4091266,https://www.foxtons.co.uk/flats-for-sale/london?page=3,2025-06-13 21:10:10,3
https://www.foxtons.co.uk/properties-for-sale/sw7/chpk4130138,https://www.foxtons.co.uk/flats-for-sale/london?page=1,2025-06-13 21:09:59,1
https://www.foxtons.co.uk/properties-for-sale/sw7/chpk4930061,https://www.foxtons.co.uk/flats-for-sale/london?page=7,2025-06-13 21:10:34,7
https://www.foxtons.co.uk/properties-for-sale/sw7/chpk5017937,https://www.foxtons.co.uk/flats-for-sale/london?page=1,2025-06-13 21:09:59,1
https://www.foxtons.co.uk/properties-for-sale/sw7/chpk5216063,https://www.foxtons.co.uk/flats-for-sale/london?page=4,2025-06-13 21:10:16,4
https://www.foxtons.co.uk/properties-for-sale/sw7/chpk5261352,https://www.foxtons.co.uk/flats-for-sale/london?page=5,2025-06-13 21:10:22,5
https://www.foxtons.co.uk/properties-for-sale/sw7/chpk5492007,https://www.foxtons.co.uk/flats-for-sale/london?page=2,2025-06-13 21:10:05,2
https://www.foxtons.co.uk/properties-for-sale/sw7/chpk5492150,https://www.foxtons.co.uk/flats-for-sale/london?page=4,2025-06-13 21:10:16,4
https://www.foxtons.co.uk/properties-for-sale/sw7/kncl0043734,https://www.foxtons.co.uk/flats-for-sale/london?page=15,2025-06-13 21:11:17,15
https://www.foxtons.co.uk/properties-for-sale/sw7/kncl0051064,https://www.foxtons.co.uk/flats-for-sale/london?page=3,2025-06-13 21:10:10,3
https://www.foxtons.co.uk/properties-for-sale/sw7/kncl0062510,https://www.foxtons.co.uk/houses-for-sale/london?page=1,2025-06-13 21:05:14,1
https://www.foxtons.co.uk/properties-for-sale/sw7/kncl0067203,https://www.foxtons.co.uk/flats-for-sale/london?page=6,2025-06-13 21:10:28,6
https://www.foxtons.co.uk/properties-for-sale/sw7/kncl0073053,https://www.foxtons.co.uk/flats-for-sale/london?page=5,2025-06-13 21:10:22,5
https://www.foxtons.co.uk/properties-for-sale/sw7/kncl0075189,https://www.foxtons.co.uk/flats-for-sale/london?page=7,2025-06-13 21:10:34,7
https://www.foxtons.co.uk/properties-for-sale/sw7/kncl0096162,https://www.foxtons.co.uk/flats-for-sale/london?page=4,2025-06-13 21:10:16,4
https://www.foxtons.co.uk/properties-for-sale/sw7/kncl0097630,https://www.foxtons.co.uk/flats-for-sale/london?page=7,2025-06-13 21:10:34,7
https://www.foxtons.co.uk/properties-for-sale/sw7/kncl0231905,https://www.foxtons.co.uk/flats-for-sale/london?page=30,2025-06-13 21:12:40,30
https://www.foxtons.co.uk/properties-for-sale/sw7/kncl4089578,https://www.foxtons.co.uk/flats-for-sale/london?page=1,2025-06-13 21:09:59,1
https://www.foxtons.co.uk/properties-for-sale/sw7/ptny5223705,https://www.foxtons.co.uk/flats-for-sale/london?page=21,2025-06-13 21:11:50,21
https://www.foxtons.co.uk/properties-for-sale/sw7/ptny5233598,https://www.foxtons.co.uk/properties-for-sale/south-kensington?page=2,2025-06-13 23:58:40,2
https://www.foxtons.co.uk/properties-for-sale/sw8/chpk0107520,https://www.foxtons.co.uk/flats-for-sale/london?page=25,2025-06-13 21:12:13,25
https://www.foxtons.co.uk/properties-for-sale/sw8/chpk0136987,https://www.foxtons.co.uk/flats-for-sale/london?page=11,2025-06-13 21:10:56,11
https://www.foxtons.co.uk/properties-for-sale/sw8/chpk0202022,https://www.foxtons.co.uk/flats-for-sale/london?page=35,2025-06-13 21:13:07,35
https://www.foxtons.co.uk/properties-for-sale/sw8/chpk0218747,https://www.foxtons.co.uk/flats-for-sale/london?page=16,2025-06-13 21:11:23,16
https://www.foxtons.co.uk/properties-for-sale/sw8/chpk0239187,https://www.foxtons.co.uk/flats-for-sale/london?page=1,2025-06-13 21:09:59,1
https://www.foxtons.co.uk/properties-for-sale/sw8/chpk0301980,https://www.foxtons.co.uk/flats-for-sale/london?page=29,2025-06-13 21:12:35,29
https://www.foxtons.co.uk/properties-for-sale/sw8/chpk0315182,https://www.foxtons.co.uk/flats-for-sale/london?page=5,2025-06-13 21:10:22,5
https://www.foxtons.co.uk/properties-for-sale/sw8/chpk1137225,https://www.foxtons.co.uk/flats-for-sale/london?page=34,2025-06-13 21:13:02,34
https://www.foxtons.co.uk/properties-for-sale/sw8/chpk1208238,https://www.foxtons.co.uk/flats-for-sale/london?page=11,2025-06-13 21:10:56,11
https://www.foxtons.co.uk/properties-for-sale/sw8/chpk1209140,https://www.foxtons.co.uk/flats-for-sale/london?page=32,2025-06-13 21:12:51,32
https://www.foxtons.co.uk/properties-for-sale/sw8/chpk1270062,https://www.foxtons.co.uk/flats-for-sale/london?page=53,2025-06-13 21:17:34,53
https://www.foxtons.co.uk/properties-for-sale/sw8/chpk1711839,https://www.foxtons.co.uk/flats-for-sale/london?page=15,2025-06-13 21:11:17,15
https://www.foxtons.co.uk/properties-for-sale/sw8/chpk2495828,https://www.foxtons.co.uk/houses-for-sale/london?page=9,2025-06-13 21:07:22,9
https://www.foxtons.co.uk/properties-for-sale/sw8/chpk2497258,https://www.foxtons.co.uk/flats-for-sale/london?page=31,2025-06-13 21:12:46,31
https://www.foxtons.co.uk/properties-for-sale/sw8/chpk2499295,https://www.foxtons.co.uk/houses-for-sale/london?page=6,2025-06-13 21:06:25,6
https://www.foxtons.co.uk/properties-for-sale/sw8/chpk2499596,https://www.foxtons.co.uk/flats-for-sale/london?page=31,2025-06-13 21:12:46,31
https://www.foxtons.co.uk/properties-for-sale/sw8/chpk2499736,https://www.foxtons.co.uk/properties-for-sale/vauxhall?page=2,2025-06-14 00:13:55,2
https://www.foxtons.co.uk/properties-for-sale/sw8/chpk2503467,https://www.foxtons.co.uk/flats-for-sale/london?page=37,2025-06-13 21:13:20,37
https://www.foxtons.co.uk/properties-for-sale/sw8/chpk2503701,https://www.foxtons.co.uk/flats-for-sale/london?page=31,2025-06-13 21:12:46,31
https://www.foxtons.co.uk/properties-for-sale/sw8/chpk2505495,https://www.foxtons.co.uk/flats-for-sale/london?page=11,2025-06-13 21:10:56,11
https://www.foxtons.co.uk/properties-for-sale/sw8/chpk2505794,https://www.foxtons.co.uk/flats-for-sale/london?page=29,2025-06-13 21:12:35,29
https://www.foxtons.co.uk/properties-for-sale/sw8/chpk2506509,https://www.foxtons.co.uk/flats-for-sale/london?page=37,2025-06-13 21:13:20,37
https://www.foxtons.co.uk/properties-for-sale/sw8/chpk2508100,https://www.foxtons.co.uk/flats-for-sale/london?page=38,2025-06-13 21:13:26,38
https://www.foxtons.co.uk/properties-for-sale/sw8/chpk2509125,https://www.foxtons.co.uk/flats-for-sale/london?page=34,2025-06-13 21:13:02,34
https://www.foxtons.co.uk/properties-for-sale/sw8/chpk2509822,https://www.foxtons.co.uk/flats-for-sale/london?page=34,2025-06-13 21:13:02,34
https://www.foxtons.co.uk/properties-for-sale/sw8/chpk2511228,https://www.foxtons.co.uk/flats-for-sale/london?page=31,2025-06-13 21:12:46,31
https://www.foxtons.co.uk/properties-for-sale/sw8/chpk2511296,https://www.foxtons.co.uk/flats-for-sale/london?page=38,2025-06-13 21:13:26,38
https://www.foxtons.co.uk/properties-for-sale/sw8/chpk2513371,https://www.foxtons.co.uk/flats-for-sale/london?page=43,2025-06-13 21:13:54,43
https://www.foxtons.co.uk/properties-for-sale/sw8/chpk2513430,https://www.foxtons.co.uk/flats-for-sale/london?page=21,2025-06-13 21:11:50,21
https://www.foxtons.co.uk/properties-for-sale/sw8/chpk2516575,https://www.foxtons.co.uk/flats-for-sale/london?page=28,2025-06-13 21:12:29,28
https://www.foxtons.co.uk/properties-for-sale/sw8/chpk2516604,https://www.foxtons.co.uk/flats-for-sale/london?page=28,2025-06-13 21:12:29,28
https://www.foxtons.co.uk/properties-for-sale/sw8/chpk2516675,https://www.foxtons.co.uk/flats-for-sale/london?page=34,2025-06-13 21:13:02,34
https://www.foxtons.co.uk/properties-for-sale/sw8/chpk2516949,https://www.foxtons.co.uk/flats-for-sale/london?page=50,2025-06-13 21:15:33,50
https://www.foxtons.co.uk/properties-for-sale/sw8/chpk2519242,https://www.foxtons.co.uk/properties-for-sale/balham?page=3,2025-06-13 21:31:21,3
https://www.foxtons.co.uk/properties-for-sale/sw8/chpk2520751,https://www.foxtons.co.uk/flats-for-sale/london?page=45,2025-06-13 21:14:05,45
https://www.foxtons.co.uk/properties-for-sale/sw8/chpk2524329,https://www.foxtons.co.uk/flats-for-sale/london?page=31,2025-06-13 21:12:46,31
https://www.foxtons.co.uk/properties-for-sale/sw8/chpk2524570,https://www.foxtons.co.uk/properties-for-sale/vauxhall?page=1,2025-06-14 00:13:50,1
https://www.foxtons.co.uk/properties-for-sale/sw8/chpk2524640,https://www.foxtons.co.uk/houses-for-sale/london?page=3,2025-06-13 21:05:38,3
https://www.foxtons.co.uk/properties-for-sale/sw8/chpk3374050,https://www.foxtons.co.uk/flats-for-sale/london?page=20,2025-06-13 21:11:45,20
https://www.foxtons.co.uk/properties-for-sale/sw8/chpk3406105,https://www.foxtons.co.uk/flats-for-sale/london?page=38,2025-06-13 21:13:26,38
https://www.foxtons.co.uk/properties-for-sale/sw8/chpk3671193,https://www.foxtons.co.uk/flats-for-sale/london?page=18,2025-06-13 21:11:34,18
https://www.foxtons.co.uk/properties-for-sale/sw8/chpk3883908,https://www.foxtons.co.uk/flats-for-sale/london?page=19,2025-06-13 21:11:39,19
https://www.foxtons.co.uk/properties-for-sale/sw8/chpk3883921,https://www.foxtons.co.uk/flats-for-sale/london?page=5,2025-06-13 21:10:22,5
https://www.foxtons.co.uk/properties-for-sale/sw8/chpk3883922,https://www.foxtons.co.uk/flats-for-sale/london?page=2,2025-06-13 21:10:05,2
https://www.foxtons.co.uk/properties-for-sale/sw8/chpk3883926,https://www.foxtons.co.uk/flats-for-sale/london?page=8,2025-06-13 21:10:39,8
https://www.foxtons.co.uk/properties-for-sale/sw8/chpk3884014,https://www.foxtons.co.uk/flats-for-sale/london?page=3,2025-06-13 21:10:10,3
https://www.foxtons.co.uk/properties-for-sale/sw8/chpk4076876,https://www.foxtons.co.uk/flats-for-sale/london?page=29,2025-06-13 21:12:35,29
https://www.foxtons.co.uk/properties-for-sale/sw8/chpk4348907,https://www.foxtons.co.uk/flats-for-sale/london?page=9,2025-06-13 21:10:45,9
https://www.foxtons.co.uk/properties-for-sale/sw8/chpk4360172,https://www.foxtons.co.uk/flats-for-sale/london?page=11,2025-06-13 21:10:56,11
https://www.foxtons.co.uk/properties-for-sale/sw8/chpk4425770,https://www.foxtons.co.uk/flats-for-sale/london?page=45,2025-06-13 21:14:05,45
https://www.foxtons.co.uk/properties-for-sale/sw8/chpk4466148,https://www.foxtons.co.uk/flats-for-sale/london?page=20,2025-06-13 21:11:45,20
https://www.foxtons.co.uk/properties-for-sale/sw8/chpk4543284,https://www.foxtons.co.uk/flats-for-sale/london?page=22,2025-06-13 21:11:56,22
https://www.foxtons.co.uk/properties-for-sale/sw8/chpk4543488,https://www.foxtons.co.uk/flats-for-sale/london?page=20,2025-06-13 21:11:45,20
https://www.foxtons.co.uk/properties-for-sale/sw8/chpk4543896,https://www.foxtons.co.uk/flats-for-sale/london?page=13,2025-06-13 21:11:07,13
https://www.foxtons.co.uk/properties-for-sale/sw8/chpk4543922,https://www.foxtons.co.uk/flats-for-sale/london?page=5,2025-06-13 21:10:22,5
https://www.foxtons.co.uk/properties-for-sale/sw8/chpk4544011,https://www.foxtons.co.uk/flats-for-sale/london?page=13,2025-06-13 21:11:07,13
https://www.foxtons.co.uk/properties-for-sale/sw8/chpk4544143,https://www.foxtons.co.uk/flats-for-sale/london?page=21,2025-06-13 21:11:50,21
https://www.foxtons.co.uk/properties-for-sale/sw8/chpk4544163,https://www.foxtons.co.uk/flats-for-sale/london?page=10,2025-06-13 21:10:50,10
https://www.foxtons.co.uk/properties-for-sale/sw8/chpk4544198,https://www.foxtons.co.uk/flats-for-sale/london?page=16,2025-06-13 21:11:23,16
https://www.foxtons.co.uk/properties-for-sale/sw8/chpk4663790,https://www.foxtons.co.uk/flats-for-sale/london?page=22,2025-06-13 21:11:56,22
https://www.foxtons.co.uk/properties-for-sale/sw8/chpk4663812,https://www.foxtons.co.uk/flats-for-sale/london?page=3,2025-06-13 21:10:10,3
https://www.foxtons.co.uk/properties-for-sale/sw8/chpk4929972,https://www.foxtons.co.uk/flats-for-sale/london?page=12,2025-06-13 21:11:01,12
https://www.foxtons.co.uk/properties-for-sale/sw8/chpk5045459,https://www.foxtons.co.uk/flats-for-sale/london?page=20,2025-06-13 21:11:45,20
https://www.foxtons.co.uk/properties-for-sale/sw8/chpk5062849,https://www.foxtons.co.uk/flats-for-sale/london?page=26,2025-06-13 21:12:18,26
https://www.foxtons.co.uk/properties-for-sale/sw8/chpk5224146,https://www.foxtons.co.uk/flats-for-sale/london?page=3,2025-06-13 21:10:10,3
https://www.foxtons.co.uk/properties-for-sale/sw8/chpk6198753,https://www.foxtons.co.uk/properties-for-sale/london?page=9,2025-06-13 21:18:45,9
https://www.foxtons.co.uk/properties-for-sale/sw8/chpk6205257,https://www.foxtons.co.uk/flats-for-sale/london?page=28,2025-06-13 21:12:29,28
https://www.foxtons.co.uk/properties-for-sale/sw8/nwca4909118,https://www.foxtons.co.uk/flats-for-sale/london?page=3,2025-06-13 21:10:10,3
https://www.foxtons.co.uk/properties-for-sale/sw8/nwca4909119,https://www.foxtons.co.uk/flats-for-sale/london?page=2,2025-06-13 21:10:05,2
https://www.foxtons.co.uk/properties-for-sale/sw8/nwca4909120,https://www.foxtons.co.uk/flats-for-sale/london?page=1,2025-06-13 21:09:59,1
https://www.foxtons.co.uk/properties-for-sale/sw8/nwca5244406,https://www.foxtons.co.uk/flats-for-sale/london?page=1,2025-06-13 21:09:59,1
https://www.foxtons.co.uk/properties-for-sale/sw8/vaux5224141,https://www.foxtons.co.uk/flats-for-sale/london?page=6,2025-06-13 21:10:28,6
https://www.foxtons.co.uk/properties-for-sale/sw9/balm0062311,https://www.foxtons.co.uk/flats-for-sale/london?page=35,2025-06-13 21:13:07,35
https://www.foxtons.co.uk/properties-for-sale/sw9/batt0082470,https://www.foxtons.co.uk/flats-for-sale/london?page=19,2025-06-13 21:11:39,19
https://www.foxtons.co.uk/properties-for-sale/sw9/chpk0209593,https://www.foxtons.co.uk/flats-for-sale/london?page=7,2025-06-13 21:10:34,7
https://www.foxtons.co.uk/properties-for-sale/sw9/chpk0291160,https://www.foxtons.co.uk/flats-for-sale/london?page=29,2025-06-13 21:12:35,29
https://www.foxtons.co.uk/properties-for-sale/sw9/chpk0313198,https://www.foxtons.co.uk/flats-for-sale/london?page=35,2025-06-13 21:13:07,35
https://www.foxtons.co.uk/properties-for-sale/sw9/chpk2477229,https://www.foxtons.co.uk/flats-for-sale/london?page=43,2025-06-13 21:13:54,43
https://www.foxtons.co.uk/properties-for-sale/sw9/chpk2478356,https://www.foxtons.co.uk/houses-for-sale/london?page=3,2025-06-13 21:05:38,3
https://www.foxtons.co.uk/properties-for-sale/sw9/chpk2480877,https://www.foxtons.co.uk/flats-for-sale/london?page=29,2025-06-13 21:12:35,29
https://www.foxtons.co.uk/properties-for-sale/sw9/chpk2490268,https://www.foxtons.co.uk/flats-for-sale/london?page=35,2025-06-13 21:13:07,35
https://www.foxtons.co.uk/properties-for-sale/sw9/chpk2490956,https://www.foxtons.co.uk/flats-for-sale/london?page=40,2025-06-13 21:13:37,40
https://www.foxtons.co.uk/properties-for-sale/sw9/chpk2492795,https://www.foxtons.co.uk/flats-for-sale/london?page=19,2025-06-13 21:11:39,19
https://www.foxtons.co.uk/properties-for-sale/sw9/chpk2492895,https://www.foxtons.co.uk/flats-for-sale/london?page=31,2025-06-13 21:12:46,31
https://www.foxtons.co.uk/properties-for-sale/sw9/chpk2492940,https://www.foxtons.co.uk/flats-for-sale/london?page=37,2025-06-13 21:13:20,37
https://www.foxtons.co.uk/properties-for-sale/sw9/chpk2494831,https://www.foxtons.co.uk/flats-for-sale/london?page=16,2025-06-13 21:11:23,16
https://www.foxtons.co.uk/properties-for-sale/sw9/chpk2496415,https://www.foxtons.co.uk/flats-for-sale/london?page=54,2025-06-13 21:17:43,54
https://www.foxtons.co.uk/properties-for-sale/sw9/chpk2496463,https://www.foxtons.co.uk/properties-for-sale/brixton?page=2,2025-06-13 22:29:22,2
https://www.foxtons.co.uk/properties-for-sale/sw9/chpk2497642,https://www.foxtons.co.uk/flats-for-sale/london?page=31,2025-06-13 21:12:46,31
https://www.foxtons.co.uk/properties-for-sale/sw9/chpk2497676,https://www.foxtons.co.uk/flats-for-sale/london?page=42,2025-06-13 21:13:48,42
https://www.foxtons.co.uk/properties-for-sale/sw9/chpk2497683,https://www.foxtons.co.uk/flats-for-sale/london?page=35,2025-06-13 21:13:07,35
https://www.foxtons.co.uk/properties-for-sale/sw9/chpk2497964,https://www.foxtons.co.uk/houses-for-sale/london?page=3,2025-06-13 21:05:38,3
https://www.foxtons.co.uk/properties-for-sale/sw9/chpk2498146,https://www.foxtons.co.uk/flats-for-sale/london?page=45,2025-06-13 21:14:05,45
https://www.foxtons.co.uk/properties-for-sale/sw9/chpk2498166,https://www.foxtons.co.uk/flats-for-sale/london?page=37,2025-06-13 21:13:20,37
https://www.foxtons.co.uk/properties-for-sale/sw9/chpk2498574,https://www.foxtons.co.uk/flats-for-sale/london?page=31,2025-06-13 21:12:46,31
https://www.foxtons.co.uk/properties-for-sale/sw9/chpk2501411,https://www.foxtons.co.uk/flats-for-sale/london?page=26,2025-06-13 21:12:18,26
https://www.foxtons.co.uk/properties-for-sale/sw9/chpk2501524,https://www.foxtons.co.uk/flats-for-sale/london?page=29,2025-06-13 21:12:35,29
https://www.foxtons.co.uk/properties-for-sale/sw9/chpk2504779,https://www.foxtons.co.uk/houses-for-sale/london?page=1,2025-06-13 21:05:14,1
https://www.foxtons.co.uk/properties-for-sale/sw9/chpk2507379,https://www.foxtons.co.uk/houses-for-sale/london?page=9,2025-06-13 21:07:22,9
https://www.foxtons.co.uk/properties-for-sale/sw9/chpk2508383,https://www.foxtons.co.uk/houses-for-sale/london?page=2,2025-06-13 21:05:20,2
https://www.foxtons.co.uk/properties-for-sale/sw9/chpk2508584,https://www.foxtons.co.uk/flats-for-sale/london?page=43,2025-06-13 21:13:54,43
https://www.foxtons.co.uk/properties-for-sale/sw9/chpk2508585,https://www.foxtons.co.uk/flats-for-sale/london?page=46,2025-06-13 21:14:10,46
https://www.foxtons.co.uk/properties-for-sale/sw9/chpk2508608,https://www.foxtons.co.uk/flats-for-sale/london?page=41,2025-06-13 21:13:43,41
https://www.foxtons.co.uk/properties-for-sale/sw9/chpk2508609,https://www.foxtons.co.uk/flats-for-sale/london?page=46,2025-06-13 21:14:10,46
https://www.foxtons.co.uk/properties-for-sale/sw9/chpk2508761,https://www.foxtons.co.uk/flats-for-sale/london?page=48,2025-06-13 21:14:37,48
https://www.foxtons.co.uk/properties-for-sale/sw9/chpk2512421,https://www.foxtons.co.uk/flats-for-sale/london?page=37,2025-06-13 21:13:20,37
https://www.foxtons.co.uk/properties-for-sale/sw9/chpk2513545,https://www.foxtons.co.uk/flats-for-sale/london?page=25,2025-06-13 21:12:13,25
https://www.foxtons.co.uk/properties-for-sale/sw9/chpk2517084,https://www.foxtons.co.uk/flats-for-sale/london?page=29,2025-06-13 21:12:35,29
https://www.foxtons.co.uk/properties-for-sale/sw9/chpk2517344,https://www.foxtons.co.uk/flats-for-sale/london?page=31,2025-06-13 21:12:46,31
https://www.foxtons.co.uk/properties-for-sale/sw9/chpk3857950,https://www.foxtons.co.uk/flats-for-sale/london?page=36,2025-06-13 21:13:15,36
https://www.foxtons.co.uk/properties-for-sale/sw9/chpk3872824,https://www.foxtons.co.uk/flats-for-sale/london?page=53,2025-06-13 21:17:34,53
https://www.foxtons.co.uk/properties-for-sale/sw9/chpk4022245,https://www.foxtons.co.uk/flats-for-sale/london?page=31,2025-06-13 21:12:46,31
https://www.foxtons.co.uk/properties-for-sale/sw9/chpk4025651,https://www.foxtons.co.uk/flats-for-sale/london?page=20,2025-06-13 21:11:45,20
https://www.foxtons.co.uk/properties-for-sale/sw9/chpk4026685,https://www.foxtons.co.uk/flats-for-sale/london?page=16,2025-06-13 21:11:23,16
https://www.foxtons.co.uk/properties-for-sale/sw9/chpk4054457,https://www.foxtons.co.uk/houses-for-sale/london?page=5,2025-06-13 21:06:19,5
https://www.foxtons.co.uk/properties-for-sale/sw9/chpk4088926,https://www.foxtons.co.uk/properties-for-sale/london?page=11,2025-06-13 21:19:16,11
https://www.foxtons.co.uk/properties-for-sale/sw9/chpk4122181,https://www.foxtons.co.uk/flats-for-sale/london?page=18,2025-06-13 21:11:34,18
https://www.foxtons.co.uk/properties-for-sale/sw9/chpk4325417,https://www.foxtons.co.uk/flats-for-sale/london?page=18,2025-06-13 21:11:34,18
https://www.foxtons.co.uk/properties-for-sale/sw9/chpk4333811,https://www.foxtons.co.uk/flats-for-sale/london?page=35,2025-06-13 21:13:07,35
https://www.foxtons.co.uk/properties-for-sale/sw9/chpk4333847,https://www.foxtons.co.uk/flats-for-sale/london?page=34,2025-06-13 21:13:02,34
https://www.foxtons.co.uk/properties-for-sale/sw9/chpk4387324,https://www.foxtons.co.uk/flats-for-sale/london?page=33,2025-06-13 21:12:57,33
https://www.foxtons.co.uk/properties-for-sale/sw9/chpk4426699,https://www.foxtons.co.uk/flats-for-sale/london?page=38,2025-06-13 21:13:26,38
https://www.foxtons.co.uk/properties-for-sale/sw9/chpk4627802,https://www.foxtons.co.uk/flats-for-sale/london?page=45,2025-06-13 21:14:05,45
https://www.foxtons.co.uk/properties-for-sale/sw9/chpk4910752,https://www.foxtons.co.uk/flats-for-sale/london?page=27,2025-06-13 21:12:24,27
https://www.foxtons.co.uk/properties-for-sale/sw9/chpk4911985,https://www.foxtons.co.uk/flats-for-sale/london?page=13,2025-06-13 21:11:07,13
https://www.foxtons.co.uk/properties-for-sale/sw9/chpk5250448,https://www.foxtons.co.uk/flats-for-sale/london?page=15,2025-06-13 21:11:17,15
https://www.foxtons.co.uk/properties-for-sale/sw9/chpk5256830,https://www.foxtons.co.uk/flats-for-sale/london?page=30,2025-06-13 21:12:40,30
https://www.foxtons.co.uk/properties-for-sale/sw9/chpk5258043,https://www.foxtons.co.uk/flats-for-sale/london?page=30,2025-06-13 21:12:40,30
https://www.foxtons.co.uk/properties-for-sale/sw9/chpk5264532,https://www.foxtons.co.uk/properties-for-sale/brixton?page=2,2025-06-13 22:29:22,2
https://www.foxtons.co.uk/properties-for-sale/sw9/chpk5267660,https://www.foxtons.co.uk/flats-for-sale/london?page=15,2025-06-13 21:11:17,15
https://www.foxtons.co.uk/properties-for-sale/sw9/chpk5268022,https://www.foxtons.co.uk/flats-for-sale/london?page=12,2025-06-13 21:11:01,12
https://www.foxtons.co.uk/properties-for-sale/sw9/chpk5268306,https://www.foxtons.co.uk/flats-for-sale/london?page=28,2025-06-13 21:12:29,28
https://www.foxtons.co.uk/properties-for-sale/sw9/chpk6204398,https://www.foxtons.co.uk/flats-for-sale/london?page=17,2025-06-13 21:11:29,17
https://www.foxtons.co.uk/properties-for-sale/sw9/nwhm4330635,https://www.foxtons.co.uk/flats-for-sale/london?page=36,2025-06-13 21:13:15,36
https://www.foxtons.co.uk/properties-for-sale/tw1/chpk2477856,https://www.foxtons.co.uk/flats-for-sale/london?page=48,2025-06-13 21:14:37,48
https://www.foxtons.co.uk/properties-for-sale/tw1/chpk2478096,https://www.foxtons.co.uk/properties-for-sale/london?page=8,2025-06-13 21:18:39,8
https://www.foxtons.co.uk/properties-for-sale/tw1/nwhm4132576,https://www.foxtons.co.uk/flats-for-sale/london?page=47,2025-06-13 21:14:29,47
https://www.foxtons.co.uk/properties-for-sale/tw1/nwhm4132580,https://www.foxtons.co.uk/flats-for-sale/london?page=36,2025-06-13 21:13:15,36
https://www.foxtons.co.uk/properties-for-sale/tw1/nwhm4132582,https://www.foxtons.co.uk/flats-for-sale/london?page=38,2025-06-13 21:13:26,38
https://www.foxtons.co.uk/properties-for-sale/tw10/chpk0300298,https://www.foxtons.co.uk/flats-for-sale/london?page=4,2025-06-13 21:10:16,4
https://www.foxtons.co.uk/properties-for-sale/tw10/chpk2472273,https://www.foxtons.co.uk/houses-for-sale/london?page=7,2025-06-13 21:06:42,7
https://www.foxtons.co.uk/properties-for-sale/tw10/chpk2482525,https://www.foxtons.co.uk/properties-for-sale/london?page=21,2025-06-13 21:20:15,21
https://www.foxtons.co.uk/properties-for-sale/tw10/chpk4636640,https://www.foxtons.co.uk/flats-for-sale/london?page=1,2025-06-13 21:09:59,1
https://www.foxtons.co.uk/properties-for-sale/tw10/rich0158780,https://www.foxtons.co.uk/houses-for-sale/london?page=1,2025-06-13 21:05:14,1
https://www.foxtons.co.uk/properties-for-sale/tw11/chpk4065978,https://www.foxtons.co.uk/flats-for-sale/london?page=39,2025-06-13 21:13:32,39
https://www.foxtons.co.uk/properties-for-sale/tw11/chpk4540965,https://www.foxtons.co.uk/flats-for-sale/london?page=54,2025-06-13 21:17:43,54
https://www.foxtons.co.uk/properties-for-sale/tw11/chwk0311241,https://www.foxtons.co.uk/flats-for-sale/london?page=47,2025-06-13 21:14:29,47
https://www.foxtons.co.uk/properties-for-sale/tw11/chwk0330213,https://www.foxtons.co.uk/flats-for-sale/london?page=54,2025-06-13 21:17:43,54
https://www.foxtons.co.uk/properties-for-sale/tw11/rich0188644,https://www.foxtons.co.uk/houses-for-sale/london?page=2,2025-06-13 21:05:20,2
https://www.foxtons.co.uk/properties-for-sale/tw12/chpk2444700,https://www.foxtons.co.uk/flats-for-sale/london?page=45,2025-06-13 21:14:05,45
https://www.foxtons.co.uk/properties-for-sale/tw12/chpk2464277,https://www.foxtons.co.uk/properties-for-sale/london?page=22,2025-06-13 21:20:21,22
https://www.foxtons.co.uk/properties-for-sale/tw12/chpk2467501,https://www.foxtons.co.uk/flats-for-sale/london?page=54,2025-06-13 21:17:43,54
https://www.foxtons.co.uk/properties-for-sale/tw13/chpk2462162,https://www.foxtons.co.uk/houses-for-sale/london?page=12,2025-06-13 21:09:46,12
https://www.foxtons.co.uk/properties-for-sale/tw14/chpk4552859,https://www.foxtons.co.uk/flats-for-sale/london?page=52,2025-06-13 21:17:29,52
https://www.foxtons.co.uk/properties-for-sale/tw14/chpk4552892,https://www.foxtons.co.uk/flats-for-sale/london?page=52,2025-06-13 21:17:29,52
https://www.foxtons.co.uk/properties-for-sale/tw14/chpk4552894,https://www.foxtons.co.uk/flats-for-sale/london?page=52,2025-06-13 21:17:29,52
https://www.foxtons.co.uk/properties-for-sale/tw18/chpk5262993,https://www.foxtons.co.uk/flats-for-sale/london?page=38,2025-06-13 21:13:26,38
https://www.foxtons.co.uk/properties-for-sale/tw18/nwca4914405,https://www.foxtons.co.uk/flats-for-sale/london?page=42,2025-06-13 21:13:48,42
https://www.foxtons.co.uk/properties-for-sale/tw18/nwca4914406,https://www.foxtons.co.uk/flats-for-sale/london?page=25,2025-06-13 21:12:13,25
https://www.foxtons.co.uk/properties-for-sale/tw18/nwca5212293,https://www.foxtons.co.uk/flats-for-sale/london?page=14,2025-06-13 21:11:12,14
https://www.foxtons.co.uk/properties-for-sale/tw18/nwca5212947,https://www.foxtons.co.uk/flats-for-sale/london?page=47,2025-06-13 21:14:29,47
https://www.foxtons.co.uk/properties-for-sale/tw2/chpk0318370,https://www.foxtons.co.uk/houses-for-sale/london?page=5,2025-06-13 21:06:19,5
https://www.foxtons.co.uk/properties-for-sale/tw2/chpk2418675,https://www.foxtons.co.uk/houses-for-sale/london?page=11,2025-06-13 21:09:41,11
https://www.foxtons.co.uk/properties-for-sale/tw2/chpk2428324,https://www.foxtons.co.uk/houses-for-sale/london?page=6,2025-06-13 21:06:25,6
https://www.foxtons.co.uk/properties-for-sale/tw2/chpk3648689,https://www.foxtons.co.uk/houses-for-sale/london?page=6,2025-06-13 21:06:25,6
https://www.foxtons.co.uk/properties-for-sale/tw2/chpk5266583,https://www.foxtons.co.uk/flats-for-sale/london?page=45,2025-06-13 21:14:05,45
https://www.foxtons.co.uk/properties-for-sale/tw2/nwca5272019,https://www.foxtons.co.uk/flats-for-sale/london?page=28,2025-06-13 21:12:29,28
https://www.foxtons.co.uk/properties-for-sale/tw2/nwca5272020,https://www.foxtons.co.uk/flats-for-sale/london?page=17,2025-06-13 21:11:29,17
https://www.foxtons.co.uk/properties-for-sale/tw2/nwca5272022,https://www.foxtons.co.uk/properties-for-sale/london?page=9,2025-06-13 21:18:45,9
https://www.foxtons.co.uk/properties-for-sale/tw2/nwca5272023,https://www.foxtons.co.uk/houses-for-sale/london?page=3,2025-06-13 21:05:38,3
https://www.foxtons.co.uk/properties-for-sale/tw2/nwca5272026,https://www.foxtons.co.uk/flats-for-sale/london?page=21,2025-06-13 21:11:50,21
https://www.foxtons.co.uk/properties-for-sale/tw2/nwca5272027,https://www.foxtons.co.uk/flats-for-sale/london?page=13,2025-06-13 21:11:07,13
https://www.foxtons.co.uk/properties-for-sale/tw2/nwca5272028,https://www.foxtons.co.uk/flats-for-sale/london?page=9,2025-06-13 21:10:45,9
https://www.foxtons.co.uk/properties-for-sale/tw2/nwca5272029,https://www.foxtons.co.uk/houses-for-sale/london?page=3,2025-06-13 21:05:38,3
https://www.foxtons.co.uk/properties-for-sale/tw2/rich0192521,https://www.foxtons.co.uk/houses-for-sale/london?page=6,2025-06-13 21:06:25,6
https://www.foxtons.co.uk/properties-for-sale/tw3/berk5266481,https://www.foxtons.co.uk/flats-for-sale/london?page=47,2025-06-13 21:14:29,47
https://www.foxtons.co.uk/properties-for-sale/tw3/chpk0267553,https://www.foxtons.co.uk/properties-for-sale/london?page=22,2025-06-13 21:20:21,22
https://www.foxtons.co.uk/properties-for-sale/tw3/chpk0269279,https://www.foxtons.co.uk/houses-for-sale/london?page=5,2025-06-13 21:06:19,5
https://www.foxtons.co.uk/properties-for-sale/tw3/chpk2406265,https://www.foxtons.co.uk/flats-for-sale/london?page=47,2025-06-13 21:14:29,47
https://www.foxtons.co.uk/properties-for-sale/tw3/chpk2406433,https://www.foxtons.co.uk/houses-for-sale/london?page=3,2025-06-13 21:05:38,3
https://www.foxtons.co.uk/properties-for-sale/tw3/chpk2406883,https://www.foxtons.co.uk/properties-for-sale/london?page=21,2025-06-13 21:20:15,21
https://www.foxtons.co.uk/properties-for-sale/tw3/chpk2410284,https://www.foxtons.co.uk/houses-for-sale/london?page=12,2025-06-13 21:09:46,12
https://www.foxtons.co.uk/properties-for-sale/tw3/chpk4356311,https://www.foxtons.co.uk/flats-for-sale/london?page=53,2025-06-13 21:17:34,53
https://www.foxtons.co.uk/properties-for-sale/tw3/chpk5129307,https://www.foxtons.co.uk/flats-for-sale/london?page=47,2025-06-13 21:14:29,47
https://www.foxtons.co.uk/properties-for-sale/tw3/chpk5130641,https://www.foxtons.co.uk/flats-for-sale/london?page=33,2025-06-13 21:12:57,33
https://www.foxtons.co.uk/properties-for-sale/tw3/chpk5153218,https://www.foxtons.co.uk/flats-for-sale/london?page=45,2025-06-13 21:14:05,45
https://www.foxtons.co.uk/properties-for-sale/tw3/chpk6205007,https://www.foxtons.co.uk/flats-for-sale/london?page=54,2025-06-13 21:17:43,54
https://www.foxtons.co.uk/properties-for-sale/tw3/nwca5248002,https://www.foxtons.co.uk/flats-for-sale/london?page=36,2025-06-13 21:13:15,36
https://www.foxtons.co.uk/properties-for-sale/tw3/nwca5248003,https://www.foxtons.co.uk/flats-for-sale/london?page=23,2025-06-13 21:12:01,23
https://www.foxtons.co.uk/properties-for-sale/tw3/nwca5248006,https://www.foxtons.co.uk/flats-for-sale/london?page=14,2025-06-13 21:11:12,14
https://www.foxtons.co.uk/properties-for-sale/tw4/chpk1560382,https://www.foxtons.co.uk/houses-for-sale/london?page=12,2025-06-13 21:09:46,12
https://www.foxtons.co.uk/properties-for-sale/tw4/chpk5130492,https://www.foxtons.co.uk/flats-for-sale/london?page=44,2025-06-13 21:13:59,44
https://www.foxtons.co.uk/properties-for-sale/tw5/chpk0360501,https://www.foxtons.co.uk/houses-for-sale/london?page=9,2025-06-13 21:07:22,9
https://www.foxtons.co.uk/properties-for-sale/tw5/chpk1411874,https://www.foxtons.co.uk/houses-for-sale/london?page=5,2025-06-13 21:06:19,5
https://www.foxtons.co.uk/properties-for-sale/tw5/chpk1907762,https://www.foxtons.co.uk/houses-for-sale/london?page=7,2025-06-13 21:06:42,7
https://www.foxtons.co.uk/properties-for-sale/tw5/chpk5129324,https://www.foxtons.co.uk/flats-for-sale/london?page=41,2025-06-13 21:13:43,41
https://www.foxtons.co.uk/properties-for-sale/tw7/chpk2389731,https://www.foxtons.co.uk/flats-for-sale/london?page=41,2025-06-13 21:13:43,41
https://www.foxtons.co.uk/properties-for-sale/tw7/chpk2394224,https://www.foxtons.co.uk/houses-for-sale/london?page=6,2025-06-13 21:06:25,6
https://www.foxtons.co.uk/properties-for-sale/tw7/chpk2394407,https://www.foxtons.co.uk/houses-for-sale/london?page=13,2025-06-13 21:09:51,13
https://www.foxtons.co.uk/properties-for-sale/tw7/chpk2394446,https://www.foxtons.co.uk/houses-for-sale/london?page=11,2025-06-13 21:09:41,11
https://www.foxtons.co.uk/properties-for-sale/tw7/chpk2396986,https://www.foxtons.co.uk/houses-for-sale/london?page=11,2025-06-13 21:09:41,11
https://www.foxtons.co.uk/properties-for-sale/tw7/chpk2398395,https://www.foxtons.co.uk/flats-for-sale/london?page=43,2025-06-13 21:13:54,43
https://www.foxtons.co.uk/properties-for-sale/tw7/chpk2401709,https://www.foxtons.co.uk/flats-for-sale/london?page=42,2025-06-13 21:13:48,42
https://www.foxtons.co.uk/properties-for-sale/tw7/chpk2404412,https://www.foxtons.co.uk/houses-for-sale/london?page=2,2025-06-13 21:05:20,2
https://www.foxtons.co.uk/properties-for-sale/tw7/chpk3466959,https://www.foxtons.co.uk/flats-for-sale/london?page=34,2025-06-13 21:13:02,34
https://www.foxtons.co.uk/properties-for-sale/tw7/chpk3597014,https://www.foxtons.co.uk/flats-for-sale/london?page=47,2025-06-13 21:14:29,47
https://www.foxtons.co.uk/properties-for-sale/tw7/chpk3634240,https://www.foxtons.co.uk/flats-for-sale/london?page=50,2025-06-13 21:15:33,50
https://www.foxtons.co.uk/properties-for-sale/tw7/chpk4465663,https://www.foxtons.co.uk/flats-for-sale/london?page=40,2025-06-13 21:13:37,40
https://www.foxtons.co.uk/properties-for-sale/tw7/chpk4618826,https://www.foxtons.co.uk/flats-for-sale/london?page=25,2025-06-13 21:12:13,25
https://www.foxtons.co.uk/properties-for-sale/tw7/chpk4661472,https://www.foxtons.co.uk/flats-for-sale/london?page=13,2025-06-13 21:11:07,13
https://www.foxtons.co.uk/properties-for-sale/tw7/chpk5112259,https://www.foxtons.co.uk/flats-for-sale/london?page=24,2025-06-13 21:12:07,24
https://www.foxtons.co.uk/properties-for-sale/tw7/rich0071102,https://www.foxtons.co.uk/flats-for-sale/london?page=45,2025-06-13 21:14:05,45
https://www.foxtons.co.uk/properties-for-sale/tw8/chpk0085073,https://www.foxtons.co.uk/flats-for-sale/london?page=35,2025-06-13 21:13:07,35
https://www.foxtons.co.uk/properties-for-sale/tw8/chpk0089075,https://www.foxtons.co.uk/flats-for-sale/london?page=23,2025-06-13 21:12:01,23
https://www.foxtons.co.uk/properties-for-sale/tw8/chpk0300003,https://www.foxtons.co.uk/flats-for-sale/london?page=38,2025-06-13 21:13:26,38
https://www.foxtons.co.uk/properties-for-sale/tw8/chpk1347997,https://www.foxtons.co.uk/flats-for-sale/london?page=44,2025-06-13 21:13:59,44
https://www.foxtons.co.uk/properties-for-sale/tw8/chpk1589930,https://www.foxtons.co.uk/flats-for-sale/london?page=32,2025-06-13 21:12:51,32
https://www.foxtons.co.uk/properties-for-sale/tw8/chpk2393523,https://www.foxtons.co.uk/flats-for-sale/london?page=53,2025-06-13 21:17:34,53
https://www.foxtons.co.uk/properties-for-sale/tw8/chpk2400359,https://www.foxtons.co.uk/flats-for-sale/london?page=50,2025-06-13 21:15:33,50
https://www.foxtons.co.uk/properties-for-sale/tw8/chpk2405410,https://www.foxtons.co.uk/flats-for-sale/london?page=40,2025-06-13 21:13:37,40
https://www.foxtons.co.uk/properties-for-sale/tw8/chpk2408303,https://www.foxtons.co.uk/flats-for-sale/london?page=47,2025-06-13 21:14:29,47
https://www.foxtons.co.uk/properties-for-sale/tw8/chpk3399886,https://www.foxtons.co.uk/flats-for-sale/london?page=24,2025-06-13 21:12:07,24
https://www.foxtons.co.uk/properties-for-sale/tw8/chpk3399907,https://www.foxtons.co.uk/flats-for-sale/london?page=48,2025-06-13 21:14:37,48
https://www.foxtons.co.uk/properties-for-sale/tw8/chpk3469567,https://www.foxtons.co.uk/properties-for-sale/ealing?page=2,2025-06-13 23:03:50,2
https://www.foxtons.co.uk/properties-for-sale/tw8/chpk3630371,https://www.foxtons.co.uk/flats-for-sale/london?page=55,2025-06-13 21:17:48,55
https://www.foxtons.co.uk/properties-for-sale/tw8/chpk3630379,https://www.foxtons.co.uk/flats-for-sale/london?page=40,2025-06-13 21:13:37,40
https://www.foxtons.co.uk/properties-for-sale/tw8/chpk4057339,https://www.foxtons.co.uk/flats-for-sale/london?page=43,2025-06-13 21:13:54,43
https://www.foxtons.co.uk/properties-for-sale/tw8/chpk4073409,https://www.foxtons.co.uk/flats-for-sale/london?page=45,2025-06-13 21:14:05,45
https://www.foxtons.co.uk/properties-for-sale/tw8/chpk4076320,https://www.foxtons.co.uk/flats-for-sale/london?page=45,2025-06-13 21:14:05,45
https://www.foxtons.co.uk/properties-for-sale/tw8/chpk4093112,https://www.foxtons.co.uk/flats-for-sale/london?page=22,2025-06-13 21:11:56,22
https://www.foxtons.co.uk/properties-for-sale/tw8/chpk4138568,https://www.foxtons.co.uk/flats-for-sale/london?page=18,2025-06-13 21:11:34,18
https://www.foxtons.co.uk/properties-for-sale/tw8/chpk4138583,https://www.foxtons.co.uk/flats-for-sale/london?page=38,2025-06-13 21:13:26,38
https://www.foxtons.co.uk/properties-for-sale/tw8/chpk4146712,https://www.foxtons.co.uk/flats-for-sale/london?page=36,2025-06-13 21:13:15,36
https://www.foxtons.co.uk/properties-for-sale/tw8/chpk4322142,https://www.foxtons.co.uk/flats-for-sale/london?page=42,2025-06-13 21:13:48,42
https://www.foxtons.co.uk/properties-for-sale/tw8/chpk4325666,https://www.foxtons.co.uk/flats-for-sale/london?page=38,2025-06-13 21:13:26,38
https://www.foxtons.co.uk/properties-for-sale/tw8/chpk4361496,https://www.foxtons.co.uk/flats-for-sale/london?page=45,2025-06-13 21:14:05,45
https://www.foxtons.co.uk/properties-for-sale/tw8/chpk4388815,https://www.foxtons.co.uk/flats-for-sale/london?page=7,2025-06-13 21:10:34,7
https://www.foxtons.co.uk/properties-for-sale/tw8/chpk4421792,https://www.foxtons.co.uk/flats-for-sale/london?page=16,2025-06-13 21:11:23,16
https://www.foxtons.co.uk/properties-for-sale/tw8/chpk4424293,https://www.foxtons.co.uk/flats-for-sale/london?page=47,2025-06-13 21:14:29,47
https://www.foxtons.co.uk/properties-for-sale/tw8/chpk5028115,https://www.foxtons.co.uk/flats-for-sale/london?page=18,2025-06-13 21:11:34,18
https://www.foxtons.co.uk/properties-for-sale/tw8/chpk5128955,https://www.foxtons.co.uk/houses-for-sale/london?page=5,2025-06-13 21:06:19,5
https://www.foxtons.co.uk/properties-for-sale/tw8/chpk5269481,https://www.foxtons.co.uk/flats-for-sale/london?page=14,2025-06-13 21:11:12,14
https://www.foxtons.co.uk/properties-for-sale/tw8/chpk5798361,https://www.foxtons.co.uk/flats-for-sale/london?page=25,2025-06-13 21:12:13,25
https://www.foxtons.co.uk/properties-for-sale/tw8/chpk6204591,https://www.foxtons.co.uk/flats-for-sale/london?page=42,2025-06-13 21:13:48,42
https://www.foxtons.co.uk/properties-for-sale/tw8/chwk0049426,https://www.foxtons.co.uk/flats-for-sale/london?page=41,2025-06-13 21:13:43,41
https://www.foxtons.co.uk/properties-for-sale/tw8/chwk0124424,https://www.foxtons.co.uk/flats-for-sale/london?page=39,2025-06-13 21:13:32,39
https://www.foxtons.co.uk/properties-for-sale/tw8/nwca4652810,https://www.foxtons.co.uk/flats-for-sale/london?page=38,2025-06-13 21:13:26,38
https://www.foxtons.co.uk/properties-for-sale/tw8/nwca4652812,https://www.foxtons.co.uk/flats-for-sale/london?page=25,2025-06-13 21:12:13,25
https://www.foxtons.co.uk/properties-for-sale/tw8/nwca4652814,https://www.foxtons.co.uk/flats-for-sale/london?page=13,2025-06-13 21:11:07,13
https://www.foxtons.co.uk/properties-for-sale/tw8/nwca4652816,https://www.foxtons.co.uk/flats-for-sale/london?page=4,2025-06-13 21:10:16,4
https://www.foxtons.co.uk/properties-for-sale/tw8/nwca5251119,https://www.foxtons.co.uk/flats-for-sale/london?page=25,2025-06-13 21:12:13,25
https://www.foxtons.co.uk/properties-for-sale/tw8/nwca5251120,https://www.foxtons.co.uk/flats-for-sale/london?page=14,2025-06-13 21:11:12,14
https://www.foxtons.co.uk/properties-for-sale/tw8/nwca5269542,https://www.foxtons.co.uk/flats-for-sale/london?page=28,2025-06-13 21:12:29,28
https://www.foxtons.co.uk/properties-for-sale/tw8/nwca5269543,https://www.foxtons.co.uk/flats-for-sale/london?page=21,2025-06-13 21:11:50,21
https://www.foxtons.co.uk/properties-for-sale/tw8/nwca5269544,https://www.foxtons.co.uk/flats-for-sale/london?page=14,2025-06-13 21:11:12,14
https://www.foxtons.co.uk/properties-for-sale/tw8/nwca5270686,https://www.foxtons.co.uk/flats-for-sale/london?page=9,2025-06-13 21:10:45,9
https://www.foxtons.co.uk/properties-for-sale/tw8/rich0059115,https://www.foxtons.co.uk/flats-for-sale/london?page=39,2025-06-13 21:13:32,39
https://www.foxtons.co.uk/properties-for-sale/tw8/rich0150985,https://www.foxtons.co.uk/flats-for-sale/london?page=30,2025-06-13 21:12:40,30
https://www.foxtons.co.uk/properties-for-sale/tw9/chpk0101580,https://www.foxtons.co.uk/flats-for-sale/london?page=21,2025-06-13 21:11:50,21
https://www.foxtons.co.uk/properties-for-sale/tw9/chpk0216393,https://www.foxtons.co.uk/flats-for-sale/london?page=9,2025-06-13 21:10:45,9
https://www.foxtons.co.uk/properties-for-sale/tw9/chpk0340189,https://www.foxtons.co.uk/flats-for-sale/london?page=35,2025-06-13 21:13:07,35
https://www.foxtons.co.uk/properties-for-sale/tw9/chpk2372113,https://www.foxtons.co.uk/flats-for-sale/london?page=10,2025-06-13 21:10:50,10
https://www.foxtons.co.uk/properties-for-sale/tw9/chpk2374594,https://www.foxtons.co.uk/flats-for-sale/london?page=25,2025-06-13 21:12:13,25
https://www.foxtons.co.uk/properties-for-sale/tw9/chpk2390031,https://www.foxtons.co.uk/flats-for-sale/london?page=19,2025-06-13 21:11:39,19
https://www.foxtons.co.uk/properties-for-sale/tw9/chpk2390166,https://www.foxtons.co.uk/flats-for-sale/london?page=37,2025-06-13 21:13:20,37
https://www.foxtons.co.uk/properties-for-sale/tw9/chpk2396038,https://www.foxtons.co.uk/flats-for-sale/london?page=27,2025-06-13 21:12:24,27
https://www.foxtons.co.uk/properties-for-sale/tw9/chpk5269958,https://www.foxtons.co.uk/flats-for-sale/london?page=52,2025-06-13 21:17:29,52
https://www.foxtons.co.uk/properties-for-sale/tw9/chpk5269959,https://www.foxtons.co.uk/properties-for-sale/richmond?page=1,2025-06-13 23:52:09,1
https://www.foxtons.co.uk/properties-for-sale/tw9/ptny5232939,https://www.foxtons.co.uk/flats-for-sale/london?page=47,2025-06-13 21:14:29,47
https://www.foxtons.co.uk/properties-for-sale/tw9/ptny5232940,https://www.foxtons.co.uk/flats-for-sale/london?page=47,2025-06-13 21:14:29,47
https://www.foxtons.co.uk/properties-for-sale/tw9/ptny5232941,https://www.foxtons.co.uk/flats-for-sale/london?page=10,2025-06-13 21:10:50,10
https://www.foxtons.co.uk/properties-for-sale/tw9/rich0048601,https://www.foxtons.co.uk/flats-for-sale/london?page=33,2025-06-13 21:12:57,33
https://www.foxtons.co.uk/properties-for-sale/ub1/nwca4929059,https://www.foxtons.co.uk/flats-for-sale/london?page=20,2025-06-13 21:11:45,20
https://www.foxtons.co.uk/properties-for-sale/ub1/nwca4929081,https://www.foxtons.co.uk/flats-for-sale/london?page=13,2025-06-13 21:11:07,13
https://www.foxtons.co.uk/properties-for-sale/ub1/nwca4937220,https://www.foxtons.co.uk/flats-for-sale/london?page=33,2025-06-13 21:12:57,33
https://www.foxtons.co.uk/properties-for-sale/ub1/nwca5234431,https://www.foxtons.co.uk/houses-for-sale/london?page=6,2025-06-13 21:06:25,6
https://www.foxtons.co.uk/properties-for-sale/ub2/chpk4561353,https://www.foxtons.co.uk/flats-for-sale/london?page=48,2025-06-13 21:14:37,48
https://www.foxtons.co.uk/properties-for-sale/ub3/chpk5265622,https://www.foxtons.co.uk/flats-for-sale/london?page=33,2025-06-13 21:12:57,33
https://www.foxtons.co.uk/properties-for-sale/ub3/nwca4889831,https://www.foxtons.co.uk/flats-for-sale/london?page=24,2025-06-13 21:12:07,24
https://www.foxtons.co.uk/properties-for-sale/ub3/nwca4889839,https://www.foxtons.co.uk/flats-for-sale/london?page=25,2025-06-13 21:12:13,25
https://www.foxtons.co.uk/properties-for-sale/ub3/nwca4889980,https://www.foxtons.co.uk/flats-for-sale/london?page=20,2025-06-13 21:11:45,20
https://www.foxtons.co.uk/properties-for-sale/ub5/chpk2349390,https://www.foxtons.co.uk/properties-for-sale/london?page=21,2025-06-13 21:20:15,21
https://www.foxtons.co.uk/properties-for-sale/ub5/chpk2353543,https://www.foxtons.co.uk/flats-for-sale/london?page=48,2025-06-13 21:14:37,48
https://www.foxtons.co.uk/properties-for-sale/ub5/chpk2353710,https://www.foxtons.co.uk/flats-for-sale/london?page=43,2025-06-13 21:13:54,43
https://www.foxtons.co.uk/properties-for-sale/ub5/chpk2370418,https://www.foxtons.co.uk/flats-for-sale/london?page=43,2025-06-13 21:13:54,43
https://www.foxtons.co.uk/properties-for-sale/ub5/chpk2377214,https://www.foxtons.co.uk/houses-for-sale/london?page=12,2025-06-13 21:09:46,12
https://www.foxtons.co.uk/properties-for-sale/ub5/chpk4891224,https://www.foxtons.co.uk/flats-for-sale/london?page=48,2025-06-13 21:14:37,48
https://www.foxtons.co.uk/properties-for-sale/ub6/chpk2325802,https://www.foxtons.co.uk/houses-for-sale/london?page=6,2025-06-13 21:06:25,6
https://www.foxtons.co.uk/properties-for-sale/ub6/chpk2345779,https://www.foxtons.co.uk/flats-for-sale/london?page=37,2025-06-13 21:13:20,37
https://www.foxtons.co.uk/properties-for-sale/ub6/chpk2348054,https://www.foxtons.co.uk/houses-for-sale/london?page=11,2025-06-13 21:09:41,11
https://www.foxtons.co.uk/properties-for-sale/ub6/chpk2353421,https://www.foxtons.co.uk/houses-for-sale/london?page=2,2025-06-13 21:05:20,2
https://www.foxtons.co.uk/properties-for-sale/ub6/chpk2353463,https://www.foxtons.co.uk/properties-for-sale/london?page=9,2025-06-13 21:18:45,9
https://www.foxtons.co.uk/properties-for-sale/ub6/ealg0253910,https://www.foxtons.co.uk/flats-for-sale/london?page=47,2025-06-13 21:14:29,47
https://www.foxtons.co.uk/properties-for-sale/ub6/nwhm4541678,https://www.foxtons.co.uk/flats-for-sale/london?page=53,2025-06-13 21:17:34,53
https://www.foxtons.co.uk/properties-for-sale/ub6/nwhm4547958,https://www.foxtons.co.uk/flats-for-sale/london?page=53,2025-06-13 21:17:34,53
https://www.foxtons.co.uk/properties-for-sale/ub6/nwhm4549197,https://www.foxtons.co.uk/flats-for-sale/london?page=52,2025-06-13 21:17:29,52
https://www.foxtons.co.uk/properties-for-sale/w10/chpk0025871,https://www.foxtons.co.uk/flats-for-sale/london?page=29,2025-06-13 21:12:35,29
https://www.foxtons.co.uk/properties-for-sale/w10/chpk0091755,https://www.foxtons.co.uk/flats-for-sale/london?page=21,2025-06-13 21:11:50,21
https://www.foxtons.co.uk/properties-for-sale/w10/chpk0111880,https://www.foxtons.co.uk/flats-for-sale/london?page=46,2025-06-13 21:14:10,46
https://www.foxtons.co.uk/properties-for-sale/w10/chpk0154555,https://www.foxtons.co.uk/houses-for-sale/london?page=5,2025-06-13 21:06:19,5
https://www.foxtons.co.uk/properties-for-sale/w10/chpk0308120,https://www.foxtons.co.uk/houses-for-sale/london?page=5,2025-06-13 21:06:19,5
https://www.foxtons.co.uk/properties-for-sale/w10/chpk0344035,https://www.foxtons.co.uk/flats-for-sale/london?page=47,2025-06-13 21:14:29,47
https://www.foxtons.co.uk/properties-for-sale/w10/chpk0356844,https://www.foxtons.co.uk/flats-for-sale/london?page=52,2025-06-13 21:17:29,52
https://www.foxtons.co.uk/properties-for-sale/w10/chpk1147610,https://www.foxtons.co.uk/flats-for-sale/london?page=19,2025-06-13 21:11:39,19
https://www.foxtons.co.uk/properties-for-sale/w10/chpk1351434,https://www.foxtons.co.uk/flats-for-sale/london?page=19,2025-06-13 21:11:39,19
https://www.foxtons.co.uk/properties-for-sale/w10/chpk1366353,https://www.foxtons.co.uk/flats-for-sale/london?page=3,2025-06-13 21:10:10,3
https://www.foxtons.co.uk/properties-for-sale/w10/chpk2315683,https://www.foxtons.co.uk/flats-for-sale/london?page=48,2025-06-13 21:14:37,48
https://www.foxtons.co.uk/properties-for-sale/w10/chpk2318261,https://www.foxtons.co.uk/flats-for-sale/london?page=48,2025-06-13 21:14:37,48
https://www.foxtons.co.uk/properties-for-sale/w10/chpk2322231,https://www.foxtons.co.uk/flats-for-sale/london?page=24,2025-06-13 21:12:07,24
https://www.foxtons.co.uk/properties-for-sale/w10/chpk2329762,https://www.foxtons.co.uk/flats-for-sale/london?page=25,2025-06-13 21:12:13,25
https://www.foxtons.co.uk/properties-for-sale/w10/chpk2329803,https://www.foxtons.co.uk/flats-for-sale/london?page=33,2025-06-13 21:12:57,33
https://www.foxtons.co.uk/properties-for-sale/w10/chpk2330521,https://www.foxtons.co.uk/flats-for-sale/london?page=23,2025-06-13 21:12:01,23
https://www.foxtons.co.uk/properties-for-sale/w10/chpk2334707,https://www.foxtons.co.uk/properties-for-sale/london?page=9,2025-06-13 21:18:45,9
https://www.foxtons.co.uk/properties-for-sale/w10/chpk2336381,https://www.foxtons.co.uk/houses-for-sale/london?page=2,2025-06-13 21:05:20,2
https://www.foxtons.co.uk/properties-for-sale/w10/chpk2338917,https://www.foxtons.co.uk/flats-for-sale/london?page=30,2025-06-13 21:12:40,30
https://www.foxtons.co.uk/properties-for-sale/w10/chpk2342313,https://www.foxtons.co.uk/flats-for-sale/london?page=26,2025-06-13 21:12:18,26
https://www.foxtons.co.uk/properties-for-sale/w10/chpk2343891,https://www.foxtons.co.uk/flats-for-sale/london?page=27,2025-06-13 21:12:24,27
https://www.foxtons.co.uk/properties-for-sale/w10/chpk2343966,https://www.foxtons.co.uk/flats-for-sale/london?page=25,2025-06-13 21:12:13,25
https://www.foxtons.co.uk/properties-for-sale/w10/chpk3378849,https://www.foxtons.co.uk/flats-for-sale/london?page=2,2025-06-13 21:10:05,2
https://www.foxtons.co.uk/properties-for-sale/w10/chpk3460647,https://www.foxtons.co.uk/flats-for-sale/london?page=17,2025-06-13 21:11:29,17
https://www.foxtons.co.uk/properties-for-sale/w10/chpk3467651,https://www.foxtons.co.uk/flats-for-sale/london?page=21,2025-06-13 21:11:50,21
https://www.foxtons.co.uk/properties-for-sale/w10/chpk3601727,https://www.foxtons.co.uk/flats-for-sale/london?page=40,2025-06-13 21:13:37,40
https://www.foxtons.co.uk/properties-for-sale/w10/chpk3636523,https://www.foxtons.co.uk/flats-for-sale/london?page=30,2025-06-13 21:12:40,30
https://www.foxtons.co.uk/properties-for-sale/w10/chpk3661243,https://www.foxtons.co.uk/flats-for-sale/london?page=14,2025-06-13 21:11:12,14
https://www.foxtons.co.uk/properties-for-sale/w10/chpk3716669,https://www.foxtons.co.uk/flats-for-sale/london?page=20,2025-06-13 21:11:45,20
https://www.foxtons.co.uk/properties-for-sale/w10/chpk3872644,https://www.foxtons.co.uk/flats-for-sale/london?page=10,2025-06-13 21:10:50,10
https://www.foxtons.co.uk/properties-for-sale/w10/chpk4081275,https://www.foxtons.co.uk/flats-for-sale/london?page=14,2025-06-13 21:11:12,14
https://www.foxtons.co.uk/properties-for-sale/w10/chpk4149631,https://www.foxtons.co.uk/houses-for-sale/london?page=1,2025-06-13 21:05:14,1
https://www.foxtons.co.uk/properties-for-sale/w10/chpk4339104,https://www.foxtons.co.uk/flats-for-sale/london?page=31,2025-06-13 21:12:46,31
https://www.foxtons.co.uk/properties-for-sale/w10/chpk4661324,https://www.foxtons.co.uk/flats-for-sale/london?page=18,2025-06-13 21:11:34,18
https://www.foxtons.co.uk/properties-for-sale/w10/chpk5263792,https://www.foxtons.co.uk/houses-for-sale/london?page=2,2025-06-13 21:05:20,2
https://www.foxtons.co.uk/properties-for-sale/w10/chpk5491279,https://www.foxtons.co.uk/flats-for-sale/london?page=1,2025-06-13 21:09:59,1
https://www.foxtons.co.uk/properties-for-sale/w10/chpk6199204,https://www.foxtons.co.uk/flats-for-sale/london?page=7,2025-06-13 21:10:34,7
https://www.foxtons.co.uk/properties-for-sale/w10/nhgt0064639,https://www.foxtons.co.uk/flats-for-sale/london?page=9,2025-06-13 21:10:45,9
https://www.foxtons.co.uk/properties-for-sale/w10/nhgt0072621,https://www.foxtons.co.uk/flats-for-sale/london?page=29,2025-06-13 21:12:35,29
https://www.foxtons.co.uk/properties-for-sale/w10/nhgt0149580,https://www.foxtons.co.uk/flats-for-sale/london?page=6,2025-06-13 21:10:28,6
https://www.foxtons.co.uk/properties-for-sale/w10/nhgt0188269,https://www.foxtons.co.uk/flats-for-sale/london?page=21,2025-06-13 21:11:50,21
https://www.foxtons.co.uk/properties-for-sale/w10/nwca5272845,https://www.foxtons.co.uk/flats-for-sale/london?page=20,2025-06-13 21:11:45,20
https://www.foxtons.co.uk/properties-for-sale/w10/nwca5272847,https://www.foxtons.co.uk/flats-for-sale/london?page=12,2025-06-13 21:11:01,12
https://www.foxtons.co.uk/properties-for-sale/w10/nwhm0289761,https://www.foxtons.co.uk/flats-for-sale/london?page=8,2025-06-13 21:10:39,8
https://www.foxtons.co.uk/properties-for-sale/w10/nwhm4323464,https://www.foxtons.co.uk/flats-for-sale/london?page=25,2025-06-13 21:12:13,25
https://www.foxtons.co.uk/properties-for-sale/w11/chpk0036929,https://www.foxtons.co.uk/flats-for-sale/london?page=2,2025-06-13 21:10:05,2
https://www.foxtons.co.uk/properties-for-sale/w11/chpk0039579,https://www.foxtons.co.uk/flats-for-sale/london?page=14,2025-06-13 21:11:12,14
https://www.foxtons.co.uk/properties-for-sale/w11/chpk0050278,https://www.foxtons.co.uk/flats-for-sale/london?page=5,2025-06-13 21:10:22,5
https://www.foxtons.co.uk/properties-for-sale/w11/chpk0060061,https://www.foxtons.co.uk/flats-for-sale/london?page=21,2025-06-13 21:11:50,21
https://www.foxtons.co.uk/properties-for-sale/w11/chpk0139822,https://www.foxtons.co.uk/flats-for-sale/london?page=9,2025-06-13 21:10:45,9
https://www.foxtons.co.uk/properties-for-sale/w11/chpk0273286,https://www.foxtons.co.uk/flats-for-sale/london?page=32,2025-06-13 21:12:51,32
https://www.foxtons.co.uk/properties-for-sale/w11/chpk0273810,https://www.foxtons.co.uk/flats-for-sale/london?page=2,2025-06-13 21:10:05,2
https://www.foxtons.co.uk/properties-for-sale/w11/chpk0287957,https://www.foxtons.co.uk/flats-for-sale/london?page=23,2025-06-13 21:12:01,23
https://www.foxtons.co.uk/properties-for-sale/w11/chpk1222847,https://www.foxtons.co.uk/flats-for-sale/london?page=7,2025-06-13 21:10:34,7
https://www.foxtons.co.uk/properties-for-sale/w11/chpk1232550,https://www.foxtons.co.uk/flats-for-sale/london?page=8,2025-06-13 21:10:39,8
https://www.foxtons.co.uk/properties-for-sale/w11/chpk1290021,https://www.foxtons.co.uk/flats-for-sale/london?page=7,2025-06-13 21:10:34,7
https://www.foxtons.co.uk/properties-for-sale/w11/chpk1355563,https://www.foxtons.co.uk/flats-for-sale/london?page=8,2025-06-13 21:10:39,8
https://www.foxtons.co.uk/properties-for-sale/w11/chpk1423096,https://www.foxtons.co.uk/flats-for-sale/london?page=9,2025-06-13 21:10:45,9
https://www.foxtons.co.uk/properties-for-sale/w11/chpk1450991,https://www.foxtons.co.uk/flats-for-sale/london?page=9,2025-06-13 21:10:45,9
https://www.foxtons.co.uk/properties-for-sale/w11/chpk2307226,https://www.foxtons.co.uk/flats-for-sale/london?page=15,2025-06-13 21:11:17,15
https://www.foxtons.co.uk/properties-for-sale/w11/chpk2316012,https://www.foxtons.co.uk/flats-for-sale/london?page=43,2025-06-13 21:13:54,43
https://www.foxtons.co.uk/properties-for-sale/w11/chpk2320096,https://www.foxtons.co.uk/houses-for-sale/london?page=2,2025-06-13 21:05:20,2
https://www.foxtons.co.uk/properties-for-sale/w11/chpk2327720,https://www.foxtons.co.uk/flats-for-sale/london?page=28,2025-06-13 21:12:29,28
https://www.foxtons.co.uk/properties-for-sale/w11/chpk2327844,https://www.foxtons.co.uk/flats-for-sale/london?page=43,2025-06-13 21:13:54,43
https://www.foxtons.co.uk/properties-for-sale/w11/chpk2328485,https://www.foxtons.co.uk/flats-for-sale/london?page=5,2025-06-13 21:10:22,5
https://www.foxtons.co.uk/properties-for-sale/w11/chpk2328494,https://www.foxtons.co.uk/flats-for-sale/london?page=23,2025-06-13 21:12:01,23
https://www.foxtons.co.uk/properties-for-sale/w11/chpk2331204,https://www.foxtons.co.uk/houses-for-sale/london?page=1,2025-06-13 21:05:14,1
https://www.foxtons.co.uk/properties-for-sale/w11/chpk3868542,https://www.foxtons.co.uk/flats-for-sale/london?page=27,2025-06-13 21:12:24,27
https://www.foxtons.co.uk/properties-for-sale/w11/chpk4939647,https://www.foxtons.co.uk/flats-for-sale/london?page=15,2025-06-13 21:11:17,15
https://www.foxtons.co.uk/properties-for-sale/w11/chpk5270805,https://www.foxtons.co.uk/properties-for-sale/notting-hill?page=1,2025-06-13 23:43:52,1
https://www.foxtons.co.uk/properties-for-sale/w11/isln0099362,https://www.foxtons.co.uk/flats-for-sale/london?page=5,2025-06-13 21:10:22,5
https://www.foxtons.co.uk/properties-for-sale/w11/nhgt0048286,https://www.foxtons.co.uk/flats-for-sale/london?page=12,2025-06-13 21:11:01,12
https://www.foxtons.co.uk/properties-for-sale/w11/nhgt0059964,https://www.foxtons.co.uk/flats-for-sale/london?page=24,2025-06-13 21:12:07,24
https://www.foxtons.co.uk/properties-for-sale/w11/nhgt0067755,https://www.foxtons.co.uk/flats-for-sale/london?page=1,2025-06-13 21:09:59,1
https://www.foxtons.co.uk/properties-for-sale/w11/nhgt0084077,https://www.foxtons.co.uk/houses-for-sale/london?page=5,2025-06-13 21:06:19,5
https://www.foxtons.co.uk/properties-for-sale/w11/nhgt0100749,https://www.foxtons.co.uk/flats-for-sale/london?page=35,2025-06-13 21:13:07,35
https://www.foxtons.co.uk/properties-for-sale/w11/nhgt0105988,https://www.foxtons.co.uk/flats-for-sale/london?page=14,2025-06-13 21:11:12,14
https://www.foxtons.co.uk/properties-for-sale/w11/nhgt0111326,https://www.foxtons.co.uk/flats-for-sale/london?page=30,2025-06-13 21:12:40,30
https://www.foxtons.co.uk/properties-for-sale/w11/nhgt0183417,https://www.foxtons.co.uk/flats-for-sale/london?page=33,2025-06-13 21:12:57,33
https://www.foxtons.co.uk/properties-for-sale/w11/nhgt0220080,https://www.foxtons.co.uk/flats-for-sale/london?page=30,2025-06-13 21:12:40,30
https://www.foxtons.co.uk/properties-for-sale/w11/nhgt0249012,https://www.foxtons.co.uk/flats-for-sale/london?page=33,2025-06-13 21:12:57,33
https://www.foxtons.co.uk/properties-for-sale/w11/nhgt5267293,https://www.foxtons.co.uk/flats-for-sale/london?page=6,2025-06-13 21:10:28,6
https://www.foxtons.co.uk/properties-for-sale/w11/ptny0087275,https://www.foxtons.co.uk/flats-for-sale/london?page=21,2025-06-13 21:11:50,21
https://www.foxtons.co.uk/properties-for-sale/w12/chpk0114659,https://www.foxtons.co.uk/houses-for-sale/london?page=1,2025-06-13 21:05:14,1
https://www.foxtons.co.uk/properties-for-sale/w12/chpk0369973,https://www.foxtons.co.uk/flats-for-sale/london?page=9,2025-06-13 21:10:45,9
https://www.foxtons.co.uk/properties-for-sale/w12/chpk2287772,https://www.foxtons.co.uk/flats-for-sale/london?page=29,2025-06-13 21:12:35,29
https://www.foxtons.co.uk/properties-for-sale/w12/chpk2289645,https://www.foxtons.co.uk/flats-for-sale/london?page=34,2025-06-13 21:13:02,34
https://www.foxtons.co.uk/properties-for-sale/w12/chpk2297323,https://www.foxtons.co.uk/houses-for-sale/london?page=3,2025-06-13 21:05:38,3
https://www.foxtons.co.uk/properties-for-sale/w12/chpk2297456,https://www.foxtons.co.uk/flats-for-sale/london?page=30,2025-06-13 21:12:40,30
https://www.foxtons.co.uk/properties-for-sale/w12/chpk2300483,https://www.foxtons.co.uk/flats-for-sale/london?page=31,2025-06-13 21:12:46,31
https://www.foxtons.co.uk/properties-for-sale/w12/chpk2302562,https://www.foxtons.co.uk/flats-for-sale/london?page=23,2025-06-13 21:12:01,23
https://www.foxtons.co.uk/properties-for-sale/w12/chpk2303163,https://www.foxtons.co.uk/flats-for-sale/london?page=34,2025-06-13 21:13:02,34
https://www.foxtons.co.uk/properties-for-sale/w12/chpk2303340,https://www.foxtons.co.uk/flats-for-sale/london?page=17,2025-06-13 21:11:29,17
https://www.foxtons.co.uk/properties-for-sale/w12/chpk2303414,https://www.foxtons.co.uk/flats-for-sale/london?page=46,2025-06-13 21:14:10,46
https://www.foxtons.co.uk/properties-for-sale/w12/chpk2305121,https://www.foxtons.co.uk/flats-for-sale/london?page=15,2025-06-13 21:11:17,15
https://www.foxtons.co.uk/properties-for-sale/w12/chpk2310435,https://www.foxtons.co.uk/houses-for-sale/london?page=12,2025-06-13 21:09:46,12
https://www.foxtons.co.uk/properties-for-sale/w12/chpk2311436,https://www.foxtons.co.uk/houses-for-sale/london?page=11,2025-06-13 21:09:41,11
https://www.foxtons.co.uk/properties-for-sale/w12/chpk2313284,https://www.foxtons.co.uk/flats-for-sale/london?page=53,2025-06-13 21:17:34,53
https://www.foxtons.co.uk/properties-for-sale/w12/chpk2313291,https://www.foxtons.co.uk/flats-for-sale/london?page=52,2025-06-13 21:17:29,52
https://www.foxtons.co.uk/properties-for-sale/w12/chpk2319627,https://www.foxtons.co.uk/houses-for-sale/london?page=12,2025-06-13 21:09:46,12
https://www.foxtons.co.uk/properties-for-sale/w12/chpk2319787,https://www.foxtons.co.uk/houses-for-sale/london?page=6,2025-06-13 21:06:25,6
https://www.foxtons.co.uk/properties-for-sale/w12/chpk2323323,https://www.foxtons.co.uk/properties-for-sale/london?page=22,2025-06-13 21:20:21,22
https://www.foxtons.co.uk/properties-for-sale/w12/chpk3881257,https://www.foxtons.co.uk/flats-for-sale/london?page=25,2025-06-13 21:12:13,25
https://www.foxtons.co.uk/properties-for-sale/w12/chpk4065036,https://www.foxtons.co.uk/flats-for-sale/london?page=36,2025-06-13 21:13:15,36
https://www.foxtons.co.uk/properties-for-sale/w12/chpk4070184,https://www.foxtons.co.uk/flats-for-sale/london?page=24,2025-06-13 21:12:07,24
https://www.foxtons.co.uk/properties-for-sale/w12/chpk4073576,https://www.foxtons.co.uk/flats-for-sale/london?page=34,2025-06-13 21:13:02,34
https://www.foxtons.co.uk/properties-for-sale/w12/chpk4333217,https://www.foxtons.co.uk/flats-for-sale/london?page=10,2025-06-13 21:10:50,10
https://www.foxtons.co.uk/properties-for-sale/w12/chpk4360983,https://www.foxtons.co.uk/flats-for-sale/london?page=40,2025-06-13 21:13:37,40
https://www.foxtons.co.uk/properties-for-sale/w12/chpk4492123,https://www.foxtons.co.uk/flats-for-sale/london?page=5,2025-06-13 21:10:22,5
https://www.foxtons.co.uk/properties-for-sale/w12/chpk4639022,https://www.foxtons.co.uk/flats-for-sale/london?page=36,2025-06-13 21:13:15,36
https://www.foxtons.co.uk/properties-for-sale/w12/chpk4889610,https://www.foxtons.co.uk/flats-for-sale/london?page=26,2025-06-13 21:12:18,26
https://www.foxtons.co.uk/properties-for-sale/w12/chpk4914064,https://www.foxtons.co.uk/properties-for-sale/london?page=22,2025-06-13 21:20:21,22
https://www.foxtons.co.uk/properties-for-sale/w12/chpk4983904,https://www.foxtons.co.uk/flats-for-sale/london?page=15,2025-06-13 21:11:17,15
https://www.foxtons.co.uk/properties-for-sale/w12/chpk4983963,https://www.foxtons.co.uk/flats-for-sale/london?page=5,2025-06-13 21:10:22,5
https://www.foxtons.co.uk/properties-for-sale/w12/chpk4985604,https://www.foxtons.co.uk/flats-for-sale/london?page=1,2025-06-13 21:09:59,1
https://www.foxtons.co.uk/properties-for-sale/w12/chpk4985632,https://www.foxtons.co.uk/flats-for-sale/london?page=7,2025-06-13 21:10:34,7
https://www.foxtons.co.uk/properties-for-sale/w12/chpk5267304,https://www.foxtons.co.uk/properties-for-sale/chiswick?page=1,2025-06-13 22:53:00,1
https://www.foxtons.co.uk/properties-for-sale/w12/chpk5386111,https://www.foxtons.co.uk/flats-for-sale/london?page=17,2025-06-13 21:11:29,17
https://www.foxtons.co.uk/properties-for-sale/w12/chpk5399669,https://www.foxtons.co.uk/flats-for-sale/london?page=36,2025-06-13 21:13:15,36
https://www.foxtons.co.uk/properties-for-sale/w12/chwk0001235,https://www.foxtons.co.uk/flats-for-sale/london?page=33,2025-06-13 21:12:57,33
https://www.foxtons.co.uk/properties-for-sale/w12/chwk0003388,https://www.foxtons.co.uk/flats-for-sale/london?page=29,2025-06-13 21:12:35,29
https://www.foxtons.co.uk/properties-for-sale/w12/nhgt0080691,https://www.foxtons.co.uk/flats-for-sale/london?page=11,2025-06-13 21:10:56,11
https://www.foxtons.co.uk/properties-for-sale/w12/nwca5245358,https://www.foxtons.co.uk/flats-for-sale/london?page=4,2025-06-13 21:10:16,4
https://www.foxtons.co.uk/properties-for-sale/w12/nwca5245376,https://www.foxtons.co.uk/flats-for-sale/london?page=13,2025-06-13 21:11:07,13
https://www.foxtons.co.uk/properties-for-sale/w12/nwca5245377,https://www.foxtons.co.uk/flats-for-sale/london?page=8,2025-06-13 21:10:39,8
https://www.foxtons.co.uk/properties-for-sale/w12/nwca5245378,https://www.foxtons.co.uk/flats-for-sale/london?page=1,2025-06-13 21:09:59,1
https://www.foxtons.co.uk/properties-for-sale/w12/nwca6205356,https://www.foxtons.co.uk/flats-for-sale/london?page=1,2025-06-13 21:09:59,1
https://www.foxtons.co.uk/properties-for-sale/w12/nwca6205367,https://www.foxtons.co.uk/flats-for-sale/london?page=1,2025-06-13 21:09:59,1
https://www.foxtons.co.uk/properties-for-sale/w12/shep5263281,https://www.foxtons.co.uk/flats-for-sale/london?page=42,2025-06-13 21:13:48,42
https://www.foxtons.co.uk/properties-for-sale/w13/chpk0116258,https://www.foxtons.co.uk/flats-for-sale/london?page=32,2025-06-13 21:12:51,32
https://www.foxtons.co.uk/properties-for-sale/w13/chpk0320734,https://www.foxtons.co.uk/flats-for-sale/london?page=27,2025-06-13 21:12:24,27
https://www.foxtons.co.uk/properties-for-sale/w13/chpk2286379,https://www.foxtons.co.uk/houses-for-sale/london?page=2,2025-06-13 21:05:20,2
https://www.foxtons.co.uk/properties-for-sale/w13/chpk2298567,https://www.foxtons.co.uk/properties-for-sale/ealing?page=2,2025-06-13 23:03:50,2
https://www.foxtons.co.uk/properties-for-sale/w13/chpk2298661,https://www.foxtons.co.uk/houses-for-sale/london?page=9,2025-06-13 21:07:22,9
https://www.foxtons.co.uk/properties-for-sale/w13/chpk2298799,https://www.foxtons.co.uk/flats-for-sale/london?page=40,2025-06-13 21:13:37,40
https://www.foxtons.co.uk/properties-for-sale/w13/chpk2301224,https://www.foxtons.co.uk/flats-for-sale/london?page=50,2025-06-13 21:15:33,50
https://www.foxtons.co.uk/properties-for-sale/w13/chpk2309875,https://www.foxtons.co.uk/houses-for-sale/london?page=5,2025-06-13 21:06:19,5
https://www.foxtons.co.uk/properties-for-sale/w13/chpk2313017,https://www.foxtons.co.uk/houses-for-sale/london?page=6,2025-06-13 21:06:25,6
https://www.foxtons.co.uk/properties-for-sale/w13/chpk3582192,https://www.foxtons.co.uk/flats-for-sale/london?page=35,2025-06-13 21:13:07,35
https://www.foxtons.co.uk/properties-for-sale/w13/chpk3582202,https://www.foxtons.co.uk/flats-for-sale/london?page=48,2025-06-13 21:14:37,48
https://www.foxtons.co.uk/properties-for-sale/w13/chpk3582203,https://www.foxtons.co.uk/flats-for-sale/london?page=35,2025-06-13 21:13:07,35
https://www.foxtons.co.uk/properties-for-sale/w13/chpk3582204,https://www.foxtons.co.uk/flats-for-sale/london?page=35,2025-06-13 21:13:07,35
https://www.foxtons.co.uk/properties-for-sale/w13/chpk3582216,https://www.foxtons.co.uk/flats-for-sale/london?page=53,2025-06-13 21:17:34,53
https://www.foxtons.co.uk/properties-for-sale/w13/chpk4336331,https://www.foxtons.co.uk/flats-for-sale/london?page=16,2025-06-13 21:11:23,16
https://www.foxtons.co.uk/properties-for-sale/w13/chpk4427983,https://www.foxtons.co.uk/flats-for-sale/london?page=31,2025-06-13 21:12:46,31
https://www.foxtons.co.uk/properties-for-sale/w13/chpk4427984,https://www.foxtons.co.uk/flats-for-sale/london?page=16,2025-06-13 21:11:23,16
https://www.foxtons.co.uk/properties-for-sale/w13/chpk4465557,https://www.foxtons.co.uk/flats-for-sale/london?page=22,2025-06-13 21:11:56,22
https://www.foxtons.co.uk/properties-for-sale/w13/ealg0000177,https://www.foxtons.co.uk/houses-for-sale/london?page=3,2025-06-13 21:05:38,3
https://www.foxtons.co.uk/properties-for-sale/w13/ealg0181089,https://www.foxtons.co.uk/flats-for-sale/london?page=47,2025-06-13 21:14:29,47
https://www.foxtons.co.uk/properties-for-sale/w13/ealg0238362,https://www.foxtons.co.uk/flats-for-sale/london?page=24,2025-06-13 21:12:07,24
https://www.foxtons.co.uk/properties-for-sale/w13/ealg0250198,https://www.foxtons.co.uk/flats-for-sale/london?page=35,2025-06-13 21:13:07,35
https://www.foxtons.co.uk/properties-for-sale/w13/ealg0301805,https://www.foxtons.co.uk/flats-for-sale/london?page=47,2025-06-13 21:14:29,47
https://www.foxtons.co.uk/properties-for-sale/w13/ealg0313121,https://www.foxtons.co.uk/flats-for-sale/london?page=36,2025-06-13 21:13:15,36
https://www.foxtons.co.uk/properties-for-sale/w13/ealg5264254,https://www.foxtons.co.uk/flats-for-sale/london?page=22,2025-06-13 21:11:56,22
https://www.foxtons.co.uk/properties-for-sale/w13/isln0147678,https://www.foxtons.co.uk/houses-for-sale/london?page=6,2025-06-13 21:06:25,6
https://www.foxtons.co.uk/properties-for-sale/w13/nwca5272470,https://www.foxtons.co.uk/flats-for-sale/london?page=19,2025-06-13 21:11:39,19
https://www.foxtons.co.uk/properties-for-sale/w13/nwca5272471,https://www.foxtons.co.uk/flats-for-sale/london?page=11,2025-06-13 21:10:56,11
https://www.foxtons.co.uk/properties-for-sale/w13/nwhm5219405,https://www.foxtons.co.uk/flats-for-sale/london?page=19,2025-06-13 21:11:39,19
https://www.foxtons.co.uk/properties-for-sale/w14/chpk0028999,https://www.foxtons.co.uk/flats-for-sale/london?page=44,2025-06-13 21:13:59,44
https://www.foxtons.co.uk/properties-for-sale/w14/chpk0032406,https://www.foxtons.co.uk/flats-for-sale/london?page=14,2025-06-13 21:11:12,14
https://www.foxtons.co.uk/properties-for-sale/w14/chpk0045966,https://www.foxtons.co.uk/flats-for-sale/london?page=8,2025-06-13 21:10:39,8
https://www.foxtons.co.uk/properties-for-sale/w14/chpk0094772,https://www.foxtons.co.uk/houses-for-sale/london?page=3,2025-06-13 21:05:38,3
https://www.foxtons.co.uk/properties-for-sale/w14/chpk0111224,https://www.foxtons.co.uk/flats-for-sale/london?page=24,2025-06-13 21:12:07,24
https://www.foxtons.co.uk/properties-for-sale/w14/chpk0126778,https://www.foxtons.co.uk/flats-for-sale/london?page=23,2025-06-13 21:12:01,23
https://www.foxtons.co.uk/properties-for-sale/w14/chpk0145357,https://www.foxtons.co.uk/flats-for-sale/london?page=44,2025-06-13 21:13:59,44
https://www.foxtons.co.uk/properties-for-sale/w14/chpk0255052,https://www.foxtons.co.uk/flats-for-sale/london?page=7,2025-06-13 21:10:34,7
https://www.foxtons.co.uk/properties-for-sale/w14/chpk0279243,https://www.foxtons.co.uk/flats-for-sale/london?page=23,2025-06-13 21:12:01,23
https://www.foxtons.co.uk/properties-for-sale/w14/chpk0288728,https://www.foxtons.co.uk/flats-for-sale/london?page=8,2025-06-13 21:10:39,8
https://www.foxtons.co.uk/properties-for-sale/w14/chpk0318964,https://www.foxtons.co.uk/flats-for-sale/london?page=3,2025-06-13 21:10:10,3
https://www.foxtons.co.uk/properties-for-sale/w14/chpk0337302,https://www.foxtons.co.uk/flats-for-sale/london?page=12,2025-06-13 21:11:01,12
https://www.foxtons.co.uk/properties-for-sale/w14/chpk0357127,https://www.foxtons.co.uk/flats-for-sale/london?page=11,2025-06-13 21:10:56,11
https://www.foxtons.co.uk/properties-for-sale/w14/chpk0359440,https://www.foxtons.co.uk/houses-for-sale/london?page=5,2025-06-13 21:06:19,5
https://www.foxtons.co.uk/properties-for-sale/w14/chpk2272795,https://www.foxtons.co.uk/flats-for-sale/london?page=9,2025-06-13 21:10:45,9
https://www.foxtons.co.uk/properties-for-sale/w14/chpk2273071,https://www.foxtons.co.uk/flats-for-sale/london?page=43,2025-06-13 21:13:54,43
https://www.foxtons.co.uk/properties-for-sale/w14/chpk2277167,https://www.foxtons.co.uk/flats-for-sale/london?page=29,2025-06-13 21:12:35,29
https://www.foxtons.co.uk/properties-for-sale/w14/chpk2277663,https://www.foxtons.co.uk/flats-for-sale/london?page=2,2025-06-13 21:10:05,2
https://www.foxtons.co.uk/properties-for-sale/w14/chpk2279879,https://www.foxtons.co.uk/flats-for-sale/london?page=10,2025-06-13 21:10:50,10
https://www.foxtons.co.uk/properties-for-sale/w14/chpk2279920,https://www.foxtons.co.uk/flats-for-sale/london?page=1,2025-06-13 21:09:59,1
https://www.foxtons.co.uk/properties-for-sale/w14/chpk2290670,https://www.foxtons.co.uk/flats-for-sale/london?page=11,2025-06-13 21:10:56,11
https://www.foxtons.co.uk/properties-for-sale/w14/chpk2290835,https://www.foxtons.co.uk/flats-for-sale/london?page=12,2025-06-13 21:11:01,12
https://www.foxtons.co.uk/properties-for-sale/w14/chpk2291089,https://www.foxtons.co.uk/houses-for-sale/london?page=1,2025-06-13 21:05:14,1
https://www.foxtons.co.uk/properties-for-sale/w14/chpk2291352,https://www.foxtons.co.uk/flats-for-sale/london?page=23,2025-06-13 21:12:01,23
https://www.foxtons.co.uk/properties-for-sale/w14/chpk2293155,https://www.foxtons.co.uk/flats-for-sale/london?page=19,2025-06-13 21:11:39,19
https://www.foxtons.co.uk/properties-for-sale/w14/chpk2294439,https://www.foxtons.co.uk/houses-for-sale/london?page=1,2025-06-13 21:05:14,1
https://www.foxtons.co.uk/properties-for-sale/w14/chpk2296316,https://www.foxtons.co.uk/flats-for-sale/london?page=34,2025-06-13 21:13:02,34
https://www.foxtons.co.uk/properties-for-sale/w14/chpk2296604,https://www.foxtons.co.uk/flats-for-sale/london?page=48,2025-06-13 21:14:37,48
https://www.foxtons.co.uk/properties-for-sale/w14/chpk3389145,https://www.foxtons.co.uk/flats-for-sale/london?page=14,2025-06-13 21:11:12,14
https://www.foxtons.co.uk/properties-for-sale/w14/chpk4139075,https://www.foxtons.co.uk/flats-for-sale/london?page=13,2025-06-13 21:11:07,13
https://www.foxtons.co.uk/properties-for-sale/w14/chpk4341343,https://www.foxtons.co.uk/flats-for-sale/london?page=2,2025-06-13 21:10:05,2
https://www.foxtons.co.uk/properties-for-sale/w14/chpk4342063,https://www.foxtons.co.uk/flats-for-sale/london?page=4,2025-06-13 21:10:16,4
https://www.foxtons.co.uk/properties-for-sale/w14/chpk4342074,https://www.foxtons.co.uk/flats-for-sale/london?page=13,2025-06-13 21:11:07,13
https://www.foxtons.co.uk/properties-for-sale/w14/chpk4342085,https://www.foxtons.co.uk/flats-for-sale/london?page=10,2025-06-13 21:10:50,10
https://www.foxtons.co.uk/properties-for-sale/w14/chpk5017376,https://www.foxtons.co.uk/flats-for-sale/london?page=8,2025-06-13 21:10:39,8
https://www.foxtons.co.uk/properties-for-sale/w14/chpk5499916,https://www.foxtons.co.uk/flats-for-sale/london?page=1,2025-06-13 21:09:59,1
https://www.foxtons.co.uk/properties-for-sale/w14/isln0089856,https://www.foxtons.co.uk/flats-for-sale/london?page=18,2025-06-13 21:11:34,18
https://www.foxtons.co.uk/properties-for-sale/w14/nhgt0075002,https://www.foxtons.co.uk/flats-for-sale/london?page=36,2025-06-13 21:13:15,36
https://www.foxtons.co.uk/properties-for-sale/w14/nhgt0089776,https://www.foxtons.co.uk/flats-for-sale/london?page=42,2025-06-13 21:13:48,42
https://www.foxtons.co.uk/properties-for-sale/w14/nhgt0108226,https://www.foxtons.co.uk/flats-for-sale/london?page=41,2025-06-13 21:13:43,41
https://www.foxtons.co.uk/properties-for-sale/w14/nhgt0166529,https://www.foxtons.co.uk/flats-for-sale/london?page=9,2025-06-13 21:10:45,9
https://www.foxtons.co.uk/properties-for-sale/w14/nhgt0201146,https://www.foxtons.co.uk/flats-for-sale/london?page=4,2025-06-13 21:10:16,4
https://www.foxtons.co.uk/properties-for-sale/w14/nhgt0226402,https://www.foxtons.co.uk/flats-for-sale/london?page=18,2025-06-13 21:11:34,18
https://www.foxtons.co.uk/properties-for-sale/w14/ptny6205147,https://www.foxtons.co.uk/properties-for-sale/london?page=13,2025-06-13 21:19:28,13
https://www.foxtons.co.uk/properties-for-sale/w1d/chpk0023399,https://www.foxtons.co.uk/flats-for-sale/london?page=27,2025-06-13 21:12:24,27
https://www.foxtons.co.uk/properties-for-sale/w1d/chpk0323909,https://www.foxtons.co.uk/flats-for-sale/london?page=25,2025-06-13 21:12:13,25
https://www.foxtons.co.uk/properties-for-sale/w1d/chpk3369036,https://www.foxtons.co.uk/flats-for-sale/london?page=8,2025-06-13 21:10:39,8
https://www.foxtons.co.uk/properties-for-sale/w1d/chpk3598121,https://www.foxtons.co.uk/flats-for-sale/london?page=1,2025-06-13 21:09:59,1
https://www.foxtons.co.uk/properties-for-sale/w1d/chpk3707163,https://www.foxtons.co.uk/flats-for-sale/london?page=19,2025-06-13 21:11:39,19
https://www.foxtons.co.uk/properties-for-sale/w1d/chpk4057951,https://www.foxtons.co.uk/flats-for-sale/london?page=11,2025-06-13 21:10:56,11
https://www.foxtons.co.uk/properties-for-sale/w1d/chpk4389215,https://www.foxtons.co.uk/flats-for-sale/london?page=1,2025-06-13 21:09:59,1
https://www.foxtons.co.uk/properties-for-sale/w1d/myfr0067798,https://www.foxtons.co.uk/flats-for-sale/london?page=5,2025-06-13 21:10:22,5
https://www.foxtons.co.uk/properties-for-sale/w1f/chpk0298257,https://www.foxtons.co.uk/flats-for-sale/london?page=8,2025-06-13 21:10:39,8
https://www.foxtons.co.uk/properties-for-sale/w1f/chpk3369632,https://www.foxtons.co.uk/flats-for-sale/london?page=13,2025-06-13 21:11:07,13
https://www.foxtons.co.uk/properties-for-sale/w1f/chpk3369634,https://www.foxtons.co.uk/flats-for-sale/london?page=5,2025-06-13 21:10:22,5
https://www.foxtons.co.uk/properties-for-sale/w1f/chpk3374571,https://www.foxtons.co.uk/flats-for-sale/london?page=15,2025-06-13 21:11:17,15
https://www.foxtons.co.uk/properties-for-sale/w1f/chpk4090922,https://www.foxtons.co.uk/flats-for-sale/london?page=15,2025-06-13 21:11:17,15
https://www.foxtons.co.uk/properties-for-sale/w1f/chpk4090923,https://www.foxtons.co.uk/flats-for-sale/london?page=15,2025-06-13 21:11:17,15
https://www.foxtons.co.uk/properties-for-sale/w1g/chpk3370060,https://www.foxtons.co.uk/flats-for-sale/london?page=7,2025-06-13 21:10:34,7
https://www.foxtons.co.uk/properties-for-sale/w1g/chpk3598224,https://www.foxtons.co.uk/houses-for-sale/london?page=1,2025-06-13 21:05:14,1
https://www.foxtons.co.uk/properties-for-sale/w1g/chpk3824436,https://www.foxtons.co.uk/flats-for-sale/london?page=9,2025-06-13 21:10:45,9
https://www.foxtons.co.uk/properties-for-sale/w1h/chpk0023455,https://www.foxtons.co.uk/flats-for-sale/london?page=9,2025-06-13 21:10:45,9
https://www.foxtons.co.uk/properties-for-sale/w1h/chpk0034520,https://www.foxtons.co.uk/flats-for-sale/london?page=3,2025-06-13 21:10:10,3
https://www.foxtons.co.uk/properties-for-sale/w1h/chpk0057633,https://www.foxtons.co.uk/flats-for-sale/london?page=6,2025-06-13 21:10:28,6
https://www.foxtons.co.uk/properties-for-sale/w1h/chpk0145264,https://www.foxtons.co.uk/flats-for-sale/london?page=6,2025-06-13 21:10:28,6
https://www.foxtons.co.uk/properties-for-sale/w1h/chpk0269404,https://www.foxtons.co.uk/flats-for-sale/london?page=32,2025-06-13 21:12:51,32
https://www.foxtons.co.uk/properties-for-sale/w1h/chpk0300697,https://www.foxtons.co.uk/flats-for-sale/london?page=28,2025-06-13 21:12:29,28
https://www.foxtons.co.uk/properties-for-sale/w1h/chpk0360246,https://www.foxtons.co.uk/flats-for-sale/london?page=41,2025-06-13 21:13:43,41
https://www.foxtons.co.uk/properties-for-sale/w1h/chpk3357537,https://www.foxtons.co.uk/flats-for-sale/london?page=1,2025-06-13 21:09:59,1
https://www.foxtons.co.uk/properties-for-sale/w1h/chpk3360670,https://www.foxtons.co.uk/flats-for-sale/london?page=2,2025-06-13 21:10:05,2
https://www.foxtons.co.uk/properties-for-sale/w1h/chpk3370444,https://www.foxtons.co.uk/flats-for-sale/london?page=2,2025-06-13 21:10:05,2
https://www.foxtons.co.uk/properties-for-sale/w1h/chpk3370465,https://www.foxtons.co.uk/houses-for-sale/london?page=1,2025-06-13 21:05:14,1
https://www.foxtons.co.uk/properties-for-sale/w1h/chpk3370484,https://www.foxtons.co.uk/flats-for-sale/london?page=5,2025-06-13 21:10:22,5
https://www.foxtons.co.uk/properties-for-sale/w1h/chpk3370740,https://www.foxtons.co.uk/flats-for-sale/london?page=7,2025-06-13 21:10:34,7
https://www.foxtons.co.uk/properties-for-sale/w1h/chpk3370805,https://www.foxtons.co.uk/flats-for-sale/london?page=8,2025-06-13 21:10:39,8
https://www.foxtons.co.uk/properties-for-sale/w1h/chpk3370978,https://www.foxtons.co.uk/flats-for-sale/london?page=2,2025-06-13 21:10:05,2
https://www.foxtons.co.uk/properties-for-sale/w1h/chpk3437647,https://www.foxtons.co.uk/flats-for-sale/london?page=15,2025-06-13 21:11:17,15
https://www.foxtons.co.uk/properties-for-sale/w1h/chpk3446554,https://www.foxtons.co.uk/flats-for-sale/london?page=1,2025-06-13 21:09:59,1
https://www.foxtons.co.uk/properties-for-sale/w1h/chpk3454460,https://www.foxtons.co.uk/flats-for-sale/london?page=3,2025-06-13 21:10:10,3
https://www.foxtons.co.uk/properties-for-sale/w1h/chpk4120384,https://www.foxtons.co.uk/flats-for-sale/london?page=16,2025-06-13 21:11:23,16
https://www.foxtons.co.uk/properties-for-sale/w1h/chpk4549410,https://www.foxtons.co.uk/flats-for-sale/london?page=2,2025-06-13 21:10:05,2
https://www.foxtons.co.uk/properties-for-sale/w1h/chpk5223302,https://www.foxtons.co.uk/flats-for-sale/london?page=10,2025-06-13 21:10:50,10
https://www.foxtons.co.uk/properties-for-sale/w1h/myfr0058246,https://www.foxtons.co.uk/flats-for-sale/london?page=33,2025-06-13 21:12:57,33
https://www.foxtons.co.uk/properties-for-sale/w1h/myfr0212402,https://www.foxtons.co.uk/flats-for-sale/london?page=21,2025-06-13 21:11:50,21
https://www.foxtons.co.uk/properties-for-sale/w1j/chpk0028090,https://www.foxtons.co.uk/flats-for-sale/london?page=2,2025-06-13 21:10:05,2
https://www.foxtons.co.uk/properties-for-sale/w1j/chpk0362665,https://www.foxtons.co.uk/flats-for-sale/london?page=1,2025-06-13 21:09:59,1
https://www.foxtons.co.uk/properties-for-sale/w1k/chpk0007431,https://www.foxtons.co.uk/flats-for-sale/london?page=2,2025-06-13 21:10:05,2
https://www.foxtons.co.uk/properties-for-sale/w1k/chpk0053818,https://www.foxtons.co.uk/flats-for-sale/london?page=3,2025-06-13 21:10:10,3
https://www.foxtons.co.uk/properties-for-sale/w1k/chpk3354213,https://www.foxtons.co.uk/flats-for-sale/london?page=2,2025-06-13 21:10:05,2
https://www.foxtons.co.uk/properties-for-sale/w1k/chpk3355038,https://www.foxtons.co.uk/flats-for-sale/london?page=1,2025-06-13 21:09:59,1
https://www.foxtons.co.uk/properties-for-sale/w1k/chpk4087331,https://www.foxtons.co.uk/flats-for-sale/london?page=5,2025-06-13 21:10:22,5
https://www.foxtons.co.uk/properties-for-sale/w1k/myfr0047475,https://www.foxtons.co.uk/flats-for-sale/london?page=1,2025-06-13 21:09:59,1
https://www.foxtons.co.uk/properties-for-sale/w1k/myfr0090614,https://www.foxtons.co.uk/flats-for-sale/london?page=5,2025-06-13 21:10:22,5
https://www.foxtons.co.uk/properties-for-sale/w1s/chpk3461101,https://www.foxtons.co.uk/flats-for-sale/london?page=7,2025-06-13 21:10:34,7
https://www.foxtons.co.uk/properties-for-sale/w1s/chpk6199076,https://www.foxtons.co.uk/flats-for-sale/london?page=4,2025-06-13 21:10:16,4
https://www.foxtons.co.uk/properties-for-sale/w1t/chpk0165373,https://www.foxtons.co.uk/flats-for-sale/london?page=11,2025-06-13 21:10:56,11
https://www.foxtons.co.uk/properties-for-sale/w1t/chpk3371561,https://www.foxtons.co.uk/flats-for-sale/london?page=20,2025-06-13 21:11:45,20
https://www.foxtons.co.uk/properties-for-sale/w1t/chpk3371582,https://www.foxtons.co.uk/flats-for-sale/london?page=3,2025-06-13 21:10:10,3
https://www.foxtons.co.uk/properties-for-sale/w1t/chpk3417755,https://www.foxtons.co.uk/flats-for-sale/london?page=15,2025-06-13 21:11:17,15
https://www.foxtons.co.uk/properties-for-sale/w1t/chpk4342306,https://www.foxtons.co.uk/flats-for-sale/london?page=3,2025-06-13 21:10:10,3
https://www.foxtons.co.uk/properties-for-sale/w1t/chpk4342325,https://www.foxtons.co.uk/flats-for-sale/london?page=1,2025-06-13 21:09:59,1
https://www.foxtons.co.uk/properties-for-sale/w1t/nwhm3577144,https://www.foxtons.co.uk/flats-for-sale/london?page=8,2025-06-13 21:10:39,8
https://www.foxtons.co.uk/properties-for-sale/w1u/chpk0035022,https://www.foxtons.co.uk/flats-for-sale/london?page=10,2025-06-13 21:10:50,10
https://www.foxtons.co.uk/properties-for-sale/w1u/chpk0035286,https://www.foxtons.co.uk/flats-for-sale/london?page=4,2025-06-13 21:10:16,4
https://www.foxtons.co.uk/properties-for-sale/w1u/chpk3371683,https://www.foxtons.co.uk/flats-for-sale/london?page=1,2025-06-13 21:09:59,1
https://www.foxtons.co.uk/properties-for-sale/w1u/chpk3371893,https://www.foxtons.co.uk/flats-for-sale/london?page=31,2025-06-13 21:12:46,31
https://www.foxtons.co.uk/properties-for-sale/w1u/chpk3385210,https://www.foxtons.co.uk/houses-for-sale/london?page=1,2025-06-13 21:05:14,1
https://www.foxtons.co.uk/properties-for-sale/w1u/chpk3415688,https://www.foxtons.co.uk/flats-for-sale/london?page=4,2025-06-13 21:10:16,4
https://www.foxtons.co.uk/properties-for-sale/w1u/chpk3441262,https://www.foxtons.co.uk/flats-for-sale/london?page=2,2025-06-13 21:10:05,2
https://www.foxtons.co.uk/properties-for-sale/w1u/chpk3441471,https://www.foxtons.co.uk/flats-for-sale/london?page=13,2025-06-13 21:11:07,13
https://www.foxtons.co.uk/properties-for-sale/w1u/chpk3458232,https://www.foxtons.co.uk/flats-for-sale/london?page=10,2025-06-13 21:10:50,10
https://www.foxtons.co.uk/properties-for-sale/w1u/chpk3653358,https://www.foxtons.co.uk/flats-for-sale/london?page=1,2025-06-13 21:09:59,1
https://www.foxtons.co.uk/properties-for-sale/w1u/chpk3659263,https://www.foxtons.co.uk/flats-for-sale/london?page=7,2025-06-13 21:10:34,7
https://www.foxtons.co.uk/properties-for-sale/w1u/chpk3669894,https://www.foxtons.co.uk/flats-for-sale/london?page=3,2025-06-13 21:10:10,3
https://www.foxtons.co.uk/properties-for-sale/w1u/chpk4345700,https://www.foxtons.co.uk/flats-for-sale/london?page=17,2025-06-13 21:11:29,17
https://www.foxtons.co.uk/properties-for-sale/w1u/myfr0094343,https://www.foxtons.co.uk/flats-for-sale/london?page=5,2025-06-13 21:10:22,5
https://www.foxtons.co.uk/properties-for-sale/w1u/myfr0195496,https://www.foxtons.co.uk/flats-for-sale/london?page=10,2025-06-13 21:10:50,10
https://www.foxtons.co.uk/properties-for-sale/w1u/nwca4657515,https://www.foxtons.co.uk/flats-for-sale/london?page=1,2025-06-13 21:09:59,1
https://www.foxtons.co.uk/properties-for-sale/w1u/nwca4657522,https://www.foxtons.co.uk/flats-for-sale/london?page=1,2025-06-13 21:09:59,1
https://www.foxtons.co.uk/properties-for-sale/w1u/nwca4657532,https://www.foxtons.co.uk/flats-for-sale/london?page=1,2025-06-13 21:09:59,1
https://www.foxtons.co.uk/properties-for-sale/w1u/nwca5266982,https://www.foxtons.co.uk/houses-for-sale/london?page=1,2025-06-13 21:05:14,1
https://www.foxtons.co.uk/properties-for-sale/w1u/ptny5244229,https://www.foxtons.co.uk/flats-for-sale/london?page=10,2025-06-13 21:10:50,10
https://www.foxtons.co.uk/properties-for-sale/w1w/chpk0134868,https://www.foxtons.co.uk/flats-for-sale/london?page=6,2025-06-13 21:10:28,6
https://www.foxtons.co.uk/properties-for-sale/w1w/chpk3385766,https://www.foxtons.co.uk/flats-for-sale/london?page=1,2025-06-13 21:09:59,1
https://www.foxtons.co.uk/properties-for-sale/w1w/chpk3424525,https://www.foxtons.co.uk/flats-for-sale/london?page=11,2025-06-13 21:10:56,11
https://www.foxtons.co.uk/properties-for-sale/w1w/chpk3449240,https://www.foxtons.co.uk/flats-for-sale/london?page=29,2025-06-13 21:12:35,29
https://www.foxtons.co.uk/properties-for-sale/w1w/chpk3451925,https://www.foxtons.co.uk/flats-for-sale/london?page=37,2025-06-13 21:13:20,37
https://www.foxtons.co.uk/properties-for-sale/w1w/nwca4924798,https://www.foxtons.co.uk/flats-for-sale/london?page=2,2025-06-13 21:10:05,2
https://www.foxtons.co.uk/properties-for-sale/w1w/nwca4924799,https://www.foxtons.co.uk/flats-for-sale/london?page=1,2025-06-13 21:09:59,1
https://www.foxtons.co.uk/properties-for-sale/w2/chpk0010374,https://www.foxtons.co.uk/flats-for-sale/london?page=18,2025-06-13 21:11:34,18
https://www.foxtons.co.uk/properties-for-sale/w2/chpk0034265,https://www.foxtons.co.uk/flats-for-sale/london?page=2,2025-06-13 21:10:05,2
https://www.foxtons.co.uk/properties-for-sale/w2/chpk0035264,https://www.foxtons.co.uk/flats-for-sale/london?page=4,2025-06-13 21:10:16,4
https://www.foxtons.co.uk/properties-for-sale/w2/chpk0040570,https://www.foxtons.co.uk/flats-for-sale/london?page=11,2025-06-13 21:10:56,11
https://www.foxtons.co.uk/properties-for-sale/w2/chpk0046848,https://www.foxtons.co.uk/flats-for-sale/london?page=2,2025-06-13 21:10:05,2
https://www.foxtons.co.uk/properties-for-sale/w2/chpk0055063,https://www.foxtons.co.uk/flats-for-sale/london?page=21,2025-06-13 21:11:50,21
https://www.foxtons.co.uk/properties-for-sale/w2/chpk0087242,https://www.foxtons.co.uk/flats-for-sale/london?page=3,2025-06-13 21:10:10,3
https://www.foxtons.co.uk/properties-for-sale/w2/chpk0111959,https://www.foxtons.co.uk/flats-for-sale/london?page=10,2025-06-13 21:10:50,10
https://www.foxtons.co.uk/properties-for-sale/w2/chpk0113679,https://www.foxtons.co.uk/flats-for-sale/london?page=12,2025-06-13 21:11:01,12
https://www.foxtons.co.uk/properties-for-sale/w2/chpk0114114,https://www.foxtons.co.uk/flats-for-sale/london?page=35,2025-06-13 21:13:07,35
https://www.foxtons.co.uk/properties-for-sale/w2/chpk0115570,https://www.foxtons.co.uk/flats-for-sale/london?page=44,2025-06-13 21:13:59,44
https://www.foxtons.co.uk/properties-for-sale/w2/chpk0122805,https://www.foxtons.co.uk/flats-for-sale/london?page=27,2025-06-13 21:12:24,27
https://www.foxtons.co.uk/properties-for-sale/w2/chpk0126293,https://www.foxtons.co.uk/flats-for-sale/london?page=1,2025-06-13 21:09:59,1
https://www.foxtons.co.uk/properties-for-sale/w2/chpk0127151,https://www.foxtons.co.uk/flats-for-sale/london?page=35,2025-06-13 21:13:07,35
https://www.foxtons.co.uk/properties-for-sale/w2/chpk0130570,https://www.foxtons.co.uk/flats-for-sale/london?page=3,2025-06-13 21:10:10,3
https://www.foxtons.co.uk/properties-for-sale/w2/chpk0136875,https://www.foxtons.co.uk/flats-for-sale/london?page=7,2025-06-13 21:10:34,7
https://www.foxtons.co.uk/properties-for-sale/w2/chpk0144621,https://www.foxtons.co.uk/flats-for-sale/london?page=3,2025-06-13 21:10:10,3
https://www.foxtons.co.uk/properties-for-sale/w2/chpk0145890,https://www.foxtons.co.uk/flats-for-sale/london?page=8,2025-06-13 21:10:39,8
https://www.foxtons.co.uk/properties-for-sale/w2/chpk0152835,https://www.foxtons.co.uk/flats-for-sale/london?page=3,2025-06-13 21:10:10,3
https://www.foxtons.co.uk/properties-for-sale/w2/chpk0206595,https://www.foxtons.co.uk/flats-for-sale/london?page=6,2025-06-13 21:10:28,6
https://www.foxtons.co.uk/properties-for-sale/w2/chpk0221797,https://www.foxtons.co.uk/flats-for-sale/london?page=25,2025-06-13 21:12:13,25
https://www.foxtons.co.uk/properties-for-sale/w2/chpk0233984,https://www.foxtons.co.uk/flats-for-sale/london?page=39,2025-06-13 21:13:32,39
https://www.foxtons.co.uk/properties-for-sale/w2/chpk0237561,https://www.foxtons.co.uk/flats-for-sale/london?page=35,2025-06-13 21:13:07,35
https://www.foxtons.co.uk/properties-for-sale/w2/chpk0239176,https://www.foxtons.co.uk/flats-for-sale/london?page=3,2025-06-13 21:10:10,3
https://www.foxtons.co.uk/properties-for-sale/w2/chpk0247137,https://www.foxtons.co.uk/flats-for-sale/london?page=17,2025-06-13 21:11:29,17
https://www.foxtons.co.uk/properties-for-sale/w2/chpk0268126,https://www.foxtons.co.uk/flats-for-sale/london?page=11,2025-06-13 21:10:56,11
https://www.foxtons.co.uk/properties-for-sale/w2/chpk0274973,https://www.foxtons.co.uk/flats-for-sale/london?page=25,2025-06-13 21:12:13,25
https://www.foxtons.co.uk/properties-for-sale/w2/chpk0275509,https://www.foxtons.co.uk/flats-for-sale/london?page=27,2025-06-13 21:12:24,27
https://www.foxtons.co.uk/properties-for-sale/w2/chpk0280973,https://www.foxtons.co.uk/flats-for-sale/london?page=14,2025-06-13 21:11:12,14
https://www.foxtons.co.uk/properties-for-sale/w2/chpk0288363,https://www.foxtons.co.uk/flats-for-sale/london?page=23,2025-06-13 21:12:01,23
https://www.foxtons.co.uk/properties-for-sale/w2/chpk0306190,https://www.foxtons.co.uk/flats-for-sale/london?page=35,2025-06-13 21:13:07,35
https://www.foxtons.co.uk/properties-for-sale/w2/chpk0308244,https://www.foxtons.co.uk/flats-for-sale/london?page=13,2025-06-13 21:11:07,13
https://www.foxtons.co.uk/properties-for-sale/w2/chpk0338123,https://www.foxtons.co.uk/flats-for-sale/london?page=29,2025-06-13 21:12:35,29
https://www.foxtons.co.uk/properties-for-sale/w2/chpk0343555,https://www.foxtons.co.uk/flats-for-sale/london?page=17,2025-06-13 21:11:29,17
https://www.foxtons.co.uk/properties-for-sale/w2/chpk0352229,https://www.foxtons.co.uk/flats-for-sale/london?page=35,2025-06-13 21:13:07,35
https://www.foxtons.co.uk/properties-for-sale/w2/chpk0357136,https://www.foxtons.co.uk/flats-for-sale/london?page=9,2025-06-13 21:10:45,9
https://www.foxtons.co.uk/properties-for-sale/w2/chpk0369021,https://www.foxtons.co.uk/flats-for-sale/london?page=3,2025-06-13 21:10:10,3
https://www.foxtons.co.uk/properties-for-sale/w2/chpk2255214,https://www.foxtons.co.uk/flats-for-sale/london?page=38,2025-06-13 21:13:26,38
https://www.foxtons.co.uk/properties-for-sale/w2/chpk2255369,https://www.foxtons.co.uk/flats-for-sale/london?page=10,2025-06-13 21:10:50,10
https://www.foxtons.co.uk/properties-for-sale/w2/chpk2255390,https://www.foxtons.co.uk/flats-for-sale/london?page=8,2025-06-13 21:10:39,8
https://www.foxtons.co.uk/properties-for-sale/w2/chpk2257930,https://www.foxtons.co.uk/flats-for-sale/london?page=17,2025-06-13 21:11:29,17
https://www.foxtons.co.uk/properties-for-sale/w2/chpk2258543,https://www.foxtons.co.uk/flats-for-sale/london?page=25,2025-06-13 21:12:13,25
https://www.foxtons.co.uk/properties-for-sale/w2/chpk2258666,https://www.foxtons.co.uk/flats-for-sale/london?page=17,2025-06-13 21:11:29,17
https://www.foxtons.co.uk/properties-for-sale/w2/chpk2259192,https://www.foxtons.co.uk/flats-for-sale/london?page=33,2025-06-13 21:12:57,33
https://www.foxtons.co.uk/properties-for-sale/w2/chpk2261150,https://www.foxtons.co.uk/flats-for-sale/london?page=21,2025-06-13 21:11:50,21
https://www.foxtons.co.uk/properties-for-sale/w2/chpk2261197,https://www.foxtons.co.uk/flats-for-sale/london?page=32,2025-06-13 21:12:51,32
https://www.foxtons.co.uk/properties-for-sale/w2/chpk2261274,https://www.foxtons.co.uk/flats-for-sale/london?page=43,2025-06-13 21:13:54,43
https://www.foxtons.co.uk/properties-for-sale/w2/chpk2261477,https://www.foxtons.co.uk/flats-for-sale/london?page=4,2025-06-13 21:10:16,4
https://www.foxtons.co.uk/properties-for-sale/w2/chpk2261478,https://www.foxtons.co.uk/flats-for-sale/london?page=5,2025-06-13 21:10:22,5
https://www.foxtons.co.uk/properties-for-sale/w2/chpk2261923,https://www.foxtons.co.uk/flats-for-sale/london?page=1,2025-06-13 21:09:59,1
https://www.foxtons.co.uk/properties-for-sale/w2/chpk2262004,https://www.foxtons.co.uk/flats-for-sale/london?page=27,2025-06-13 21:12:24,27
https://www.foxtons.co.uk/properties-for-sale/w2/chpk2262480,https://www.foxtons.co.uk/flats-for-sale/london?page=32,2025-06-13 21:12:51,32
https://www.foxtons.co.uk/properties-for-sale/w2/chpk2263824,https://www.foxtons.co.uk/flats-for-sale/london?page=6,2025-06-13 21:10:28,6
https://www.foxtons.co.uk/properties-for-sale/w2/chpk2264791,https://www.foxtons.co.uk/flats-for-sale/london?page=23,2025-06-13 21:12:01,23
https://www.foxtons.co.uk/properties-for-sale/w2/chpk2265050,https://www.foxtons.co.uk/flats-for-sale/london?page=32,2025-06-13 21:12:51,32
https://www.foxtons.co.uk/properties-for-sale/w2/chpk2265259,https://www.foxtons.co.uk/flats-for-sale/london?page=13,2025-06-13 21:11:07,13
https://www.foxtons.co.uk/properties-for-sale/w2/chpk2265769,https://www.foxtons.co.uk/flats-for-sale/london?page=14,2025-06-13 21:11:12,14
https://www.foxtons.co.uk/properties-for-sale/w2/chpk2265904,https://www.foxtons.co.uk/flats-for-sale/london?page=44,2025-06-13 21:13:59,44
https://www.foxtons.co.uk/properties-for-sale/w2/chpk2265926,https://www.foxtons.co.uk/flats-for-sale/london?page=32,2025-06-13 21:12:51,32
https://www.foxtons.co.uk/properties-for-sale/w2/chpk2265980,https://www.foxtons.co.uk/flats-for-sale/london?page=34,2025-06-13 21:13:02,34
https://www.foxtons.co.uk/properties-for-sale/w2/chpk2266090,https://www.foxtons.co.uk/flats-for-sale/london?page=14,2025-06-13 21:11:12,14
https://www.foxtons.co.uk/properties-for-sale/w2/chpk2267138,https://www.foxtons.co.uk/flats-for-sale/london?page=3,2025-06-13 21:10:10,3
https://www.foxtons.co.uk/properties-for-sale/w2/chpk2267449,https://www.foxtons.co.uk/flats-for-sale/london?page=7,2025-06-13 21:10:34,7
https://www.foxtons.co.uk/properties-for-sale/w2/chpk2267489,https://www.foxtons.co.uk/flats-for-sale/london?page=52,2025-06-13 21:17:29,52
https://www.foxtons.co.uk/properties-for-sale/w2/chpk2267759,https://www.foxtons.co.uk/flats-for-sale/london?page=26,2025-06-13 21:12:18,26
https://www.foxtons.co.uk/properties-for-sale/w2/chpk2267968,https://www.foxtons.co.uk/flats-for-sale/london?page=32,2025-06-13 21:12:51,32
https://www.foxtons.co.uk/properties-for-sale/w2/chpk2269003,https://www.foxtons.co.uk/flats-for-sale/london?page=16,2025-06-13 21:11:23,16
https://www.foxtons.co.uk/properties-for-sale/w2/chpk2269061,https://www.foxtons.co.uk/flats-for-sale/london?page=15,2025-06-13 21:11:17,15
https://www.foxtons.co.uk/properties-for-sale/w2/chpk2269719,https://www.foxtons.co.uk/flats-for-sale/london?page=32,2025-06-13 21:12:51,32
https://www.foxtons.co.uk/properties-for-sale/w2/chpk2269774,https://www.foxtons.co.uk/flats-for-sale/london?page=37,2025-06-13 21:13:20,37
https://www.foxtons.co.uk/properties-for-sale/w2/chpk2269800,https://www.foxtons.co.uk/flats-for-sale/london?page=43,2025-06-13 21:13:54,43
https://www.foxtons.co.uk/properties-for-sale/w2/chpk2269882,https://www.foxtons.co.uk/flats-for-sale/london?page=27,2025-06-13 21:12:24,27
https://www.foxtons.co.uk/properties-for-sale/w2/chpk2269982,https://www.foxtons.co.uk/flats-for-sale/london?page=10,2025-06-13 21:10:50,10
https://www.foxtons.co.uk/properties-for-sale/w2/chpk2270324,https://www.foxtons.co.uk/flats-for-sale/london?page=21,2025-06-13 21:11:50,21
https://www.foxtons.co.uk/properties-for-sale/w2/chpk2271555,https://www.foxtons.co.uk/flats-for-sale/london?page=37,2025-06-13 21:13:20,37
https://www.foxtons.co.uk/properties-for-sale/w2/chpk2271984,https://www.foxtons.co.uk/flats-for-sale/london?page=6,2025-06-13 21:10:28,6
https://www.foxtons.co.uk/properties-for-sale/w2/chpk2272062,https://www.foxtons.co.uk/flats-for-sale/london?page=9,2025-06-13 21:10:45,9
https://www.foxtons.co.uk/properties-for-sale/w2/chpk2272088,https://www.foxtons.co.uk/flats-for-sale/london?page=16,2025-06-13 21:11:23,16
https://www.foxtons.co.uk/properties-for-sale/w2/chpk2272258,https://www.foxtons.co.uk/flats-for-sale/london?page=52,2025-06-13 21:17:29,52
https://www.foxtons.co.uk/properties-for-sale/w2/chpk2273741,https://www.foxtons.co.uk/flats-for-sale/london?page=19,2025-06-13 21:11:39,19
https://www.foxtons.co.uk/properties-for-sale/w2/chpk2274544,https://www.foxtons.co.uk/flats-for-sale/london?page=21,2025-06-13 21:11:50,21
https://www.foxtons.co.uk/properties-for-sale/w2/chpk2275011,https://www.foxtons.co.uk/flats-for-sale/london?page=6,2025-06-13 21:10:28,6
https://www.foxtons.co.uk/properties-for-sale/w2/chpk2275069,https://www.foxtons.co.uk/flats-for-sale/london?page=2,2025-06-13 21:10:05,2
https://www.foxtons.co.uk/properties-for-sale/w2/chpk2275364,https://www.foxtons.co.uk/flats-for-sale/london?page=16,2025-06-13 21:11:23,16
https://www.foxtons.co.uk/properties-for-sale/w2/chpk2275406,https://www.foxtons.co.uk/flats-for-sale/london?page=26,2025-06-13 21:12:18,26
https://www.foxtons.co.uk/properties-for-sale/w2/chpk2275420,https://www.foxtons.co.uk/flats-for-sale/london?page=23,2025-06-13 21:12:01,23
https://www.foxtons.co.uk/properties-for-sale/w2/chpk2276801,https://www.foxtons.co.uk/flats-for-sale/london?page=23,2025-06-13 21:12:01,23
https://www.foxtons.co.uk/properties-for-sale/w2/chpk2276829,https://www.foxtons.co.uk/flats-for-sale/london?page=23,2025-06-13 21:12:01,23
https://www.foxtons.co.uk/properties-for-sale/w2/chpk2278234,https://www.foxtons.co.uk/flats-for-sale/london?page=2,2025-06-13 21:10:05,2
https://www.foxtons.co.uk/properties-for-sale/w2/chpk2280013,https://www.foxtons.co.uk/flats-for-sale/london?page=26,2025-06-13 21:12:18,26
https://www.foxtons.co.uk/properties-for-sale/w2/chpk2280044,https://www.foxtons.co.uk/flats-for-sale/london?page=25,2025-06-13 21:12:13,25
https://www.foxtons.co.uk/properties-for-sale/w2/chpk2280369,https://www.foxtons.co.uk/flats-for-sale/london?page=37,2025-06-13 21:13:20,37
https://www.foxtons.co.uk/properties-for-sale/w2/chpk2281512,https://www.foxtons.co.uk/flats-for-sale/london?page=11,2025-06-13 21:10:56,11
https://www.foxtons.co.uk/properties-for-sale/w2/chpk2283387,https://www.foxtons.co.uk/flats-for-sale/london?page=6,2025-06-13 21:10:28,6
https://www.foxtons.co.uk/properties-for-sale/w2/chpk2284715,https://www.foxtons.co.uk/flats-for-sale/london?page=12,2025-06-13 21:11:01,12
https://www.foxtons.co.uk/properties-for-sale/w2/chpk2285869,https://www.foxtons.co.uk/flats-for-sale/london?page=14,2025-06-13 21:11:12,14
https://www.foxtons.co.uk/properties-for-sale/w2/chpk2285873,https://www.foxtons.co.uk/flats-for-sale/london?page=37,2025-06-13 21:13:20,37
https://www.foxtons.co.uk/properties-for-sale/w2/chpk2285895,https://www.foxtons.co.uk/flats-for-sale/london?page=21,2025-06-13 21:11:50,21
https://www.foxtons.co.uk/properties-for-sale/w2/chpk2285904,https://www.foxtons.co.uk/flats-for-sale/london?page=25,2025-06-13 21:12:13,25
https://www.foxtons.co.uk/properties-for-sale/w2/chpk2285983,https://www.foxtons.co.uk/flats-for-sale/london?page=16,2025-06-13 21:11:23,16
https://www.foxtons.co.uk/properties-for-sale/w2/chpk2285985,https://www.foxtons.co.uk/flats-for-sale/london?page=10,2025-06-13 21:10:50,10
https://www.foxtons.co.uk/properties-for-sale/w2/chpk2290212,https://www.foxtons.co.uk/flats-for-sale/london?page=29,2025-06-13 21:12:35,29
https://www.foxtons.co.uk/properties-for-sale/w2/chpk2290459,https://www.foxtons.co.uk/flats-for-sale/london?page=31,2025-06-13 21:12:46,31
https://www.foxtons.co.uk/properties-for-sale/w2/chpk2293836,https://www.foxtons.co.uk/flats-for-sale/london?page=20,2025-06-13 21:11:45,20
https://www.foxtons.co.uk/properties-for-sale/w2/chpk3377204,https://www.foxtons.co.uk/flats-for-sale/london?page=7,2025-06-13 21:10:34,7
https://www.foxtons.co.uk/properties-for-sale/w2/chpk3389124,https://www.foxtons.co.uk/flats-for-sale/london?page=24,2025-06-13 21:12:07,24
https://www.foxtons.co.uk/properties-for-sale/w2/chpk3395029,https://www.foxtons.co.uk/flats-for-sale/london?page=8,2025-06-13 21:10:39,8
https://www.foxtons.co.uk/properties-for-sale/w2/chpk3399137,https://www.foxtons.co.uk/flats-for-sale/london?page=6,2025-06-13 21:10:28,6
https://www.foxtons.co.uk/properties-for-sale/w2/chpk3635851,https://www.foxtons.co.uk/flats-for-sale/london?page=4,2025-06-13 21:10:16,4
https://www.foxtons.co.uk/properties-for-sale/w2/chpk3639609,https://www.foxtons.co.uk/flats-for-sale/london?page=6,2025-06-13 21:10:28,6
https://www.foxtons.co.uk/properties-for-sale/w2/chpk3655624,https://www.foxtons.co.uk/flats-for-sale/london?page=52,2025-06-13 21:17:29,52
https://www.foxtons.co.uk/properties-for-sale/w2/chpk3664421,https://www.foxtons.co.uk/flats-for-sale/london?page=6,2025-06-13 21:10:28,6
https://www.foxtons.co.uk/properties-for-sale/w2/chpk3681749,https://www.foxtons.co.uk/flats-for-sale/london?page=16,2025-06-13 21:11:23,16
https://www.foxtons.co.uk/properties-for-sale/w2/chpk3835657,https://www.foxtons.co.uk/flats-for-sale/london?page=1,2025-06-13 21:09:59,1
https://www.foxtons.co.uk/properties-for-sale/w2/chpk3848475,https://www.foxtons.co.uk/flats-for-sale/london?page=26,2025-06-13 21:12:18,26
https://www.foxtons.co.uk/properties-for-sale/w2/chpk3848624,https://www.foxtons.co.uk/flats-for-sale/london?page=1,2025-06-13 21:09:59,1
https://www.foxtons.co.uk/properties-for-sale/w2/chpk3880244,https://www.foxtons.co.uk/flats-for-sale/london?page=20,2025-06-13 21:11:45,20
https://www.foxtons.co.uk/properties-for-sale/w2/chpk4023798,https://www.foxtons.co.uk/flats-for-sale/london?page=28,2025-06-13 21:12:29,28
https://www.foxtons.co.uk/properties-for-sale/w2/chpk4063336,https://www.foxtons.co.uk/flats-for-sale/london?page=4,2025-06-13 21:10:16,4
https://www.foxtons.co.uk/properties-for-sale/w2/chpk4087479,https://www.foxtons.co.uk/flats-for-sale/london?page=4,2025-06-13 21:10:16,4
https://www.foxtons.co.uk/properties-for-sale/w2/chpk4147318,https://www.foxtons.co.uk/houses-for-sale/london?page=1,2025-06-13 21:05:14,1
https://www.foxtons.co.uk/properties-for-sale/w2/chpk4337877,https://www.foxtons.co.uk/houses-for-sale/london?page=1,2025-06-13 21:05:14,1
https://www.foxtons.co.uk/properties-for-sale/w2/chpk4413015,https://www.foxtons.co.uk/flats-for-sale/london?page=25,2025-06-13 21:12:13,25
https://www.foxtons.co.uk/properties-for-sale/w2/chpk4581247,https://www.foxtons.co.uk/flats-for-sale/london?page=22,2025-06-13 21:11:56,22
https://www.foxtons.co.uk/properties-for-sale/w2/chpk4616386,https://www.foxtons.co.uk/flats-for-sale/london?page=52,2025-06-13 21:17:29,52
https://www.foxtons.co.uk/properties-for-sale/w2/chpk4939610,https://www.foxtons.co.uk/flats-for-sale/london?page=4,2025-06-13 21:10:16,4
https://www.foxtons.co.uk/properties-for-sale/w2/chpk4939611,https://www.foxtons.co.uk/flats-for-sale/london?page=4,2025-06-13 21:10:16,4
https://www.foxtons.co.uk/properties-for-sale/w2/chpk4939612,https://www.foxtons.co.uk/flats-for-sale/london?page=5,2025-06-13 21:10:22,5
https://www.foxtons.co.uk/properties-for-sale/w2/chpk5068183,https://www.foxtons.co.uk/flats-for-sale/london?page=10,2025-06-13 21:10:50,10
https://www.foxtons.co.uk/properties-for-sale/w2/chpk5069153,https://www.foxtons.co.uk/flats-for-sale/london?page=3,2025-06-13 21:10:10,3
https://www.foxtons.co.uk/properties-for-sale/w2/chpk5184173,https://www.foxtons.co.uk/flats-for-sale/london?page=7,2025-06-13 21:10:34,7
https://www.foxtons.co.uk/properties-for-sale/w2/chpk5251851,https://www.foxtons.co.uk/flats-for-sale/london?page=6,2025-06-13 21:10:28,6
https://www.foxtons.co.uk/properties-for-sale/w2/chpk5265631,https://www.foxtons.co.uk/flats-for-sale/london?page=1,2025-06-13 21:09:59,1
https://www.foxtons.co.uk/properties-for-sale/w2/myfr0074574,https://www.foxtons.co.uk/flats-for-sale/london?page=13,2025-06-13 21:11:07,13
https://www.foxtons.co.uk/properties-for-sale/w2/myfr0199225,https://www.foxtons.co.uk/houses-for-sale/london?page=1,2025-06-13 21:05:14,1
https://www.foxtons.co.uk/properties-for-sale/w2/myfr0212400,https://www.foxtons.co.uk/flats-for-sale/london?page=6,2025-06-13 21:10:28,6
https://www.foxtons.co.uk/properties-for-sale/w2/myfr0214414,https://www.foxtons.co.uk/flats-for-sale/london?page=13,2025-06-13 21:11:07,13
https://www.foxtons.co.uk/properties-for-sale/w2/nhgt0057595,https://www.foxtons.co.uk/flats-for-sale/london?page=5,2025-06-13 21:10:22,5
https://www.foxtons.co.uk/properties-for-sale/w2/nhgt0067990,https://www.foxtons.co.uk/flats-for-sale/london?page=10,2025-06-13 21:10:50,10
https://www.foxtons.co.uk/properties-for-sale/w2/nhgt0072851,https://www.foxtons.co.uk/flats-for-sale/london?page=4,2025-06-13 21:10:16,4
https://www.foxtons.co.uk/properties-for-sale/w2/nhgt0077252,https://www.foxtons.co.uk/flats-for-sale/london?page=3,2025-06-13 21:10:10,3
https://www.foxtons.co.uk/properties-for-sale/w2/nhgt0082213,https://www.foxtons.co.uk/flats-for-sale/london?page=9,2025-06-13 21:10:45,9
https://www.foxtons.co.uk/properties-for-sale/w2/nhgt0084926,https://www.foxtons.co.uk/flats-for-sale/london?page=4,2025-06-13 21:10:16,4
https://www.foxtons.co.uk/properties-for-sale/w2/nhgt0086808,https://www.foxtons.co.uk/flats-for-sale/london?page=12,2025-06-13 21:11:01,12
https://www.foxtons.co.uk/properties-for-sale/w2/nhgt0088236,https://www.foxtons.co.uk/flats-for-sale/london?page=6,2025-06-13 21:10:28,6
https://www.foxtons.co.uk/properties-for-sale/w2/nhgt0096507,https://www.foxtons.co.uk/houses-for-sale/london?page=1,2025-06-13 21:05:14,1
https://www.foxtons.co.uk/properties-for-sale/w2/nhgt0134293,https://www.foxtons.co.uk/flats-for-sale/london?page=8,2025-06-13 21:10:39,8
https://www.foxtons.co.uk/properties-for-sale/w2/nhgt0136230,https://www.foxtons.co.uk/flats-for-sale/london?page=15,2025-06-13 21:11:17,15
https://www.foxtons.co.uk/properties-for-sale/w2/nhgt0166832,https://www.foxtons.co.uk/flats-for-sale/london?page=4,2025-06-13 21:10:16,4
https://www.foxtons.co.uk/properties-for-sale/w2/nwca4929915,https://www.foxtons.co.uk/flats-for-sale/london?page=14,2025-06-13 21:11:12,14
https://www.foxtons.co.uk/properties-for-sale/w2/nwca5268459,https://www.foxtons.co.uk/flats-for-sale/london?page=5,2025-06-13 21:10:22,5
https://www.foxtons.co.uk/properties-for-sale/w2/nwca5268471,https://www.foxtons.co.uk/flats-for-sale/london?page=2,2025-06-13 21:10:05,2
https://www.foxtons.co.uk/properties-for-sale/w2/ptny5250215,https://www.foxtons.co.uk/houses-for-sale/london?page=1,2025-06-13 21:05:14,1
https://www.foxtons.co.uk/properties-for-sale/w2/sjwd0069735,https://www.foxtons.co.uk/flats-for-sale/london?page=13,2025-06-13 21:11:07,13
https://www.foxtons.co.uk/properties-for-sale/w2/sjwd0183756,https://www.foxtons.co.uk/flats-for-sale/london?page=18,2025-06-13 21:11:34,18
https://www.foxtons.co.uk/properties-for-sale/w3/chpk0165446,https://www.foxtons.co.uk/flats-for-sale/london?page=38,2025-06-13 21:13:26,38
https://www.foxtons.co.uk/properties-for-sale/w3/chpk0292420,https://www.foxtons.co.uk/flats-for-sale/london?page=38,2025-06-13 21:13:26,38
https://www.foxtons.co.uk/properties-for-sale/w3/chpk0319764,https://www.foxtons.co.uk/flats-for-sale/london?page=41,2025-06-13 21:13:43,41
https://www.foxtons.co.uk/properties-for-sale/w3/chpk0324002,https://www.foxtons.co.uk/flats-for-sale/london?page=29,2025-06-13 21:12:35,29
https://www.foxtons.co.uk/properties-for-sale/w3/chpk0333499,https://www.foxtons.co.uk/houses-for-sale/london?page=9,2025-06-13 21:07:22,9
https://www.foxtons.co.uk/properties-for-sale/w3/chpk0341860,https://www.foxtons.co.uk/flats-for-sale/london?page=38,2025-06-13 21:13:26,38
https://www.foxtons.co.uk/properties-for-sale/w3/chpk0365385,https://www.foxtons.co.uk/flats-for-sale/london?page=47,2025-06-13 21:14:29,47
https://www.foxtons.co.uk/properties-for-sale/w3/chpk2241855,https://www.foxtons.co.uk/flats-for-sale/london?page=37,2025-06-13 21:13:20,37
https://www.foxtons.co.uk/properties-for-sale/w3/chpk2242378,https://www.foxtons.co.uk/houses-for-sale/london?page=2,2025-06-13 21:05:20,2
https://www.foxtons.co.uk/properties-for-sale/w3/chpk2242417,https://www.foxtons.co.uk/properties-for-sale/london?page=8,2025-06-13 21:18:39,8
https://www.foxtons.co.uk/properties-for-sale/w3/chpk2243203,https://www.foxtons.co.uk/flats-for-sale/london?page=40,2025-06-13 21:13:37,40
https://www.foxtons.co.uk/properties-for-sale/w3/chpk2243307,https://www.foxtons.co.uk/properties-for-sale/ealing?page=1,2025-06-13 23:03:45,1
https://www.foxtons.co.uk/properties-for-sale/w3/chpk2245362,https://www.foxtons.co.uk/houses-for-sale/london?page=2,2025-06-13 21:05:20,2
https://www.foxtons.co.uk/properties-for-sale/w3/chpk2246359,https://www.foxtons.co.uk/flats-for-sale/london?page=43,2025-06-13 21:13:54,43
https://www.foxtons.co.uk/properties-for-sale/w3/chpk2246886,https://www.foxtons.co.uk/flats-for-sale/london?page=21,2025-06-13 21:11:50,21
https://www.foxtons.co.uk/properties-for-sale/w3/chpk2250983,https://www.foxtons.co.uk/flats-for-sale/london?page=15,2025-06-13 21:11:17,15
https://www.foxtons.co.uk/properties-for-sale/w3/chpk2251070,https://www.foxtons.co.uk/flats-for-sale/london?page=45,2025-06-13 21:14:05,45
https://www.foxtons.co.uk/properties-for-sale/w3/chpk2251091,https://www.foxtons.co.uk/flats-for-sale/london?page=46,2025-06-13 21:14:10,46
https://www.foxtons.co.uk/properties-for-sale/w3/chpk2252456,https://www.foxtons.co.uk/houses-for-sale/london?page=5,2025-06-13 21:06:19,5
https://www.foxtons.co.uk/properties-for-sale/w3/chpk2253973,https://www.foxtons.co.uk/houses-for-sale/london?page=7,2025-06-13 21:06:42,7
https://www.foxtons.co.uk/properties-for-sale/w3/chpk2254011,https://www.foxtons.co.uk/houses-for-sale/london?page=3,2025-06-13 21:05:38,3
https://www.foxtons.co.uk/properties-for-sale/w3/chpk2255459,https://www.foxtons.co.uk/flats-for-sale/london?page=43,2025-06-13 21:13:54,43
https://www.foxtons.co.uk/properties-for-sale/w3/chpk2256677,https://www.foxtons.co.uk/houses-for-sale/london?page=2,2025-06-13 21:05:20,2
https://www.foxtons.co.uk/properties-for-sale/w3/chpk2257451,https://www.foxtons.co.uk/flats-for-sale/london?page=36,2025-06-13 21:13:15,36
https://www.foxtons.co.uk/properties-for-sale/w3/chpk2258999,https://www.foxtons.co.uk/flats-for-sale/london?page=23,2025-06-13 21:12:01,23
https://www.foxtons.co.uk/properties-for-sale/w3/chpk2259813,https://www.foxtons.co.uk/flats-for-sale/london?page=48,2025-06-13 21:14:37,48
https://www.foxtons.co.uk/properties-for-sale/w3/chpk2260035,https://www.foxtons.co.uk/flats-for-sale/london?page=47,2025-06-13 21:14:29,47
https://www.foxtons.co.uk/properties-for-sale/w3/chpk2260293,https://www.foxtons.co.uk/flats-for-sale/london?page=35,2025-06-13 21:13:07,35
https://www.foxtons.co.uk/properties-for-sale/w3/chpk2260833,https://www.foxtons.co.uk/flats-for-sale/london?page=47,2025-06-13 21:14:29,47
https://www.foxtons.co.uk/properties-for-sale/w3/chpk2261011,https://www.foxtons.co.uk/flats-for-sale/london?page=32,2025-06-13 21:12:51,32
https://www.foxtons.co.uk/properties-for-sale/w3/chpk2262943,https://www.foxtons.co.uk/properties-for-sale/london?page=21,2025-06-13 21:20:15,21
https://www.foxtons.co.uk/properties-for-sale/w3/chpk2264453,https://www.foxtons.co.uk/houses-for-sale/london?page=7,2025-06-13 21:06:42,7
https://www.foxtons.co.uk/properties-for-sale/w3/chpk2266240,https://www.foxtons.co.uk/flats-for-sale/london?page=46,2025-06-13 21:14:10,46
https://www.foxtons.co.uk/properties-for-sale/w3/chpk2266295,https://www.foxtons.co.uk/flats-for-sale/london?page=52,2025-06-13 21:17:29,52
https://www.foxtons.co.uk/properties-for-sale/w3/chpk2268587,https://www.foxtons.co.uk/houses-for-sale/london?page=3,2025-06-13 21:05:38,3
https://www.foxtons.co.uk/properties-for-sale/w3/chpk2269315,https://www.foxtons.co.uk/houses-for-sale/london?page=6,2025-06-13 21:06:25,6
https://www.foxtons.co.uk/properties-for-sale/w3/chpk2272502,https://www.foxtons.co.uk/flats-for-sale/london?page=31,2025-06-13 21:12:46,31
https://www.foxtons.co.uk/properties-for-sale/w3/chpk2272746,https://www.foxtons.co.uk/houses-for-sale/london?page=5,2025-06-13 21:06:19,5
https://www.foxtons.co.uk/properties-for-sale/w3/chpk2276040,https://www.foxtons.co.uk/properties-for-sale/london?page=8,2025-06-13 21:18:39,8
https://www.foxtons.co.uk/properties-for-sale/w3/chpk2276216,https://www.foxtons.co.uk/properties-for-sale/london?page=9,2025-06-13 21:18:45,9
https://www.foxtons.co.uk/properties-for-sale/w3/chpk2280565,https://www.foxtons.co.uk/flats-for-sale/london?page=48,2025-06-13 21:14:37,48
https://www.foxtons.co.uk/properties-for-sale/w3/chpk2280588,https://www.foxtons.co.uk/flats-for-sale/london?page=48,2025-06-13 21:14:37,48
https://www.foxtons.co.uk/properties-for-sale/w3/chpk3408320,https://www.foxtons.co.uk/flats-for-sale/london?page=31,2025-06-13 21:12:46,31
https://www.foxtons.co.uk/properties-for-sale/w3/chpk3577245,https://www.foxtons.co.uk/flats-for-sale/london?page=46,2025-06-13 21:14:10,46
https://www.foxtons.co.uk/properties-for-sale/w3/chpk3577270,https://www.foxtons.co.uk/flats-for-sale/london?page=48,2025-06-13 21:14:37,48
https://www.foxtons.co.uk/properties-for-sale/w3/chpk3577328,https://www.foxtons.co.uk/flats-for-sale/london?page=53,2025-06-13 21:17:34,53
https://www.foxtons.co.uk/properties-for-sale/w3/chpk3634381,https://www.foxtons.co.uk/flats-for-sale/london?page=37,2025-06-13 21:13:20,37
https://www.foxtons.co.uk/properties-for-sale/w3/chpk3709313,https://www.foxtons.co.uk/flats-for-sale/london?page=48,2025-06-13 21:14:37,48
https://www.foxtons.co.uk/properties-for-sale/w3/chpk4392852,https://www.foxtons.co.uk/flats-for-sale/london?page=11,2025-06-13 21:10:56,11
https://www.foxtons.co.uk/properties-for-sale/w3/chpk4545043,https://www.foxtons.co.uk/flats-for-sale/london?page=33,2025-06-13 21:12:57,33
https://www.foxtons.co.uk/properties-for-sale/w3/chpk4546386,https://www.foxtons.co.uk/flats-for-sale/london?page=26,2025-06-13 21:12:18,26
https://www.foxtons.co.uk/properties-for-sale/w3/chpk4631327,https://www.foxtons.co.uk/flats-for-sale/london?page=24,2025-06-13 21:12:07,24
https://www.foxtons.co.uk/properties-for-sale/w3/chpk4632647,https://www.foxtons.co.uk/flats-for-sale/london?page=10,2025-06-13 21:10:50,10
https://www.foxtons.co.uk/properties-for-sale/w3/chpk4659189,https://www.foxtons.co.uk/flats-for-sale/london?page=18,2025-06-13 21:11:34,18
https://www.foxtons.co.uk/properties-for-sale/w3/chpk4969292,https://www.foxtons.co.uk/flats-for-sale/london?page=18,2025-06-13 21:11:34,18
https://www.foxtons.co.uk/properties-for-sale/w3/chpk4969324,https://www.foxtons.co.uk/flats-for-sale/london?page=11,2025-06-13 21:10:56,11
https://www.foxtons.co.uk/properties-for-sale/w3/chpk4970035,https://www.foxtons.co.uk/flats-for-sale/london?page=35,2025-06-13 21:13:07,35
https://www.foxtons.co.uk/properties-for-sale/w3/chpk4970468,https://www.foxtons.co.uk/flats-for-sale/london?page=13,2025-06-13 21:11:07,13
https://www.foxtons.co.uk/properties-for-sale/w3/chpk4971609,https://www.foxtons.co.uk/flats-for-sale/london?page=22,2025-06-13 21:11:56,22
https://www.foxtons.co.uk/properties-for-sale/w3/chpk4972166,https://www.foxtons.co.uk/flats-for-sale/london?page=23,2025-06-13 21:12:01,23
https://www.foxtons.co.uk/properties-for-sale/w3/chpk4972612,https://www.foxtons.co.uk/flats-for-sale/london?page=18,2025-06-13 21:11:34,18
https://www.foxtons.co.uk/properties-for-sale/w3/chpk5223838,https://www.foxtons.co.uk/flats-for-sale/london?page=17,2025-06-13 21:11:29,17
https://www.foxtons.co.uk/properties-for-sale/w3/chpk5269525,https://www.foxtons.co.uk/flats-for-sale/london?page=13,2025-06-13 21:11:07,13
https://www.foxtons.co.uk/properties-for-sale/w3/chpk5271400,https://www.foxtons.co.uk/flats-for-sale/london?page=47,2025-06-13 21:14:29,47
https://www.foxtons.co.uk/properties-for-sale/w3/chwk0091612,https://www.foxtons.co.uk/flats-for-sale/london?page=25,2025-06-13 21:12:13,25
https://www.foxtons.co.uk/properties-for-sale/w3/chwk0213343,https://www.foxtons.co.uk/flats-for-sale/london?page=25,2025-06-13 21:12:13,25
https://www.foxtons.co.uk/properties-for-sale/w3/ealg0039000,https://www.foxtons.co.uk/houses-for-sale/london?page=7,2025-06-13 21:06:42,7
https://www.foxtons.co.uk/properties-for-sale/w3/ealg0072047,https://www.foxtons.co.uk/flats-for-sale/london?page=33,2025-06-13 21:12:57,33
https://www.foxtons.co.uk/properties-for-sale/w3/ealg0170505,https://www.foxtons.co.uk/houses-for-sale/london?page=6,2025-06-13 21:06:25,6
https://www.foxtons.co.uk/properties-for-sale/w3/ealg0253418,https://www.foxtons.co.uk/houses-for-sale/london?page=2,2025-06-13 21:05:20,2
https://www.foxtons.co.uk/properties-for-sale/w3/isln0084248,https://www.foxtons.co.uk/flats-for-sale/london?page=32,2025-06-13 21:12:51,32
https://www.foxtons.co.uk/properties-for-sale/w3/nwca5219811,https://www.foxtons.co.uk/flats-for-sale/london?page=25,2025-06-13 21:12:13,25
https://www.foxtons.co.uk/properties-for-sale/w3/nwca5219812,https://www.foxtons.co.uk/flats-for-sale/london?page=15,2025-06-13 21:11:17,15
https://www.foxtons.co.uk/properties-for-sale/w3/nwca5261577,https://www.foxtons.co.uk/flats-for-sale/london?page=18,2025-06-13 21:11:34,18
https://www.foxtons.co.uk/properties-for-sale/w3/nwca5261578,https://www.foxtons.co.uk/flats-for-sale/london?page=14,2025-06-13 21:11:12,14
https://www.foxtons.co.uk/properties-for-sale/w3/nwca5262470,https://www.foxtons.co.uk/flats-for-sale/london?page=17,2025-06-13 21:11:29,17
https://www.foxtons.co.uk/properties-for-sale/w3/nwca6204824,https://www.foxtons.co.uk/flats-for-sale/london?page=25,2025-06-13 21:12:13,25
https://www.foxtons.co.uk/properties-for-sale/w3/nwca6204855,https://www.foxtons.co.uk/flats-for-sale/london?page=24,2025-06-13 21:12:07,24
https://www.foxtons.co.uk/properties-for-sale/w3/nwca6204858,https://www.foxtons.co.uk/flats-for-sale/london?page=9,2025-06-13 21:10:45,9
https://www.foxtons.co.uk/properties-for-sale/w3/ptny5245407,https://www.foxtons.co.uk/flats-for-sale/london?page=15,2025-06-13 21:11:17,15
https://www.foxtons.co.uk/properties-for-sale/w4/chpk0028864,https://www.foxtons.co.uk/flats-for-sale/london?page=32,2025-06-13 21:12:51,32
https://www.foxtons.co.uk/properties-for-sale/w4/chpk0052441,https://www.foxtons.co.uk/flats-for-sale/london?page=11,2025-06-13 21:10:56,11
https://www.foxtons.co.uk/properties-for-sale/w4/chpk0121019,https://www.foxtons.co.uk/houses-for-sale/london?page=1,2025-06-13 21:05:14,1
https://www.foxtons.co.uk/properties-for-sale/w4/chpk0121470,https://www.foxtons.co.uk/flats-for-sale/london?page=27,2025-06-13 21:12:24,27
https://www.foxtons.co.uk/properties-for-sale/w4/chpk0131390,https://www.foxtons.co.uk/flats-for-sale/london?page=18,2025-06-13 21:11:34,18
https://www.foxtons.co.uk/properties-for-sale/w4/chpk0154956,https://www.foxtons.co.uk/houses-for-sale/london?page=3,2025-06-13 21:05:38,3
https://www.foxtons.co.uk/properties-for-sale/w4/chpk0209565,https://www.foxtons.co.uk/flats-for-sale/london?page=46,2025-06-13 21:14:10,46
https://www.foxtons.co.uk/properties-for-sale/w4/chpk0365600,https://www.foxtons.co.uk/flats-for-sale/london?page=53,2025-06-13 21:17:34,53
https://www.foxtons.co.uk/properties-for-sale/w4/chpk2225153,https://www.foxtons.co.uk/flats-for-sale/london?page=16,2025-06-13 21:11:23,16
https://www.foxtons.co.uk/properties-for-sale/w4/chpk2227265,https://www.foxtons.co.uk/flats-for-sale/london?page=9,2025-06-13 21:10:45,9
https://www.foxtons.co.uk/properties-for-sale/w4/chpk2230878,https://www.foxtons.co.uk/houses-for-sale/london?page=3,2025-06-13 21:05:38,3
https://www.foxtons.co.uk/properties-for-sale/w4/chpk2233827,https://www.foxtons.co.uk/flats-for-sale/london?page=34,2025-06-13 21:13:02,34
https://www.foxtons.co.uk/properties-for-sale/w4/chpk2239955,https://www.foxtons.co.uk/flats-for-sale/london?page=46,2025-06-13 21:14:10,46
https://www.foxtons.co.uk/properties-for-sale/w4/chpk2245172,https://www.foxtons.co.uk/flats-for-sale/london?page=21,2025-06-13 21:11:50,21
https://www.foxtons.co.uk/properties-for-sale/w4/chpk2266694,https://www.foxtons.co.uk/flats-for-sale/london?page=4,2025-06-13 21:10:16,4
https://www.foxtons.co.uk/properties-for-sale/w4/chpk3359558,https://www.foxtons.co.uk/flats-for-sale/london?page=50,2025-06-13 21:15:33,50
https://www.foxtons.co.uk/properties-for-sale/w4/chpk3662105,https://www.foxtons.co.uk/flats-for-sale/london?page=31,2025-06-13 21:12:46,31
https://www.foxtons.co.uk/properties-for-sale/w4/chpk4323001,https://www.foxtons.co.uk/flats-for-sale/london?page=10,2025-06-13 21:10:50,10
https://www.foxtons.co.uk/properties-for-sale/w4/chpk4340434,https://www.foxtons.co.uk/flats-for-sale/london?page=15,2025-06-13 21:11:17,15
https://www.foxtons.co.uk/properties-for-sale/w4/chpk4548531,https://www.foxtons.co.uk/flats-for-sale/london?page=24,2025-06-13 21:12:07,24
https://www.foxtons.co.uk/properties-for-sale/w4/chpk4581514,https://www.foxtons.co.uk/flats-for-sale/london?page=6,2025-06-13 21:10:28,6
https://www.foxtons.co.uk/properties-for-sale/w4/chpk5129417,https://www.foxtons.co.uk/flats-for-sale/london?page=30,2025-06-13 21:12:40,30
https://www.foxtons.co.uk/properties-for-sale/w4/chpk5129419,https://www.foxtons.co.uk/flats-for-sale/london?page=17,2025-06-13 21:11:29,17
https://www.foxtons.co.uk/properties-for-sale/w4/chpk5129914,https://www.foxtons.co.uk/flats-for-sale/london?page=28,2025-06-13 21:12:29,28
https://www.foxtons.co.uk/properties-for-sale/w4/chpk5215769,https://www.foxtons.co.uk/flats-for-sale/london?page=15,2025-06-13 21:11:17,15
https://www.foxtons.co.uk/properties-for-sale/w4/chpk5266648,https://www.foxtons.co.uk/flats-for-sale/london?page=45,2025-06-13 21:14:05,45
https://www.foxtons.co.uk/properties-for-sale/w4/chpk5942099,https://www.foxtons.co.uk/flats-for-sale/london?page=30,2025-06-13 21:12:40,30
https://www.foxtons.co.uk/properties-for-sale/w4/chwk0065961,https://www.foxtons.co.uk/flats-for-sale/london?page=22,2025-06-13 21:11:56,22
https://www.foxtons.co.uk/properties-for-sale/w4/nwca5268482,https://www.foxtons.co.uk/flats-for-sale/london?page=13,2025-06-13 21:11:07,13
https://www.foxtons.co.uk/properties-for-sale/w4/nwca5268483,https://www.foxtons.co.uk/flats-for-sale/london?page=27,2025-06-13 21:12:24,27
https://www.foxtons.co.uk/properties-for-sale/w5/chpk0041573,https://www.foxtons.co.uk/flats-for-sale/london?page=54,2025-06-13 21:17:43,54
https://www.foxtons.co.uk/properties-for-sale/w5/chpk0216921,https://www.foxtons.co.uk/flats-for-sale/london?page=32,2025-06-13 21:12:51,32
https://www.foxtons.co.uk/properties-for-sale/w5/chpk0216923,https://www.foxtons.co.uk/flats-for-sale/london?page=23,2025-06-13 21:12:01,23
https://www.foxtons.co.uk/properties-for-sale/w5/chpk0216924,https://www.foxtons.co.uk/flats-for-sale/london?page=39,2025-06-13 21:13:32,39
https://www.foxtons.co.uk/properties-for-sale/w5/chpk0218159,https://www.foxtons.co.uk/flats-for-sale/london?page=25,2025-06-13 21:12:13,25
https://www.foxtons.co.uk/properties-for-sale/w5/chpk0285618,https://www.foxtons.co.uk/flats-for-sale/london?page=13,2025-06-13 21:11:07,13
https://www.foxtons.co.uk/properties-for-sale/w5/chpk0313107,https://www.foxtons.co.uk/flats-for-sale/london?page=30,2025-06-13 21:12:40,30
https://www.foxtons.co.uk/properties-for-sale/w5/chpk0369389,https://www.foxtons.co.uk/flats-for-sale/london?page=50,2025-06-13 21:15:33,50
https://www.foxtons.co.uk/properties-for-sale/w5/chpk2210138,https://www.foxtons.co.uk/houses-for-sale/london?page=6,2025-06-13 21:06:25,6
https://www.foxtons.co.uk/properties-for-sale/w5/chpk2214143,https://www.foxtons.co.uk/flats-for-sale/london?page=17,2025-06-13 21:11:29,17
https://www.foxtons.co.uk/properties-for-sale/w5/chpk2216700,https://www.foxtons.co.uk/flats-for-sale/london?page=25,2025-06-13 21:12:13,25
https://www.foxtons.co.uk/properties-for-sale/w5/chpk2216984,https://www.foxtons.co.uk/houses-for-sale/london?page=3,2025-06-13 21:05:38,3
https://www.foxtons.co.uk/properties-for-sale/w5/chpk2217253,https://www.foxtons.co.uk/houses-for-sale/london?page=5,2025-06-13 21:06:19,5
https://www.foxtons.co.uk/properties-for-sale/w5/chpk2217442,https://www.foxtons.co.uk/flats-for-sale/london?page=27,2025-06-13 21:12:24,27
https://www.foxtons.co.uk/properties-for-sale/w5/chpk2219837,https://www.foxtons.co.uk/flats-for-sale/london?page=37,2025-06-13 21:13:20,37
https://www.foxtons.co.uk/properties-for-sale/w5/chpk2220720,https://www.foxtons.co.uk/houses-for-sale/london?page=1,2025-06-13 21:05:14,1
https://www.foxtons.co.uk/properties-for-sale/w5/chpk2223446,https://www.foxtons.co.uk/flats-for-sale/london?page=32,2025-06-13 21:12:51,32
https://www.foxtons.co.uk/properties-for-sale/w5/chpk2224215,https://www.foxtons.co.uk/flats-for-sale/london?page=6,2025-06-13 21:10:28,6
https://www.foxtons.co.uk/properties-for-sale/w5/chpk2224224,https://www.foxtons.co.uk/flats-for-sale/london?page=7,2025-06-13 21:10:34,7
https://www.foxtons.co.uk/properties-for-sale/w5/chpk2225534,https://www.foxtons.co.uk/properties-for-sale/ealing?page=2,2025-06-13 23:03:50,2
https://www.foxtons.co.uk/properties-for-sale/w5/chpk2227370,https://www.foxtons.co.uk/flats-for-sale/london?page=7,2025-06-13 21:10:34,7
https://www.foxtons.co.uk/properties-for-sale/w5/chpk2231356,https://www.foxtons.co.uk/flats-for-sale/london?page=32,2025-06-13 21:12:51,32
https://www.foxtons.co.uk/properties-for-sale/w5/chpk2234296,https://www.foxtons.co.uk/flats-for-sale/london?page=29,2025-06-13 21:12:35,29
https://www.foxtons.co.uk/properties-for-sale/w5/chpk2234983,https://www.foxtons.co.uk/flats-for-sale/london?page=32,2025-06-13 21:12:51,32
https://www.foxtons.co.uk/properties-for-sale/w5/chpk2235245,https://www.foxtons.co.uk/flats-for-sale/london?page=40,2025-06-13 21:13:37,40
https://www.foxtons.co.uk/properties-for-sale/w5/chpk2235320,https://www.foxtons.co.uk/houses-for-sale/london?page=1,2025-06-13 21:05:14,1
https://www.foxtons.co.uk/properties-for-sale/w5/chpk2235443,https://www.foxtons.co.uk/flats-for-sale/london?page=43,2025-06-13 21:13:54,43
https://www.foxtons.co.uk/properties-for-sale/w5/chpk2235750,https://www.foxtons.co.uk/houses-for-sale/london?page=3,2025-06-13 21:05:38,3
https://www.foxtons.co.uk/properties-for-sale/w5/chpk2235928,https://www.foxtons.co.uk/flats-for-sale/london?page=15,2025-06-13 21:11:17,15
https://www.foxtons.co.uk/properties-for-sale/w5/chpk2238582,https://www.foxtons.co.uk/flats-for-sale/london?page=38,2025-06-13 21:13:26,38
https://www.foxtons.co.uk/properties-for-sale/w5/chpk2239274,https://www.foxtons.co.uk/houses-for-sale/london?page=2,2025-06-13 21:05:20,2
https://www.foxtons.co.uk/properties-for-sale/w5/chpk2239535,https://www.foxtons.co.uk/flats-for-sale/london?page=29,2025-06-13 21:12:35,29
https://www.foxtons.co.uk/properties-for-sale/w5/chpk2244071,https://www.foxtons.co.uk/flats-for-sale/london?page=3,2025-06-13 21:10:10,3
https://www.foxtons.co.uk/properties-for-sale/w5/chpk2244174,https://www.foxtons.co.uk/flats-for-sale/london?page=43,2025-06-13 21:13:54,43
https://www.foxtons.co.uk/properties-for-sale/w5/chpk2247549,https://www.foxtons.co.uk/flats-for-sale/london?page=19,2025-06-13 21:11:39,19
https://www.foxtons.co.uk/properties-for-sale/w5/chpk3711079,https://www.foxtons.co.uk/properties-for-sale/ealing?page=2,2025-06-13 23:03:50,2
https://www.foxtons.co.uk/properties-for-sale/w5/chpk3712352,https://www.foxtons.co.uk/flats-for-sale/london?page=16,2025-06-13 21:11:23,16
https://www.foxtons.co.uk/properties-for-sale/w5/chpk3825735,https://www.foxtons.co.uk/flats-for-sale/london?page=6,2025-06-13 21:10:28,6
https://www.foxtons.co.uk/properties-for-sale/w5/chpk3825747,https://www.foxtons.co.uk/flats-for-sale/london?page=14,2025-06-13 21:11:12,14
https://www.foxtons.co.uk/properties-for-sale/w5/chpk3826179,https://www.foxtons.co.uk/flats-for-sale/london?page=11,2025-06-13 21:10:56,11
https://www.foxtons.co.uk/properties-for-sale/w5/chpk3868684,https://www.foxtons.co.uk/houses-for-sale/london?page=6,2025-06-13 21:06:25,6
https://www.foxtons.co.uk/properties-for-sale/w5/chpk4325699,https://www.foxtons.co.uk/flats-for-sale/london?page=16,2025-06-13 21:11:23,16
https://www.foxtons.co.uk/properties-for-sale/w5/chpk4325748,https://www.foxtons.co.uk/flats-for-sale/london?page=15,2025-06-13 21:11:17,15
https://www.foxtons.co.uk/properties-for-sale/w5/chpk4339344,https://www.foxtons.co.uk/flats-for-sale/london?page=26,2025-06-13 21:12:18,26
https://www.foxtons.co.uk/properties-for-sale/w5/chpk4651126,https://www.foxtons.co.uk/flats-for-sale/london?page=1,2025-06-13 21:09:59,1
https://www.foxtons.co.uk/properties-for-sale/w5/chpk4657185,https://www.foxtons.co.uk/houses-for-sale/london?page=1,2025-06-13 21:05:14,1
https://www.foxtons.co.uk/properties-for-sale/w5/chpk4663497,https://www.foxtons.co.uk/flats-for-sale/london?page=6,2025-06-13 21:10:28,6
https://www.foxtons.co.uk/properties-for-sale/w5/chpk4937364,https://www.foxtons.co.uk/flats-for-sale/london?page=48,2025-06-13 21:14:37,48
https://www.foxtons.co.uk/properties-for-sale/w5/chpk4962902,https://www.foxtons.co.uk/flats-for-sale/london?page=17,2025-06-13 21:11:29,17
https://www.foxtons.co.uk/properties-for-sale/w5/chpk4966571,https://www.foxtons.co.uk/flats-for-sale/london?page=33,2025-06-13 21:12:57,33
https://www.foxtons.co.uk/properties-for-sale/w5/chpk4966574,https://www.foxtons.co.uk/flats-for-sale/london?page=20,2025-06-13 21:11:45,20
https://www.foxtons.co.uk/properties-for-sale/w5/chpk4966764,https://www.foxtons.co.uk/houses-for-sale/london?page=6,2025-06-13 21:06:25,6
https://www.foxtons.co.uk/properties-for-sale/w5/chpk4970800,https://www.foxtons.co.uk/flats-for-sale/london?page=36,2025-06-13 21:13:15,36
https://www.foxtons.co.uk/properties-for-sale/w5/chpk4975668,https://www.foxtons.co.uk/flats-for-sale/london?page=13,2025-06-13 21:11:07,13
https://www.foxtons.co.uk/properties-for-sale/w5/chpk5271402,https://www.foxtons.co.uk/flats-for-sale/london?page=25,2025-06-13 21:12:13,25
https://www.foxtons.co.uk/properties-for-sale/w5/chpk5358193,https://www.foxtons.co.uk/properties-for-sale/ealing?page=2,2025-06-13 23:03:50,2
https://www.foxtons.co.uk/properties-for-sale/w5/ealg0027718,https://www.foxtons.co.uk/flats-for-sale/london?page=19,2025-06-13 21:11:39,19
https://www.foxtons.co.uk/properties-for-sale/w5/ealg0044867,https://www.foxtons.co.uk/flats-for-sale/london?page=45,2025-06-13 21:14:05,45
https://www.foxtons.co.uk/properties-for-sale/w5/ealg0054118,https://www.foxtons.co.uk/flats-for-sale/london?page=22,2025-06-13 21:11:56,22
https://www.foxtons.co.uk/properties-for-sale/w5/ealg0069015,https://www.foxtons.co.uk/flats-for-sale/london?page=45,2025-06-13 21:14:05,45
https://www.foxtons.co.uk/properties-for-sale/w5/ealg0088300,https://www.foxtons.co.uk/flats-for-sale/london?page=10,2025-06-13 21:10:50,10
https://www.foxtons.co.uk/properties-for-sale/w5/ealg0089257,https://www.foxtons.co.uk/flats-for-sale/london?page=53,2025-06-13 21:17:34,53
https://www.foxtons.co.uk/properties-for-sale/w5/ealg0141976,https://www.foxtons.co.uk/flats-for-sale/london?page=4,2025-06-13 21:10:16,4
https://www.foxtons.co.uk/properties-for-sale/w5/ealg0146125,https://www.foxtons.co.uk/flats-for-sale/london?page=22,2025-06-13 21:11:56,22
https://www.foxtons.co.uk/properties-for-sale/w5/ealg0183991,https://www.foxtons.co.uk/flats-for-sale/london?page=12,2025-06-13 21:11:01,12
https://www.foxtons.co.uk/properties-for-sale/w5/ealg0211129,https://www.foxtons.co.uk/flats-for-sale/london?page=33,2025-06-13 21:12:57,33
https://www.foxtons.co.uk/properties-for-sale/w5/ealg0227136,https://www.foxtons.co.uk/flats-for-sale/london?page=42,2025-06-13 21:13:48,42
https://www.foxtons.co.uk/properties-for-sale/w5/ealg0247157,https://www.foxtons.co.uk/flats-for-sale/london?page=6,2025-06-13 21:10:28,6
https://www.foxtons.co.uk/properties-for-sale/w5/ealg0251522,https://www.foxtons.co.uk/flats-for-sale/london?page=17,2025-06-13 21:11:29,17
https://www.foxtons.co.uk/properties-for-sale/w5/ealg0265599,https://www.foxtons.co.uk/flats-for-sale/london?page=47,2025-06-13 21:14:29,47
https://www.foxtons.co.uk/properties-for-sale/w5/nwhm0131909,https://www.foxtons.co.uk/flats-for-sale/london?page=21,2025-06-13 21:11:50,21
https://www.foxtons.co.uk/properties-for-sale/w6/chpk0194323,https://www.foxtons.co.uk/flats-for-sale/london?page=14,2025-06-13 21:11:12,14
https://www.foxtons.co.uk/properties-for-sale/w6/chpk0312740,https://www.foxtons.co.uk/flats-for-sale/london?page=7,2025-06-13 21:10:34,7
https://www.foxtons.co.uk/properties-for-sale/w6/chpk0366803,https://www.foxtons.co.uk/flats-for-sale/london?page=11,2025-06-13 21:10:56,11
https://www.foxtons.co.uk/properties-for-sale/w6/chpk2206441,https://www.foxtons.co.uk/flats-for-sale/london?page=53,2025-06-13 21:17:34,53
https://www.foxtons.co.uk/properties-for-sale/w6/chpk2209879,https://www.foxtons.co.uk/houses-for-sale/london?page=3,2025-06-13 21:05:38,3
https://www.foxtons.co.uk/properties-for-sale/w6/chpk2211168,https://www.foxtons.co.uk/houses-for-sale/london?page=3,2025-06-13 21:05:38,3
https://www.foxtons.co.uk/properties-for-sale/w6/chpk2211255,https://www.foxtons.co.uk/houses-for-sale/london?page=1,2025-06-13 21:05:14,1
https://www.foxtons.co.uk/properties-for-sale/w6/chpk2215183,https://www.foxtons.co.uk/flats-for-sale/london?page=19,2025-06-13 21:11:39,19
https://www.foxtons.co.uk/properties-for-sale/w6/chpk2218694,https://www.foxtons.co.uk/houses-for-sale/london?page=1,2025-06-13 21:05:14,1
https://www.foxtons.co.uk/properties-for-sale/w6/chpk2222635,https://www.foxtons.co.uk/flats-for-sale/london?page=44,2025-06-13 21:13:59,44
https://www.foxtons.co.uk/properties-for-sale/w6/chpk2224272,https://www.foxtons.co.uk/flats-for-sale/london?page=37,2025-06-13 21:13:20,37
https://www.foxtons.co.uk/properties-for-sale/w6/chpk2224535,https://www.foxtons.co.uk/flats-for-sale/london?page=46,2025-06-13 21:14:10,46
https://www.foxtons.co.uk/properties-for-sale/w6/chpk2227953,https://www.foxtons.co.uk/flats-for-sale/london?page=50,2025-06-13 21:15:33,50
https://www.foxtons.co.uk/properties-for-sale/w6/chpk2228189,https://www.foxtons.co.uk/houses-for-sale/london?page=1,2025-06-13 21:05:14,1
https://www.foxtons.co.uk/properties-for-sale/w6/chpk2238232,https://www.foxtons.co.uk/flats-for-sale/london?page=12,2025-06-13 21:11:01,12
https://www.foxtons.co.uk/properties-for-sale/w6/chpk3824537,https://www.foxtons.co.uk/flats-for-sale/london?page=26,2025-06-13 21:12:18,26
https://www.foxtons.co.uk/properties-for-sale/w6/chpk4323411,https://www.foxtons.co.uk/flats-for-sale/london?page=22,2025-06-13 21:11:56,22
https://www.foxtons.co.uk/properties-for-sale/w6/chpk4531835,https://www.foxtons.co.uk/flats-for-sale/london?page=5,2025-06-13 21:10:22,5
https://www.foxtons.co.uk/properties-for-sale/w6/chpk4644231,https://www.foxtons.co.uk/flats-for-sale/london?page=4,2025-06-13 21:10:16,4
https://www.foxtons.co.uk/properties-for-sale/w6/chpk4923460,https://www.foxtons.co.uk/flats-for-sale/london?page=50,2025-06-13 21:15:33,50
https://www.foxtons.co.uk/properties-for-sale/w6/chpk4979386,https://www.foxtons.co.uk/houses-for-sale/london?page=6,2025-06-13 21:06:25,6
https://www.foxtons.co.uk/properties-for-sale/w6/chpk4984115,https://www.foxtons.co.uk/flats-for-sale/london?page=30,2025-06-13 21:12:40,30
https://www.foxtons.co.uk/properties-for-sale/w6/chpk5250030,https://www.foxtons.co.uk/flats-for-sale/london?page=10,2025-06-13 21:10:50,10
https://www.foxtons.co.uk/properties-for-sale/w6/chpk5251814,https://www.foxtons.co.uk/flats-for-sale/london?page=11,2025-06-13 21:10:56,11
https://www.foxtons.co.uk/properties-for-sale/w6/chpk5251816,https://www.foxtons.co.uk/flats-for-sale/london?page=11,2025-06-13 21:10:56,11
https://www.foxtons.co.uk/properties-for-sale/w6/chpk5260736,https://www.foxtons.co.uk/flats-for-sale/london?page=12,2025-06-13 21:11:01,12
https://www.foxtons.co.uk/properties-for-sale/w6/chpk5392661,https://www.foxtons.co.uk/flats-for-sale/london?page=23,2025-06-13 21:12:01,23
https://www.foxtons.co.uk/properties-for-sale/w6/chpk5400555,https://www.foxtons.co.uk/flats-for-sale/london?page=3,2025-06-13 21:10:10,3
https://www.foxtons.co.uk/properties-for-sale/w6/chwk0062701,https://www.foxtons.co.uk/flats-for-sale/london?page=12,2025-06-13 21:11:01,12
https://www.foxtons.co.uk/properties-for-sale/w6/chwk0081401,https://www.foxtons.co.uk/flats-for-sale/london?page=24,2025-06-13 21:12:07,24
https://www.foxtons.co.uk/properties-for-sale/w6/fulm0103266,https://www.foxtons.co.uk/properties-for-sale/london?page=9,2025-06-13 21:18:45,9
https://www.foxtons.co.uk/properties-for-sale/w6/ptny5248242,https://www.foxtons.co.uk/flats-for-sale/london?page=11,2025-06-13 21:10:56,11
https://www.foxtons.co.uk/properties-for-sale/w7/chpk2183651,https://www.foxtons.co.uk/flats-for-sale/london?page=46,2025-06-13 21:14:10,46
https://www.foxtons.co.uk/properties-for-sale/w7/chpk2189138,https://www.foxtons.co.uk/properties-for-sale/london?page=21,2025-06-13 21:20:15,21
https://www.foxtons.co.uk/properties-for-sale/w7/chpk2192804,https://www.foxtons.co.uk/houses-for-sale/london?page=7,2025-06-13 21:06:42,7
https://www.foxtons.co.uk/properties-for-sale/w7/chpk2198114,https://www.foxtons.co.uk/properties-for-sale/ealing?page=2,2025-06-13 23:03:50,2
https://www.foxtons.co.uk/properties-for-sale/w7/chpk2200261,https://www.foxtons.co.uk/houses-for-sale/london?page=7,2025-06-13 21:06:42,7
https://www.foxtons.co.uk/properties-for-sale/w7/chpk5357154,https://www.foxtons.co.uk/flats-for-sale/london?page=13,2025-06-13 21:11:07,13
https://www.foxtons.co.uk/properties-for-sale/w7/ealg0104553,https://www.foxtons.co.uk/flats-for-sale/london?page=38,2025-06-13 21:13:26,38
https://www.foxtons.co.uk/properties-for-sale/w7/ealg0241759,https://www.foxtons.co.uk/flats-for-sale/london?page=38,2025-06-13 21:13:26,38
https://www.foxtons.co.uk/properties-for-sale/w7/nwca5250157,https://www.foxtons.co.uk/flats-for-sale/london?page=17,2025-06-13 21:11:29,17
https://www.foxtons.co.uk/properties-for-sale/w7/nwca5250160,https://www.foxtons.co.uk/flats-for-sale/london?page=19,2025-06-13 21:11:39,19
https://www.foxtons.co.uk/properties-for-sale/w8/chpk0015124,https://www.foxtons.co.uk/houses-for-sale/london?page=1,2025-06-13 21:05:14,1
https://www.foxtons.co.uk/properties-for-sale/w8/chpk0145045,https://www.foxtons.co.uk/flats-for-sale/london?page=6,2025-06-13 21:10:28,6
https://www.foxtons.co.uk/properties-for-sale/w8/chpk0184006,https://www.foxtons.co.uk/flats-for-sale/london?page=1,2025-06-13 21:09:59,1
https://www.foxtons.co.uk/properties-for-sale/w8/chpk0233131,https://www.foxtons.co.uk/flats-for-sale/london?page=8,2025-06-13 21:10:39,8
https://www.foxtons.co.uk/properties-for-sale/w8/chpk0270158,https://www.foxtons.co.uk/flats-for-sale/london?page=6,2025-06-13 21:10:28,6
https://www.foxtons.co.uk/properties-for-sale/w8/chpk0285677,https://www.foxtons.co.uk/houses-for-sale/london?page=1,2025-06-13 21:05:14,1
https://www.foxtons.co.uk/properties-for-sale/w8/chpk0326739,https://www.foxtons.co.uk/flats-for-sale/london?page=8,2025-06-13 21:10:39,8
https://www.foxtons.co.uk/properties-for-sale/w8/chpk0343616,https://www.foxtons.co.uk/flats-for-sale/london?page=1,2025-06-13 21:09:59,1
https://www.foxtons.co.uk/properties-for-sale/w8/chpk2179922,https://www.foxtons.co.uk/flats-for-sale/london?page=9,2025-06-13 21:10:45,9
https://www.foxtons.co.uk/properties-for-sale/w8/chpk2183605,https://www.foxtons.co.uk/flats-for-sale/london?page=6,2025-06-13 21:10:28,6
https://www.foxtons.co.uk/properties-for-sale/w8/chpk2183937,https://www.foxtons.co.uk/flats-for-sale/london?page=20,2025-06-13 21:11:45,20
https://www.foxtons.co.uk/properties-for-sale/w8/chpk2183949,https://www.foxtons.co.uk/flats-for-sale/london?page=34,2025-06-13 21:13:02,34
https://www.foxtons.co.uk/properties-for-sale/w8/chpk2184938,https://www.foxtons.co.uk/houses-for-sale/london?page=1,2025-06-13 21:05:14,1
https://www.foxtons.co.uk/properties-for-sale/w8/chpk2187684,https://www.foxtons.co.uk/flats-for-sale/london?page=2,2025-06-13 21:10:05,2
https://www.foxtons.co.uk/properties-for-sale/w8/chpk2191564,https://www.foxtons.co.uk/houses-for-sale/london?page=3,2025-06-13 21:05:38,3
https://www.foxtons.co.uk/properties-for-sale/w8/chpk2191859,https://www.foxtons.co.uk/flats-for-sale/london?page=1,2025-06-13 21:09:59,1
https://www.foxtons.co.uk/properties-for-sale/w8/chpk2191861,https://www.foxtons.co.uk/flats-for-sale/london?page=1,2025-06-13 21:09:59,1
https://www.foxtons.co.uk/properties-for-sale/w8/chpk2191862,https://www.foxtons.co.uk/flats-for-sale/london?page=1,2025-06-13 21:09:59,1
https://www.foxtons.co.uk/properties-for-sale/w8/chpk2191864,https://www.foxtons.co.uk/flats-for-sale/london?page=1,2025-06-13 21:09:59,1
https://www.foxtons.co.uk/properties-for-sale/w8/chpk2191868,https://www.foxtons.co.uk/flats-for-sale/london?page=1,2025-06-13 21:09:59,1
https://www.foxtons.co.uk/properties-for-sale/w8/chpk2196158,https://www.foxtons.co.uk/flats-for-sale/london?page=3,2025-06-13 21:10:10,3
https://www.foxtons.co.uk/properties-for-sale/w8/chpk2196339,https://www.foxtons.co.uk/flats-for-sale/london?page=6,2025-06-13 21:10:28,6
https://www.foxtons.co.uk/properties-for-sale/w8/chpk2199897,https://www.foxtons.co.uk/flats-for-sale/london?page=2,2025-06-13 21:10:05,2
https://www.foxtons.co.uk/properties-for-sale/w8/chpk2199977,https://www.foxtons.co.uk/flats-for-sale/london?page=8,2025-06-13 21:10:39,8
https://www.foxtons.co.uk/properties-for-sale/w8/chpk2202509,https://www.foxtons.co.uk/properties-for-sale/earls-court?page=1,2025-06-13 23:06:20,1
https://www.foxtons.co.uk/properties-for-sale/w8/chpk2202551,https://www.foxtons.co.uk/flats-for-sale/london?page=38,2025-06-13 21:13:26,38
https://www.foxtons.co.uk/properties-for-sale/w8/chpk2203466,https://www.foxtons.co.uk/flats-for-sale/london?page=4,2025-06-13 21:10:16,4
https://www.foxtons.co.uk/properties-for-sale/w8/chpk2205478,https://www.foxtons.co.uk/flats-for-sale/london?page=12,2025-06-13 21:11:01,12
https://www.foxtons.co.uk/properties-for-sale/w8/chpk2205590,https://www.foxtons.co.uk/flats-for-sale/london?page=5,2025-06-13 21:10:22,5
https://www.foxtons.co.uk/properties-for-sale/w8/chpk2209223,https://www.foxtons.co.uk/flats-for-sale/london?page=10,2025-06-13 21:10:50,10
https://www.foxtons.co.uk/properties-for-sale/w8/chpk2209374,https://www.foxtons.co.uk/flats-for-sale/london?page=25,2025-06-13 21:12:13,25
https://www.foxtons.co.uk/properties-for-sale/w8/chpk3670870,https://www.foxtons.co.uk/flats-for-sale/london?page=16,2025-06-13 21:11:23,16
https://www.foxtons.co.uk/properties-for-sale/w8/chpk4129096,https://www.foxtons.co.uk/flats-for-sale/london?page=18,2025-06-13 21:11:34,18
https://www.foxtons.co.uk/properties-for-sale/w8/chpk4631357,https://www.foxtons.co.uk/flats-for-sale/london?page=16,2025-06-13 21:11:23,16
https://www.foxtons.co.uk/properties-for-sale/w8/chpk5501386,https://www.foxtons.co.uk/flats-for-sale/london?page=1,2025-06-13 21:09:59,1
https://www.foxtons.co.uk/properties-for-sale/w8/chpk6205780,https://www.foxtons.co.uk/flats-for-sale/london?page=18,2025-06-13 21:11:34,18
https://www.foxtons.co.uk/properties-for-sale/w8/ecrt5272535,https://www.foxtons.co.uk/flats-for-sale/london?page=54,2025-06-13 21:17:43,54
https://www.foxtons.co.uk/properties-for-sale/w8/mwhl0230983,https://www.foxtons.co.uk/flats-for-sale/london?page=2,2025-06-13 21:10:05,2
https://www.foxtons.co.uk/properties-for-sale/w8/myfr0077228,https://www.foxtons.co.uk/flats-for-sale/london?page=5,2025-06-13 21:10:22,5
https://www.foxtons.co.uk/properties-for-sale/w8/nhgt0048329,https://www.foxtons.co.uk/houses-for-sale/london?page=1,2025-06-13 21:05:14,1
https://www.foxtons.co.uk/properties-for-sale/w8/nhgt0100768,https://www.foxtons.co.uk/flats-for-sale/london?page=10,2025-06-13 21:10:50,10
https://www.foxtons.co.uk/properties-for-sale/w8/nhgt0305434,https://www.foxtons.co.uk/flats-for-sale/london?page=36,2025-06-13 21:13:15,36
https://www.foxtons.co.uk/properties-for-sale/w8/nhgt0336528,https://www.foxtons.co.uk/flats-for-sale/london?page=1,2025-06-13 21:09:59,1
https://www.foxtons.co.uk/properties-for-sale/w9/chpk0006781,https://www.foxtons.co.uk/flats-for-sale/london?page=8,2025-06-13 21:10:39,8
https://www.foxtons.co.uk/properties-for-sale/w9/chpk0024774,https://www.foxtons.co.uk/flats-for-sale/london?page=12,2025-06-13 21:11:01,12
https://www.foxtons.co.uk/properties-for-sale/w9/chpk0039113,https://www.foxtons.co.uk/flats-for-sale/london?page=35,2025-06-13 21:13:07,35
https://www.foxtons.co.uk/properties-for-sale/w9/chpk0052804,https://www.foxtons.co.uk/flats-for-sale/london?page=29,2025-06-13 21:12:35,29
https://www.foxtons.co.uk/properties-for-sale/w9/chpk0105718,https://www.foxtons.co.uk/flats-for-sale/london?page=38,2025-06-13 21:13:26,38
https://www.foxtons.co.uk/properties-for-sale/w9/chpk0115769,https://www.foxtons.co.uk/flats-for-sale/london?page=18,2025-06-13 21:11:34,18
https://www.foxtons.co.uk/properties-for-sale/w9/chpk0125607,https://www.foxtons.co.uk/flats-for-sale/london?page=12,2025-06-13 21:11:01,12
https://www.foxtons.co.uk/properties-for-sale/w9/chpk0228632,https://www.foxtons.co.uk/flats-for-sale/london?page=19,2025-06-13 21:11:39,19
https://www.foxtons.co.uk/properties-for-sale/w9/chpk0257390,https://www.foxtons.co.uk/flats-for-sale/london?page=20,2025-06-13 21:11:45,20
https://www.foxtons.co.uk/properties-for-sale/w9/chpk0277011,https://www.foxtons.co.uk/flats-for-sale/london?page=30,2025-06-13 21:12:40,30
https://www.foxtons.co.uk/properties-for-sale/w9/chpk0328331,https://www.foxtons.co.uk/houses-for-sale/london?page=1,2025-06-13 21:05:14,1
https://www.foxtons.co.uk/properties-for-sale/w9/chpk0344850,https://www.foxtons.co.uk/flats-for-sale/london?page=19,2025-06-13 21:11:39,19
https://www.foxtons.co.uk/properties-for-sale/w9/chpk0347354,https://www.foxtons.co.uk/flats-for-sale/london?page=16,2025-06-13 21:11:23,16
https://www.foxtons.co.uk/properties-for-sale/w9/chpk2175397,https://www.foxtons.co.uk/houses-for-sale/london?page=1,2025-06-13 21:05:14,1
https://www.foxtons.co.uk/properties-for-sale/w9/chpk2176895,https://www.foxtons.co.uk/houses-for-sale/london?page=5,2025-06-13 21:06:19,5
https://www.foxtons.co.uk/properties-for-sale/w9/chpk2180975,https://www.foxtons.co.uk/flats-for-sale/london?page=15,2025-06-13 21:11:17,15
https://www.foxtons.co.uk/properties-for-sale/w9/chpk2183341,https://www.foxtons.co.uk/flats-for-sale/london?page=16,2025-06-13 21:11:23,16
https://www.foxtons.co.uk/properties-for-sale/w9/chpk2184695,https://www.foxtons.co.uk/flats-for-sale/london?page=8,2025-06-13 21:10:39,8
https://www.foxtons.co.uk/properties-for-sale/w9/chpk2184808,https://www.foxtons.co.uk/flats-for-sale/london?page=23,2025-06-13 21:12:01,23
https://www.foxtons.co.uk/properties-for-sale/w9/chpk2186422,https://www.foxtons.co.uk/flats-for-sale/london?page=28,2025-06-13 21:12:29,28
https://www.foxtons.co.uk/properties-for-sale/w9/chpk2186646,https://www.foxtons.co.uk/flats-for-sale/london?page=8,2025-06-13 21:10:39,8
https://www.foxtons.co.uk/properties-for-sale/w9/chpk2186796,https://www.foxtons.co.uk/flats-for-sale/london?page=42,2025-06-13 21:13:48,42
https://www.foxtons.co.uk/properties-for-sale/w9/chpk2186810,https://www.foxtons.co.uk/flats-for-sale/london?page=39,2025-06-13 21:13:32,39
https://www.foxtons.co.uk/properties-for-sale/w9/chpk2186823,https://www.foxtons.co.uk/flats-for-sale/london?page=26,2025-06-13 21:12:18,26
https://www.foxtons.co.uk/properties-for-sale/w9/chpk2189527,https://www.foxtons.co.uk/flats-for-sale/london?page=21,2025-06-13 21:11:50,21
https://www.foxtons.co.uk/properties-for-sale/w9/chpk2190055,https://www.foxtons.co.uk/flats-for-sale/london?page=44,2025-06-13 21:13:59,44
https://www.foxtons.co.uk/properties-for-sale/w9/chpk2190315,https://www.foxtons.co.uk/flats-for-sale/london?page=19,2025-06-13 21:11:39,19
https://www.foxtons.co.uk/properties-for-sale/w9/chpk2194680,https://www.foxtons.co.uk/flats-for-sale/london?page=9,2025-06-13 21:10:45,9
https://www.foxtons.co.uk/properties-for-sale/w9/chpk2197274,https://www.foxtons.co.uk/flats-for-sale/london?page=2,2025-06-13 21:10:05,2
https://www.foxtons.co.uk/properties-for-sale/w9/chpk2197548,https://www.foxtons.co.uk/flats-for-sale/london?page=7,2025-06-13 21:10:34,7
https://www.foxtons.co.uk/properties-for-sale/w9/chpk2201406,https://www.foxtons.co.uk/flats-for-sale/london?page=8,2025-06-13 21:10:39,8
https://www.foxtons.co.uk/properties-for-sale/w9/chpk3373044,https://www.foxtons.co.uk/flats-for-sale/london?page=31,2025-06-13 21:12:46,31
https://www.foxtons.co.uk/properties-for-sale/w9/chpk3377542,https://www.foxtons.co.uk/flats-for-sale/london?page=31,2025-06-13 21:12:46,31
https://www.foxtons.co.uk/properties-for-sale/w9/chpk3406781,https://www.foxtons.co.uk/flats-for-sale/london?page=19,2025-06-13 21:11:39,19
https://www.foxtons.co.uk/properties-for-sale/w9/chpk3463141,https://www.foxtons.co.uk/flats-for-sale/london?page=19,2025-06-13 21:11:39,19
https://www.foxtons.co.uk/properties-for-sale/w9/chpk3579341,https://www.foxtons.co.uk/flats-for-sale/london?page=21,2025-06-13 21:11:50,21
https://www.foxtons.co.uk/properties-for-sale/w9/chpk3647708,https://www.foxtons.co.uk/flats-for-sale/london?page=12,2025-06-13 21:11:01,12
https://www.foxtons.co.uk/properties-for-sale/w9/chpk3665792,https://www.foxtons.co.uk/houses-for-sale/london?page=11,2025-06-13 21:09:41,11
https://www.foxtons.co.uk/properties-for-sale/w9/chpk3834077,https://www.foxtons.co.uk/flats-for-sale/london?page=12,2025-06-13 21:11:01,12
https://www.foxtons.co.uk/properties-for-sale/w9/chpk3840868,https://www.foxtons.co.uk/houses-for-sale/london?page=12,2025-06-13 21:09:46,12
https://www.foxtons.co.uk/properties-for-sale/w9/chpk3840869,https://www.foxtons.co.uk/flats-for-sale/london?page=26,2025-06-13 21:12:18,26
https://www.foxtons.co.uk/properties-for-sale/w9/chpk3857253,https://www.foxtons.co.uk/flats-for-sale/london?page=24,2025-06-13 21:12:07,24
https://www.foxtons.co.uk/properties-for-sale/w9/chpk3858598,https://www.foxtons.co.uk/properties-for-sale/london?page=11,2025-06-13 21:19:16,11
https://www.foxtons.co.uk/properties-for-sale/w9/chpk4074796,https://www.foxtons.co.uk/flats-for-sale/london?page=34,2025-06-13 21:13:02,34
https://www.foxtons.co.uk/properties-for-sale/w9/chpk4149347,https://www.foxtons.co.uk/flats-for-sale/london?page=2,2025-06-13 21:10:05,2
https://www.foxtons.co.uk/properties-for-sale/w9/chpk4340293,https://www.foxtons.co.uk/flats-for-sale/london?page=18,2025-06-13 21:11:34,18
https://www.foxtons.co.uk/properties-for-sale/w9/chpk4665467,https://www.foxtons.co.uk/flats-for-sale/london?page=13,2025-06-13 21:11:07,13
https://www.foxtons.co.uk/properties-for-sale/w9/chpk5068790,https://www.foxtons.co.uk/flats-for-sale/london?page=5,2025-06-13 21:10:22,5
https://www.foxtons.co.uk/properties-for-sale/w9/chpk5072320,https://www.foxtons.co.uk/flats-for-sale/london?page=7,2025-06-13 21:10:34,7
https://www.foxtons.co.uk/properties-for-sale/w9/chpk5072331,https://www.foxtons.co.uk/flats-for-sale/london?page=15,2025-06-13 21:11:17,15
https://www.foxtons.co.uk/properties-for-sale/w9/chpk5074443,https://www.foxtons.co.uk/flats-for-sale/london?page=4,2025-06-13 21:10:16,4
https://www.foxtons.co.uk/properties-for-sale/w9/chpk5191921,https://www.foxtons.co.uk/flats-for-sale/london?page=12,2025-06-13 21:11:01,12
https://www.foxtons.co.uk/properties-for-sale/w9/chpk5209407,https://www.foxtons.co.uk/flats-for-sale/london?page=7,2025-06-13 21:10:34,7
https://www.foxtons.co.uk/properties-for-sale/w9/chpk5267089,https://www.foxtons.co.uk/flats-for-sale/london?page=36,2025-06-13 21:13:15,36
https://www.foxtons.co.uk/properties-for-sale/w9/chpk5270670,https://www.foxtons.co.uk/flats-for-sale/london?page=41,2025-06-13 21:13:43,41
https://www.foxtons.co.uk/properties-for-sale/w9/chpk5271368,https://www.foxtons.co.uk/flats-for-sale/london?page=12,2025-06-13 21:11:01,12
https://www.foxtons.co.uk/properties-for-sale/w9/chpk5686199,https://www.foxtons.co.uk/flats-for-sale/london?page=20,2025-06-13 21:11:45,20
https://www.foxtons.co.uk/properties-for-sale/w9/chpk6205128,https://www.foxtons.co.uk/flats-for-sale/london?page=4,2025-06-13 21:10:16,4
https://www.foxtons.co.uk/properties-for-sale/w9/nwca4660821,https://www.foxtons.co.uk/flats-for-sale/london?page=4,2025-06-13 21:10:16,4
https://www.foxtons.co.uk/properties-for-sale/w9/nwca5218351,https://www.foxtons.co.uk/flats-for-sale/london?page=1,2025-06-13 21:09:59,1
https://www.foxtons.co.uk/properties-for-sale/w9/ptny5262679,https://www.foxtons.co.uk/flats-for-sale/london?page=12,2025-06-13 21:11:01,12
https://www.foxtons.co.uk/properties-for-sale/w9/sjwd0033463,https://www.foxtons.co.uk/flats-for-sale/london?page=33,2025-06-13 21:12:57,33
https://www.foxtons.co.uk/properties-for-sale/w9/sjwd0048205,https://www.foxtons.co.uk/flats-for-sale/london?page=10,2025-06-13 21:10:50,10
https://www.foxtons.co.uk/properties-for-sale/w9/sjwd0070798,https://www.foxtons.co.uk/flats-for-sale/london?page=25,2025-06-13 21:12:13,25
https://www.foxtons.co.uk/properties-for-sale/w9/sjwd0083080,https://www.foxtons.co.uk/flats-for-sale/london?page=4,2025-06-13 21:10:16,4
https://www.foxtons.co.uk/properties-for-sale/w9/sjwd0100998,https://www.foxtons.co.uk/flats-for-sale/london?page=6,2025-06-13 21:10:28,6
https://www.foxtons.co.uk/properties-for-sale/w9/sjwd0103347,https://www.foxtons.co.uk/flats-for-sale/london?page=9,2025-06-13 21:10:45,9
https://www.foxtons.co.uk/properties-for-sale/w9/sjwd0201258,https://www.foxtons.co.uk/flats-for-sale/london?page=2,2025-06-13 21:10:05,2
https://www.foxtons.co.uk/properties-for-sale/w9/sjwd0227567,https://www.foxtons.co.uk/flats-for-sale/london?page=4,2025-06-13 21:10:16,4
https://www.foxtons.co.uk/properties-for-sale/wc1a/chpk3680046,https://www.foxtons.co.uk/flats-for-sale/london?page=28,2025-06-13 21:12:29,28
https://www.foxtons.co.uk/properties-for-sale/wc1b/chpk3600553,https://www.foxtons.co.uk/flats-for-sale/london?page=8,2025-06-13 21:10:39,8
https://www.foxtons.co.uk/properties-for-sale/wc1b/chpk3600605,https://www.foxtons.co.uk/flats-for-sale/london?page=2,2025-06-13 21:10:05,2
https://www.foxtons.co.uk/properties-for-sale/wc1b/chpk3600942,https://www.foxtons.co.uk/flats-for-sale/london?page=4,2025-06-13 21:10:16,4
https://www.foxtons.co.uk/properties-for-sale/wc1b/chpk3601048,https://www.foxtons.co.uk/flats-for-sale/london?page=6,2025-06-13 21:10:28,6
https://www.foxtons.co.uk/properties-for-sale/wc1b/chpk3601067,https://www.foxtons.co.uk/flats-for-sale/london?page=12,2025-06-13 21:11:01,12
https://www.foxtons.co.uk/properties-for-sale/wc1e/chpk3459925,https://www.foxtons.co.uk/flats-for-sale/london?page=4,2025-06-13 21:10:16,4
https://www.foxtons.co.uk/properties-for-sale/wc1e/chpk3590491,https://www.foxtons.co.uk/flats-for-sale/london?page=18,2025-06-13 21:11:34,18
https://www.foxtons.co.uk/properties-for-sale/wc1e/chpk3590499,https://www.foxtons.co.uk/flats-for-sale/london?page=34,2025-06-13 21:13:02,34
https://www.foxtons.co.uk/properties-for-sale/wc1e/chpk3600320,https://www.foxtons.co.uk/flats-for-sale/london?page=4,2025-06-13 21:10:16,4
https://www.foxtons.co.uk/properties-for-sale/wc1h/chpk0123904,https://www.foxtons.co.uk/flats-for-sale/london?page=32,2025-06-13 21:12:51,32
https://www.foxtons.co.uk/properties-for-sale/wc1h/chpk0340211,https://www.foxtons.co.uk/flats-for-sale/london?page=16,2025-06-13 21:11:23,16
https://www.foxtons.co.uk/properties-for-sale/wc1h/chpk3385506,https://www.foxtons.co.uk/flats-for-sale/london?page=31,2025-06-13 21:12:46,31
https://www.foxtons.co.uk/properties-for-sale/wc1h/chpk3385611,https://www.foxtons.co.uk/flats-for-sale/london?page=12,2025-06-13 21:11:01,12
https://www.foxtons.co.uk/properties-for-sale/wc1h/chpk3456327,https://www.foxtons.co.uk/flats-for-sale/london?page=15,2025-06-13 21:11:17,15
https://www.foxtons.co.uk/properties-for-sale/wc1h/chpk3599889,https://www.foxtons.co.uk/flats-for-sale/london?page=7,2025-06-13 21:10:34,7
https://www.foxtons.co.uk/properties-for-sale/wc1h/chpk3632160,https://www.foxtons.co.uk/flats-for-sale/london?page=31,2025-06-13 21:12:46,31
https://www.foxtons.co.uk/properties-for-sale/wc1h/ptny5232136,https://www.foxtons.co.uk/flats-for-sale/london?page=39,2025-06-13 21:13:32,39
https://www.foxtons.co.uk/properties-for-sale/wc1n/chpk3385027,https://www.foxtons.co.uk/flats-for-sale/london?page=17,2025-06-13 21:11:29,17
https://www.foxtons.co.uk/properties-for-sale/wc1n/chpk3412786,https://www.foxtons.co.uk/flats-for-sale/london?page=19,2025-06-13 21:11:39,19
https://www.foxtons.co.uk/properties-for-sale/wc1n/chpk3429076,https://www.foxtons.co.uk/flats-for-sale/london?page=18,2025-06-13 21:11:34,18
https://www.foxtons.co.uk/properties-for-sale/wc1n/ptny5272360,https://www.foxtons.co.uk/houses-for-sale/london?page=2,2025-06-13 21:05:20,2
https://www.foxtons.co.uk/properties-for-sale/wc1r/chpk3359786,https://www.foxtons.co.uk/flats-for-sale/london?page=14,2025-06-13 21:11:12,14
https://www.foxtons.co.uk/properties-for-sale/wc1r/chpk4645419,https://www.foxtons.co.uk/flats-for-sale/london?page=6,2025-06-13 21:10:28,6
https://www.foxtons.co.uk/properties-for-sale/wc1v/chpk3639791,https://www.foxtons.co.uk/flats-for-sale/london?page=5,2025-06-13 21:10:22,5
https://www.foxtons.co.uk/properties-for-sale/wc1x/chpk3387048,https://www.foxtons.co.uk/flats-for-sale/london?page=19,2025-06-13 21:11:39,19
https://www.foxtons.co.uk/properties-for-sale/wc1x/chpk3655414,https://www.foxtons.co.uk/flats-for-sale/london?page=22,2025-06-13 21:11:56,22
https://www.foxtons.co.uk/properties-for-sale/wc1x/chpk4136011,https://www.foxtons.co.uk/flats-for-sale/london?page=10,2025-06-13 21:10:50,10
https://www.foxtons.co.uk/properties-for-sale/wc1x/chpk4944674,https://www.foxtons.co.uk/flats-for-sale/london?page=5,2025-06-13 21:10:22,5
https://www.foxtons.co.uk/properties-for-sale/wc1x/chpk5225563,https://www.foxtons.co.uk/flats-for-sale/london?page=4,2025-06-13 21:10:16,4
https://www.foxtons.co.uk/properties-for-sale/wc1x/chpk5267323,https://www.foxtons.co.uk/flats-for-sale/london?page=4,2025-06-13 21:10:16,4
https://www.foxtons.co.uk/properties-for-sale/wc1x/chpk5272933,https://www.foxtons.co.uk/flats-for-sale/london?page=10,2025-06-13 21:10:50,10
https://www.foxtons.co.uk/properties-for-sale/wc1x/nwca4643792,https://www.foxtons.co.uk/flats-for-sale/london?page=6,2025-06-13 21:10:28,6
https://www.foxtons.co.uk/properties-for-sale/wc1x/nwca4643793,https://www.foxtons.co.uk/flats-for-sale/london?page=4,2025-06-13 21:10:16,4
https://www.foxtons.co.uk/properties-for-sale/wc2a/ptny5229780,https://www.foxtons.co.uk/flats-for-sale/london?page=1,2025-06-13 21:09:59,1
https://www.foxtons.co.uk/properties-for-sale/wc2b/chpk3368448,https://www.foxtons.co.uk/flats-for-sale/london?page=24,2025-06-13 21:12:07,24
https://www.foxtons.co.uk/properties-for-sale/wc2b/chpk3426397,https://www.foxtons.co.uk/flats-for-sale/london?page=1,2025-06-13 21:09:59,1
https://www.foxtons.co.uk/properties-for-sale/wc2b/chpk3433571,https://www.foxtons.co.uk/flats-for-sale/london?page=8,2025-06-13 21:10:39,8
https://www.foxtons.co.uk/properties-for-sale/wc2b/chpk3438858,https://www.foxtons.co.uk/flats-for-sale/london?page=3,2025-06-13 21:10:10,3
https://www.foxtons.co.uk/properties-for-sale/wc2b/chpk3443332,https://www.foxtons.co.uk/flats-for-sale/london?page=6,2025-06-13 21:10:28,6
https://www.foxtons.co.uk/properties-for-sale/wc2b/chpk3450525,https://www.foxtons.co.uk/flats-for-sale/london?page=1,2025-06-13 21:09:59,1
https://www.foxtons.co.uk/properties-for-sale/wc2b/chpk5682385,https://www.foxtons.co.uk/flats-for-sale/london?page=2,2025-06-13 21:10:05,2
https://www.foxtons.co.uk/properties-for-sale/wc2e/chpk3368375,https://www.foxtons.co.uk/flats-for-sale/london?page=5,2025-06-13 21:10:22,5
https://www.foxtons.co.uk/properties-for-sale/wc2e/chpk3368376,https://www.foxtons.co.uk/flats-for-sale/london?page=15,2025-06-13 21:11:17,15
https://www.foxtons.co.uk/properties-for-sale/wc2e/chpk5264903,https://www.foxtons.co.uk/flats-for-sale/london?page=3,2025-06-13 21:10:10,3
https://www.foxtons.co.uk/properties-for-sale/wc2e/myfr0217085,https://www.foxtons.co.uk/flats-for-sale/london?page=3,2025-06-13 21:10:10,3
https://www.foxtons.co.uk/properties-for-sale/wc2h/chpk0354384,https://www.foxtons.co.uk/flats-for-sale/london?page=7,2025-06-13 21:10:34,7
https://www.foxtons.co.uk/properties-for-sale/wc2h/chpk3412343,https://www.foxtons.co.uk/flats-for-sale/london?page=12,2025-06-13 21:11:01,12
https://www.foxtons.co.uk/properties-for-sale/wc2h/chpk3413308,https://www.foxtons.co.uk/flats-for-sale/london?page=37,2025-06-13 21:13:20,37
https://www.foxtons.co.uk/properties-for-sale/wc2h/chpk3415252,https://www.foxtons.co.uk/flats-for-sale/london?page=24,2025-06-13 21:12:07,24
https://www.foxtons.co.uk/properties-for-sale/wc2h/chpk3438231,https://www.foxtons.co.uk/flats-for-sale/london?page=13,2025-06-13 21:11:07,13
https://www.foxtons.co.uk/properties-for-sale/wc2h/chpk3642356,https://www.foxtons.co.uk/flats-for-sale/london?page=26,2025-06-13 21:12:18,26
https://www.foxtons.co.uk/properties-for-sale/wc2h/chpk3665186,https://www.foxtons.co.uk/flats-for-sale/london?page=9,2025-06-13 21:10:45,9
https://www.foxtons.co.uk/properties-for-sale/wc2h/myfr0080949,https://www.foxtons.co.uk/flats-for-sale/london?page=15,2025-06-13 21:11:17,15
https://www.foxtons.co.uk/properties-for-sale/wc2n/chpk0009386,https://www.foxtons.co.uk/flats-for-sale/london?page=25,2025-06-13 21:12:13,25
https://www.foxtons.co.uk/properties-for-sale/wc2n/chpk3367562,https://www.foxtons.co.uk/flats-for-sale/london?page=10,2025-06-13 21:10:50,10
https://www.foxtons.co.uk/properties-for-sale/wc2r/chpk3841225,https://www.foxtons.co.uk/flats-for-sale/london?page=2,2025-06-13 21:10:05,2
https://www.foxtons.co.uk/properties-for-sale/wc2r/chpk4663828,https://www.foxtons.co.uk/flats-for-sale/london?page=2,2025-06-13 21:10:05,2
https://www.foxtons.co.uk/properties-for-sale/wc2r/chpk4932074,https://www.foxtons.co.uk/flats-for-sale/london?page=1,2025-06-13 21:09:59,1
https://www.foxtons.co.uk/properties-for-sale/wd17/chpk5270568,https://www.foxtons.co.uk/flats-for-sale/london?page=42,2025-06-13 21:13:48,42
https://www.foxtons.co.uk/properties-for-sale/wd17/chpk5579276,https://www.foxtons.co.uk/flats-for-sale/london?page=50,2025-06-13 21:15:33,50
https://www.foxtons.co.uk/properties-for-sale/wd17/chpk5579351,https://www.foxtons.co.uk/flats-for-sale/london?page=42,2025-06-13 21:13:48,42
https://www.foxtons.co.uk/properties-for-sale/wd17/chpk5579914,https://www.foxtons.co.uk/flats-for-sale/london?page=54,2025-06-13 21:17:43,54
https://www.foxtons.co.uk/properties-for-sale/wd17/chpk5650612,https://www.foxtons.co.uk/flats-for-sale/london?page=42,2025-06-13 21:13:48,42
https://www.foxtons.co.uk/properties-for-sale/wd17/chpk5650625,https://www.foxtons.co.uk/flats-for-sale/london?page=52,2025-06-13 21:17:29,52
https://www.foxtons.co.uk/properties-for-sale/wd17/chpk5704420,https://www.foxtons.co.uk/houses-for-sale/london?page=6,2025-06-13 21:06:25,6
https://www.foxtons.co.uk/properties-for-sale/wd17/chpk5757911,https://www.foxtons.co.uk/flats-for-sale/london?page=45,2025-06-13 21:14:05,45
https://www.foxtons.co.uk/properties-for-sale/wd17/chpk5758962,https://www.foxtons.co.uk/flats-for-sale/london?page=29,2025-06-13 21:12:35,29
https://www.foxtons.co.uk/properties-for-sale/wd17/chpk5758984,https://www.foxtons.co.uk/flats-for-sale/london?page=33,2025-06-13 21:12:57,33
https://www.foxtons.co.uk/properties-for-sale/wd17/chpk5758991,https://www.foxtons.co.uk/flats-for-sale/london?page=33,2025-06-13 21:12:57,33
https://www.foxtons.co.uk/properties-for-sale/wd17/chpk6106404,https://www.foxtons.co.uk/houses-for-sale/london?page=1,2025-06-13 21:05:14,1
https://www.foxtons.co.uk/properties-for-sale/wd17/chpk6107530,https://www.foxtons.co.uk/houses-for-sale/london?page=5,2025-06-13 21:06:19,5
https://www.foxtons.co.uk/properties-for-sale/wd17/chpk6110099,https://www.foxtons.co.uk/houses-for-sale/london?page=13,2025-06-13 21:09:51,13
https://www.foxtons.co.uk/properties-for-sale/wd17/chpk6112515,https://www.foxtons.co.uk/houses-for-sale/london?page=12,2025-06-13 21:09:46,12
https://www.foxtons.co.uk/properties-for-sale/wd17/chpk6112579,https://www.foxtons.co.uk/houses-for-sale/london?page=9,2025-06-13 21:07:22,9
https://www.foxtons.co.uk/properties-for-sale/wd17/chpk6123890,https://www.foxtons.co.uk/houses-for-sale/london?page=13,2025-06-13 21:09:51,13
https://www.foxtons.co.uk/properties-for-sale/wd17/chpk6147834,https://www.foxtons.co.uk/flats-for-sale/london?page=44,2025-06-13 21:13:59,44
https://www.foxtons.co.uk/properties-for-sale/wd17/chpk6154989,https://www.foxtons.co.uk/houses-for-sale/london?page=11,2025-06-13 21:09:41,11
https://www.foxtons.co.uk/properties-for-sale/wd17/chpk6203857,https://www.foxtons.co.uk/flats-for-sale/london?page=52,2025-06-13 21:17:29,52
https://www.foxtons.co.uk/properties-for-sale/wd17/chpk6206018,https://www.foxtons.co.uk/houses-for-sale/london?page=3,2025-06-13 21:05:38,3
https://www.foxtons.co.uk/properties-for-sale/wd18/chpk5536660,https://www.foxtons.co.uk/flats-for-sale/london?page=47,2025-06-13 21:14:29,47
https://www.foxtons.co.uk/properties-for-sale/wd18/chpk5536667,https://www.foxtons.co.uk/flats-for-sale/london?page=44,2025-06-13 21:13:59,44
https://www.foxtons.co.uk/properties-for-sale/wd18/chpk5536697,https://www.foxtons.co.uk/flats-for-sale/london?page=53,2025-06-13 21:17:34,53
https://www.foxtons.co.uk/properties-for-sale/wd18/chpk5578264,https://www.foxtons.co.uk/flats-for-sale/london?page=52,2025-06-13 21:17:29,52
https://www.foxtons.co.uk/properties-for-sale/wd18/chpk5578688,https://www.foxtons.co.uk/flats-for-sale/london?page=53,2025-06-13 21:17:34,53
https://www.foxtons.co.uk/properties-for-sale/wd18/chpk5578725,https://www.foxtons.co.uk/flats-for-sale/london?page=55,2025-06-13 21:17:48,55
https://www.foxtons.co.uk/properties-for-sale/wd18/chpk5578856,https://www.foxtons.co.uk/houses-for-sale/london?page=9,2025-06-13 21:07:22,9
https://www.foxtons.co.uk/properties-for-sale/wd18/chpk5578947,https://www.foxtons.co.uk/houses-for-sale/london?page=12,2025-06-13 21:09:46,12
https://www.foxtons.co.uk/properties-for-sale/wd18/chpk5650320,https://www.foxtons.co.uk/flats-for-sale/london?page=53,2025-06-13 21:17:34,53
https://www.foxtons.co.uk/properties-for-sale/wd18/chpk5650386,https://www.foxtons.co.uk/flats-for-sale/london?page=39,2025-06-13 21:13:32,39
https://www.foxtons.co.uk/properties-for-sale/wd18/chpk5650743,https://www.foxtons.co.uk/flats-for-sale/london?page=47,2025-06-13 21:14:29,47
https://www.foxtons.co.uk/properties-for-sale/wd18/chpk5705723,https://www.foxtons.co.uk/houses-for-sale/london?page=11,2025-06-13 21:09:41,11
https://www.foxtons.co.uk/properties-for-sale/wd18/chpk5706232,https://www.foxtons.co.uk/flats-for-sale/london?page=42,2025-06-13 21:13:48,42
https://www.foxtons.co.uk/properties-for-sale/wd18/chpk5757839,https://www.foxtons.co.uk/flats-for-sale/london?page=38,2025-06-13 21:13:26,38
https://www.foxtons.co.uk/properties-for-sale/wd18/chpk5758078,https://www.foxtons.co.uk/flats-for-sale/london?page=39,2025-06-13 21:13:32,39
https://www.foxtons.co.uk/properties-for-sale/wd18/chpk5761090,https://www.foxtons.co.uk/flats-for-sale/london?page=25,2025-06-13 21:12:13,25
https://www.foxtons.co.uk/properties-for-sale/wd18/chpk5847411,https://www.foxtons.co.uk/flats-for-sale/london?page=41,2025-06-13 21:13:43,41
https://www.foxtons.co.uk/properties-for-sale/wd18/chpk5847415,https://www.foxtons.co.uk/flats-for-sale/london?page=38,2025-06-13 21:13:26,38
https://www.foxtons.co.uk/properties-for-sale/wd18/chpk6106104,https://www.foxtons.co.uk/houses-for-sale/london?page=13,2025-06-13 21:09:51,13
https://www.foxtons.co.uk/properties-for-sale/wd18/chpk6107243,https://www.foxtons.co.uk/houses-for-sale/london?page=13,2025-06-13 21:09:51,13
https://www.foxtons.co.uk/properties-for-sale/wd18/chpk6110451,https://www.foxtons.co.uk/houses-for-sale/london?page=13,2025-06-13 21:09:51,13
https://www.foxtons.co.uk/properties-for-sale/wd18/chpk6113462,https://www.foxtons.co.uk/houses-for-sale/london?page=12,2025-06-13 21:09:46,12
https://www.foxtons.co.uk/properties-for-sale/wd18/chpk6124697,https://www.foxtons.co.uk/houses-for-sale/london?page=12,2025-06-13 21:09:46,12
https://www.foxtons.co.uk/properties-for-sale/wd18/chpk6124751,https://www.foxtons.co.uk/houses-for-sale/london?page=13,2025-06-13 21:09:51,13
https://www.foxtons.co.uk/properties-for-sale/wd18/chpk6124910,https://www.foxtons.co.uk/houses-for-sale/london?page=13,2025-06-13 21:09:51,13
https://www.foxtons.co.uk/properties-for-sale/wd18/chpk6127702,https://www.foxtons.co.uk/houses-for-sale/london?page=12,2025-06-13 21:09:46,12
https://www.foxtons.co.uk/properties-for-sale/wd18/chpk6127763,https://www.foxtons.co.uk/houses-for-sale/london?page=12,2025-06-13 21:09:46,12
https://www.foxtons.co.uk/properties-for-sale/wd18/chpk6149443,https://www.foxtons.co.uk/flats-for-sale/london?page=53,2025-06-13 21:17:34,53
https://www.foxtons.co.uk/properties-for-sale/wd18/chpk6172458,https://www.foxtons.co.uk/flats-for-sale/london?page=54,2025-06-13 21:17:43,54
https://www.foxtons.co.uk/properties-for-sale/wd18/chpk6198845,https://www.foxtons.co.uk/flats-for-sale/london?page=41,2025-06-13 21:13:43,41
https://www.foxtons.co.uk/properties-for-sale/wd18/chpk6203797,https://www.foxtons.co.uk/flats-for-sale/london?page=52,2025-06-13 21:17:29,52
https://www.foxtons.co.uk/properties-for-sale/wd18/nwca5269318,https://www.foxtons.co.uk/flats-for-sale/london?page=39,2025-06-13 21:13:32,39
https://www.foxtons.co.uk/properties-for-sale/wd19/chpk5215816,https://www.foxtons.co.uk/flats-for-sale/london?page=48,2025-06-13 21:14:37,48
https://www.foxtons.co.uk/properties-for-sale/wd19/chpk5215817,https://www.foxtons.co.uk/flats-for-sale/london?page=48,2025-06-13 21:14:37,48
https://www.foxtons.co.uk/properties-for-sale/wd19/chpk5691255,https://www.foxtons.co.uk/houses-for-sale/london?page=6,2025-06-13 21:06:25,6
https://www.foxtons.co.uk/properties-for-sale/wd19/chpk5715054,https://www.foxtons.co.uk/flats-for-sale/london?page=53,2025-06-13 21:17:34,53
https://www.foxtons.co.uk/properties-for-sale/wd19/chpk5716063,https://www.foxtons.co.uk/flats-for-sale/london?page=39,2025-06-13 21:13:32,39
https://www.foxtons.co.uk/properties-for-sale/wd19/chpk5743043,https://www.foxtons.co.uk/houses-for-sale/london?page=6,2025-06-13 21:06:25,6
https://www.foxtons.co.uk/properties-for-sale/wd19/chpk6102567,https://www.foxtons.co.uk/houses-for-sale/london?page=11,2025-06-13 21:09:41,11
https://www.foxtons.co.uk/properties-for-sale/wd19/chpk6102726,https://www.foxtons.co.uk/houses-for-sale/london?page=12,2025-06-13 21:09:46,12
https://www.foxtons.co.uk/properties-for-sale/wd19/chpk6155200,https://www.foxtons.co.uk/houses-for-sale/london?page=3,2025-06-13 21:05:38,3
https://www.foxtons.co.uk/properties-for-sale/wd19/chpk6172925,https://www.foxtons.co.uk/houses-for-sale/london?page=5,2025-06-13 21:06:19,5
https://www.foxtons.co.uk/properties-for-sale/wd19/nwca5261771,https://www.foxtons.co.uk/flats-for-sale/london?page=38,2025-06-13 21:13:26,38
https://www.foxtons.co.uk/properties-for-sale/wd19/nwca5261772,https://www.foxtons.co.uk/flats-for-sale/london?page=47,2025-06-13 21:14:29,47
https://www.foxtons.co.uk/properties-for-sale/wd19/nwca6198493,https://www.foxtons.co.uk/flats-for-sale/london?page=28,2025-06-13 21:12:29,28
https://www.foxtons.co.uk/properties-for-sale/wd23/chpk5612495,https://www.foxtons.co.uk/flats-for-sale/london?page=38,2025-06-13 21:13:26,38
https://www.foxtons.co.uk/properties-for-sale/wd23/chpk5612853,https://www.foxtons.co.uk/houses-for-sale/london?page=3,2025-06-13 21:05:38,3
https://www.foxtons.co.uk/properties-for-sale/wd23/chpk5613352,https://www.foxtons.co.uk/properties-for-sale/london?page=8,2025-06-13 21:18:39,8
https://www.foxtons.co.uk/properties-for-sale/wd23/chpk5615132,https://www.foxtons.co.uk/flats-for-sale/london?page=53,2025-06-13 21:17:34,53
https://www.foxtons.co.uk/properties-for-sale/wd23/chpk5615470,https://www.foxtons.co.uk/flats-for-sale/london?page=45,2025-06-13 21:14:05,45
https://www.foxtons.co.uk/properties-for-sale/wd23/chpk5615619,https://www.foxtons.co.uk/houses-for-sale/london?page=12,2025-06-13 21:09:46,12
https://www.foxtons.co.uk/properties-for-sale/wd23/chpk5615702,https://www.foxtons.co.uk/houses-for-sale/london?page=12,2025-06-13 21:09:46,12
https://www.foxtons.co.uk/properties-for-sale/wd23/chpk5615874,https://www.foxtons.co.uk/houses-for-sale/london?page=13,2025-06-13 21:09:51,13
https://www.foxtons.co.uk/properties-for-sale/wd23/chpk5616876,https://www.foxtons.co.uk/houses-for-sale/london?page=6,2025-06-13 21:06:25,6
https://www.foxtons.co.uk/properties-for-sale/wd23/chpk5618732,https://www.foxtons.co.uk/properties-for-sale/london?page=22,2025-06-13 21:20:21,22
https://www.foxtons.co.uk/properties-for-sale/wd23/chpk5618888,https://www.foxtons.co.uk/properties-for-sale/london?page=22,2025-06-13 21:20:21,22
https://www.foxtons.co.uk/properties-for-sale/wd23/chpk5618913,https://www.foxtons.co.uk/flats-for-sale/london?page=55,2025-06-13 21:17:48,55
https://www.foxtons.co.uk/properties-for-sale/wd23/chpk5618919,https://www.foxtons.co.uk/flats-for-sale/london?page=55,2025-06-13 21:17:48,55
https://www.foxtons.co.uk/properties-for-sale/wd23/chpk5619034,https://www.foxtons.co.uk/houses-for-sale/london?page=6,2025-06-13 21:06:25,6
https://www.foxtons.co.uk/properties-for-sale/wd23/chpk5619091,https://www.foxtons.co.uk/houses-for-sale/london?page=9,2025-06-13 21:07:22,9
https://www.foxtons.co.uk/properties-for-sale/wd23/chpk5620110,https://www.foxtons.co.uk/houses-for-sale/london?page=7,2025-06-13 21:06:42,7
https://www.foxtons.co.uk/properties-for-sale/wd23/chpk5620382,https://www.foxtons.co.uk/houses-for-sale/london?page=9,2025-06-13 21:07:22,9
https://www.foxtons.co.uk/properties-for-sale/wd23/chpk5620420,https://www.foxtons.co.uk/houses-for-sale/london?page=9,2025-06-13 21:07:22,9
https://www.foxtons.co.uk/properties-for-sale/wd23/chpk5620486,https://www.foxtons.co.uk/flats-for-sale/london?page=52,2025-06-13 21:17:29,52
https://www.foxtons.co.uk/properties-for-sale/wd23/chpk5620574,https://www.foxtons.co.uk/flats-for-sale/london?page=47,2025-06-13 21:14:29,47
https://www.foxtons.co.uk/properties-for-sale/wd23/chpk5620665,https://www.foxtons.co.uk/houses-for-sale/london?page=5,2025-06-13 21:06:19,5
https://www.foxtons.co.uk/properties-for-sale/wd23/chpk5621339,https://www.foxtons.co.uk/houses-for-sale/london?page=12,2025-06-13 21:09:46,12
https://www.foxtons.co.uk/properties-for-sale/wd23/chpk5621766,https://www.foxtons.co.uk/houses-for-sale/london?page=5,2025-06-13 21:06:19,5
https://www.foxtons.co.uk/properties-for-sale/wd23/chpk5621882,https://www.foxtons.co.uk/houses-for-sale/london?page=6,2025-06-13 21:06:25,6
https://www.foxtons.co.uk/properties-for-sale/wd23/chpk5633725,https://www.foxtons.co.uk/flats-for-sale/london?page=30,2025-06-13 21:12:40,30
https://www.foxtons.co.uk/properties-for-sale/wd23/chpk5634007,https://www.foxtons.co.uk/houses-for-sale/london?page=9,2025-06-13 21:07:22,9
https://www.foxtons.co.uk/properties-for-sale/wd23/chpk5634619,https://www.foxtons.co.uk/houses-for-sale/london?page=13,2025-06-13 21:09:51,13
https://www.foxtons.co.uk/properties-for-sale/wd23/chpk5635618,https://www.foxtons.co.uk/properties-for-sale/london?page=8,2025-06-13 21:18:39,8
https://www.foxtons.co.uk/properties-for-sale/wd23/chpk5635633,https://www.foxtons.co.uk/houses-for-sale/london?page=3,2025-06-13 21:05:38,3
https://www.foxtons.co.uk/properties-for-sale/wd23/chpk5635698,https://www.foxtons.co.uk/flats-for-sale/london?page=9,2025-06-13 21:10:45,9
https://www.foxtons.co.uk/properties-for-sale/wd23/chpk5742280,https://www.foxtons.co.uk/flats-for-sale/london?page=41,2025-06-13 21:13:43,41
https://www.foxtons.co.uk/properties-for-sale/wd23/chpk5743114,https://www.foxtons.co.uk/flats-for-sale/london?page=29,2025-06-13 21:12:35,29
https://www.foxtons.co.uk/properties-for-sale/wd23/chpk5743116,https://www.foxtons.co.uk/flats-for-sale/london?page=32,2025-06-13 21:12:51,32
https://www.foxtons.co.uk/properties-for-sale/wd23/chpk6198838,https://www.foxtons.co.uk/houses-for-sale/london?page=12,2025-06-13 21:09:46,12
https://www.foxtons.co.uk/properties-for-sale/wd24/chpk5704275,https://www.foxtons.co.uk/flats-for-sale/london?page=53,2025-06-13 21:17:34,53
https://www.foxtons.co.uk/properties-for-sale/wd24/chpk5704279,https://www.foxtons.co.uk/flats-for-sale/london?page=53,2025-06-13 21:17:34,53
https://www.foxtons.co.uk/properties-for-sale/wd24/chpk5706088,https://www.foxtons.co.uk/flats-for-sale/london?page=36,2025-06-13 21:13:15,36
https://www.foxtons.co.uk/properties-for-sale/wd24/chpk5759421,https://www.foxtons.co.uk/flats-for-sale/london?page=36,2025-06-13 21:13:15,36
https://www.foxtons.co.uk/properties-for-sale/wd24/chpk6105076,https://www.foxtons.co.uk/houses-for-sale/london?page=13,2025-06-13 21:09:51,13
https://www.foxtons.co.uk/properties-for-sale/wd24/chpk6108364,https://www.foxtons.co.uk/flats-for-sale/london?page=53,2025-06-13 21:17:34,53
https://www.foxtons.co.uk/properties-for-sale/wd24/chpk6111527,https://www.foxtons.co.uk/houses-for-sale/london?page=11,2025-06-13 21:09:41,11
https://www.foxtons.co.uk/properties-for-sale/wd24/chpk6113725,https://www.foxtons.co.uk/flats-for-sale/london?page=53,2025-06-13 21:17:34,53
https://www.foxtons.co.uk/properties-for-sale/wd24/chpk6117738,https://www.foxtons.co.uk/houses-for-sale/london?page=13,2025-06-13 21:09:51,13
https://www.foxtons.co.uk/properties-for-sale/wd24/chpk6119459,https://www.foxtons.co.uk/houses-for-sale/london?page=12,2025-06-13 21:09:46,12
https://www.foxtons.co.uk/properties-for-sale/wd24/chpk6120754,https://www.foxtons.co.uk/houses-for-sale/london?page=12,2025-06-13 21:09:46,12
https://www.foxtons.co.uk/properties-for-sale/wd24/chpk6124003,https://www.foxtons.co.uk/houses-for-sale/london?page=9,2025-06-13 21:07:22,9
https://www.foxtons.co.uk/properties-for-sale/wd24/chpk6127212,https://www.foxtons.co.uk/houses-for-sale/london?page=9,2025-06-13 21:07:22,9
https://www.foxtons.co.uk/properties-for-sale/wd24/chpk6146124,https://www.foxtons.co.uk/flats-for-sale/london?page=50,2025-06-13 21:15:33,50
https://www.foxtons.co.uk/properties-for-sale/wd24/chpk6146127,https://www.foxtons.co.uk/flats-for-sale/london?page=53,2025-06-13 21:17:34,53
https://www.foxtons.co.uk/properties-for-sale/wd24/nwca5219207,https://www.foxtons.co.uk/flats-for-sale/london?page=44,2025-06-13 21:13:59,44
https://www.foxtons.co.uk/properties-for-sale/wd24/nwca5219214,https://www.foxtons.co.uk/flats-for-sale/london?page=25,2025-06-13 21:12:13,25
https://www.foxtons.co.uk/properties-for-sale/wd24/nwca5224003,https://www.foxtons.co.uk/flats-for-sale/london?page=50,2025-06-13 21:15:33,50
https://www.foxtons.co.uk/properties-for-sale/wd24/nwca6204508,https://www.foxtons.co.uk/flats-for-sale/london?page=42,2025-06-13 21:13:48,42
https://www.foxtons.co.uk/properties-for-sale/wd24/stan5271127,https://www.foxtons.co.uk/flats-for-sale/london?page=52,2025-06-13 21:17:29,52
https://www.foxtons.co.uk/properties-for-sale/wd25/chpk5578979,https://www.foxtons.co.uk/flats-for-sale/london?page=53,2025-06-13 21:17:34,53
https://www.foxtons.co.uk/properties-for-sale/wd25/chpk5579686,https://www.foxtons.co.uk/flats-for-sale/london?page=55,2025-06-13 21:17:48,55
https://www.foxtons.co.uk/properties-for-sale/wd25/chpk5625676,https://www.foxtons.co.uk/flats-for-sale/london?page=54,2025-06-13 21:17:43,54
https://www.foxtons.co.uk/properties-for-sale/wd25/chpk5714684,https://www.foxtons.co.uk/flats-for-sale/london?page=45,2025-06-13 21:14:05,45
https://www.foxtons.co.uk/properties-for-sale/wd25/chpk5715805,https://www.foxtons.co.uk/houses-for-sale/london?page=9,2025-06-13 21:07:22,9
https://www.foxtons.co.uk/properties-for-sale/wd25/chpk6098244,https://www.foxtons.co.uk/houses-for-sale/london?page=12,2025-06-13 21:09:46,12
https://www.foxtons.co.uk/properties-for-sale/wd25/chpk6110273,https://www.foxtons.co.uk/houses-for-sale/london?page=13,2025-06-13 21:09:51,13
https://www.foxtons.co.uk/properties-for-sale/wd25/chpk6110862,https://www.foxtons.co.uk/houses-for-sale/london?page=11,2025-06-13 21:09:41,11
https://www.foxtons.co.uk/properties-for-sale/wd25/chpk6113222,https://www.foxtons.co.uk/houses-for-sale/london?page=9,2025-06-13 21:07:22,9
https://www.foxtons.co.uk/properties-for-sale/wd25/chpk6114886,https://www.foxtons.co.uk/properties-for-sale/london?page=22,2025-06-13 21:20:21,22
https://www.foxtons.co.uk/properties-for-sale/wd25/chpk6116919,https://www.foxtons.co.uk/houses-for-sale/london?page=12,2025-06-13 21:09:46,12
https://www.foxtons.co.uk/properties-for-sale/wd25/chpk6117591,https://www.foxtons.co.uk/properties-for-sale/london?page=22,2025-06-13 21:20:21,22
https://www.foxtons.co.uk/properties-for-sale/wd25/chpk6118218,https://www.foxtons.co.uk/houses-for-sale/london?page=12,2025-06-13 21:09:46,12
https://www.foxtons.co.uk/properties-for-sale/wd25/chpk6119693,https://www.foxtons.co.uk/flats-for-sale/london?page=45,2025-06-13 21:14:05,45
https://www.foxtons.co.uk/properties-for-sale/wd25/chpk6119767,https://www.foxtons.co.uk/houses-for-sale/london?page=12,2025-06-13 21:09:46,12
https://www.foxtons.co.uk/properties-for-sale/wd25/chpk6120169,https://www.foxtons.co.uk/flats-for-sale/london?page=45,2025-06-13 21:14:05,45
https://www.foxtons.co.uk/properties-for-sale/wd25/chpk6121496,https://www.foxtons.co.uk/houses-for-sale/london?page=11,2025-06-13 21:09:41,11
https://www.foxtons.co.uk/properties-for-sale/wd25/chpk6122568,https://www.foxtons.co.uk/flats-for-sale/london?page=54,2025-06-13 21:17:43,54
https://www.foxtons.co.uk/properties-for-sale/wd25/chpk6122780,https://www.foxtons.co.uk/houses-for-sale/london?page=11,2025-06-13 21:09:41,11
https://www.foxtons.co.uk/properties-for-sale/wd25/chpk6123448,https://www.foxtons.co.uk/houses-for-sale/london?page=12,2025-06-13 21:09:46,12
https://www.foxtons.co.uk/properties-for-sale/wd25/chpk6123466,https://www.foxtons.co.uk/houses-for-sale/london?page=6,2025-06-13 21:06:25,6
https://www.foxtons.co.uk/properties-for-sale/wd25/chpk6123710,https://www.foxtons.co.uk/houses-for-sale/london?page=13,2025-06-13 21:09:51,13
https://www.foxtons.co.uk/properties-for-sale/wd25/chpk6124514,https://www.foxtons.co.uk/houses-for-sale/london?page=11,2025-06-13 21:09:41,11
https://www.foxtons.co.uk/properties-for-sale/wd25/chpk6172191,https://www.foxtons.co.uk/houses-for-sale/london?page=12,2025-06-13 21:09:46,12
https://www.foxtons.co.uk/properties-for-sale/wd25/chpk6205565,https://www.foxtons.co.uk/houses-for-sale/london?page=12,2025-06-13 21:09:46,12
https://www.foxtons.co.uk/properties-for-sale/wd25/nwca6204948,https://www.foxtons.co.uk/flats-for-sale/london?page=45,2025-06-13 21:14:05,45
https://www.foxtons.co.uk/properties-for-sale/wd25/nwca6204949,https://www.foxtons.co.uk/flats-for-sale/london?page=35,2025-06-13 21:13:07,35
https://www.foxtons.co.uk/properties-for-sale/wd25/nwca6205750,https://www.foxtons.co.uk/flats-for-sale/london?page=25,2025-06-13 21:12:13,25
https://www.foxtons.co.uk/properties-for-sale/wd25/ptny5266891,https://www.foxtons.co.uk/flats-for-sale/london?page=47,2025-06-13 21:14:29,47
https://www.foxtons.co.uk/properties-for-sale/wd5/chpk5533235,https://www.foxtons.co.uk/flats-for-sale/london?page=53,2025-06-13 21:17:34,53
https://www.foxtons.co.uk/properties-for-sale/wd5/chpk5533239,https://www.foxtons.co.uk/flats-for-sale/london?page=47,2025-06-13 21:14:29,47
https://www.foxtons.co.uk/properties-for-sale/wd5/chpk5533260,https://www.foxtons.co.uk/flats-for-sale/london?page=52,2025-06-13 21:17:29,52
https://www.foxtons.co.uk/properties-for-sale/wd6/chpk3812325,https://www.foxtons.co.uk/properties-for-sale/london?page=11,2025-06-13 21:19:16,11
